logFC	logCPM	F	PValue	FDR
TGME49_chrVIII:5312363:5312474:clu_1559_NA	-1.56361297692659	11.9531789545113	774.536236052043	8.60722587602505e-24	2.09504096873545e-20
TGME49_chrVIII:2899954:2901357:clu_1464_NA	-4.37093838431378	8.26204539223035	760.135762007981	1.15270479710341e-23	2.09504096873545e-20
TGME49_chrIX:2657657:2657893:clu_1795_NA	-1.11382272479738	13.5363536072713	551.632646832491	1.4402832986439e-21	1.47752998085079e-18
TGME49_chrIX:2154802:2155161:clu_1770_NA	-2.3616447138936	9.13323684419916	547.18801466692	1.62589268869413e-21	1.47752998085079e-18
TGME49_chrVIIa:1019679:1020860:clu_891_NA	-1.66788961753748	10.6173471576462	479.846009352468	1.15114952166662e-20	8.36885702251631e-18
TGME49_chrX:6248310:6248922:clu_2236_NA	-2.01823068531117	9.47333804273419	470.568620890959	1.53816409124561e-20	9.31871078612968e-18
TGME49_chrVIIa:3911021:3911235:clu_1042_NA	-4.4178888405679	7.75090882083203	456.358676095847	2.46075421045602e-20	1.27783450785823e-17
TGME49_chrVIII:6796719:6797500:clu_1639_NA	-0.973348476584987	13.3072705451642	432.298053045719	5.39383698546909e-20	2.45082468027252e-17
TGME49_chrVIIb:3115308:3116281:clu_1248_NA	-1.21228876725963	11.4704658161481	383.85776051268	3.09173630278745e-19	1.24871794007027e-16
TGME49_chrIb:713358:713699:clu_135_NA	-1.40666271315361	10.6335749472796	375.775834912002	4.21990884571885e-19	1.5339368654188e-16
TGME49_chrVIIa:1731780:1731884:clu_929_NA	-0.916597920915603	12.7543301270589	324.135947399973	3.61138475312678e-18	1.19339850705599e-15
TGME49_chrX:870984:871226:clu_1972_NA	-0.780594148827677	15.5724805304778	315.209926404395	5.40149350772159e-18	1.63620240838066e-15
TGME49_chrVIII:2215932:2216660:clu_1423_NA	-3.57914849557227	7.17987288290021	305.775248752306	8.43997596850292e-18	2.35994712657755e-15
TGME49_chrXII:246743:248174:clu_2600_NA	-2.09649276979192	8.29052033134275	287.533922005808	2.01819427267983e-17	5.24009727227941e-15
TGME49_chrVIII:2215135:2215463:clu_1422_NA	-5.69186093288023	6.23448394939568	268.26153800014	2.20638048273638e-17	5.34679536983116e-15
TGME49_chrVIII:6625076:6625396:clu_1628_NA	-2.60499052720447	7.55860103197112	284.222262308932	2.38339873013948e-17	5.41478399003564e-15
TGME49_chrIII:376645:377387:clu_348_NA	-3.12815005254947	7.12634776343279	277.486594690065	3.36633194781663e-17	7.19800978253732e-15
TGME49_chrIX:3381980:3382413:clu_1836_NA	-0.992078594938219	11.8677027375834	271.800774133066	4.49580413610543e-17	9.07902668596847e-15
TGME49_chrVIIa:1732102:1732213:clu_930_NA	-0.84769748298091	12.7464103034098	255.327759250336	1.0892589639385e-16	2.08126509341677e-14
TGME49_chrXI:3804517:3804877:clu_2433_NA	-1.19598654664307	10.0255440517592	254.424346202596	1.14512522333798e-16	2.08126509341677e-14
TGME49_chrIX:3521200:3521671:clu_1844_NA	-1.22655489338049	10.0606417971799	250.207377458602	1.44919198539575e-16	2.50848231757788e-14
TGME49_chrVIIa:1732520:1732713:clu_931_NA	-0.875113850825206	12.7568071348292	239.625364800279	2.65879796967607e-16	4.39305937262387e-14
TGME49_chrIa:698457:698890:clu_38_NA	-0.95396813204498	11.136219103074	231.693105906772	4.25715871840413e-16	6.47199404825097e-14
TGME49_chrVIIb:3114572:3114994:clu_1247_NA	-0.927961256564029	11.6658911574261	231.630975275587	4.27311849127987e-16	6.47199404825097e-14
TGME49_chrVIIa:3007483:3008182:clu_1002_NA	-1.18403618001001	9.71525028503429	218.782819091883	9.45098624621123e-16	1.37417340019911e-13
TGME49_chrIa:702984:703331:clu_41_NA	-0.905922403155628	11.2257997947766	216.672060028729	1.08090613381636e-15	1.51118992170095e-13
TGME49_chrIa:697676:698235:clu_37_NA	-0.919859907026195	11.4082166875619	213.607908239862	1.31629356271968e-15	1.77212114832816e-13
TGME49_chrIa:698947:699255:clu_38_NA	-0.869183646124549	11.4202917161337	209.37193052603	1.73550914437662e-15	2.2530627642175e-13
TGME49_chrV:1149893:1151229:clu_593_NA	-1.38822155546514	9.391775749782	205.758452778854	2.20581130277373e-15	2.7648703743388e-13
TGME49_chrIII:943313:943629:clu_374_NA	-1.80980370954418	8.2289223109446	204.756916838407	2.35925993080187e-15	2.76917648822682e-13
TGME49_chrIa:703441:703665:clu_41_NA	-0.81988636064294	11.6434317583955	204.402542110528	2.41559753515573e-15	2.76917648822682e-13
TGME49_chrIa:699562:699991:clu_39_NA	-0.787530913098129	11.9031096860006	204.266568759048	2.43778948069487e-15	2.76917648822682e-13
TGME49_chrIX:4396383:4396704:clu_1877_NA	-0.756536026384722	12.4987486307496	197.943597478681	3.7521183492838e-15	4.13301521201412e-13
TGME49_chrVIIa:3796461:3797226:clu_1034_NA	-3.28398003967913	6.57321867495485	196.379712811959	4.24602880902157e-15	4.53950432964512e-13
TGME49_chrX:6606297:6606651:clu_2253_NA	-0.711845034216132	12.8544756739127	191.786068256134	5.77710011211307e-15	5.99993111643743e-13
TGME49_chrVIII:2219033:2219190:clu_1424_NA	-1.21150463783203	9.45602434897316	186.175983343907	8.65126674145748e-15	8.73537627922165e-13
TGME49_chrIa:702670:702886:clu_40_NA	-0.87623896302858	11.2016168459271	185.034243152483	9.40376648780928e-15	9.05153906515816e-13
TGME49_chrVIIa:3796812:3797226:clu_1034_NA	-0.707736233573509	12.3811576682661	184.949416131733	9.46240672561238e-15	9.05153906515816e-13
TGME49_chrIX:244906:245564:clu_1679_NA	-7.34491315896717	5.58165326023679	169.804210784664	1.56506121948143e-14	1.45595845917477e-12
TGME49_chrVIIa:3006764:3006993:clu_1000_NA	-1.06040253385922	9.93391493287457	177.885167469242	1.60215511325971e-14	1.45595845917477e-12
TGME49_chrXI:5899188:5899477:clu_2530_NA	-9.15657159486534	5.80609910419005	202.418677977625	1.67837718788367e-14	1.45922910852133e-12
TGME49_chrIb:712831:713236:clu_134_NA	-0.972213996724123	11.0213036872798	177.21280148502	1.6860418860494e-14	1.45922910852133e-12
TGME49_chrVIII:5661444:5662238:clu_1574_NA	-5.30090670446752	5.47173562790135	160.745947244825	1.75974225604661e-14	1.48759606993707e-12
TGME49_chrXI:5898581:5898888:clu_2529_NA	-8.92548052768809	5.59285768975124	199.271813150339	2.04385069018604e-14	1.68849937700596e-12
TGME49_chrVIII:6105959:6106571:clu_1598_NA	-2.08175565283941	7.5968090193654	169.242727864242	3.12981091364174e-14	2.52819170468616e-12
TGME49_chrVI:1705474:1705792:clu_770_NA	-1.78404205445193	8.55836534902576	168.693996832784	3.26740791490369e-14	2.58196255884237e-12
TGME49_chrIX:865807:865912:clu_1707_NA	1.93488405690902	8.54225303046922	166.739268763411	3.81832541727916e-14	2.91579662335043e-12
TGME49_chrXI:2983377:2983814:clu_2408_NA	-2.19057340943434	7.27719806834018	166.645047387764	3.85029540359892e-14	2.91579662335043e-12
TGME49_chrIX:245578:246932:clu_1679_NA	-8.98853361345184	5.65002210069568	188.285726367995	4.15628315163734e-14	3.08328352167382e-12
TGME49_chrX:108746:114795:clu_1947_NA	-5.43203471757273	6.00048045140446	154.90108662205	5.41673022001571e-14	3.93796286995142e-12
TGME49_chrVIIb:855164:856098:clu_1131_NA	-0.8773576769281	10.5408630236326	161.142449489229	6.01579325270929e-14	4.28772715168594e-12
TGME49_chrXI:6561377:6561656:clu_2569_NA	-2.40299596501188	7.0040614504059	159.903443446736	6.67656646791639e-14	4.58211803170811e-12
TGME49_chrXI:6530876:6531890:clu_2566_NA	-2.75411144366093	6.69457252114951	159.929518374363	6.6809423846088e-14	4.58211803170811e-12
TGME49_chrIX:866028:866177:clu_1708_NA	1.99157450869416	8.27268381684925	158.496759729706	7.49475299069317e-14	5.0450790965129e-12
TGME49_chrX:872112:872862:clu_1973_NA	-4.0255026985003	5.92876007074299	155.704416828649	9.82177465812951e-14	6.49130016041832e-12
TGME49_chrXII:7080436:7080912:clu_2949_NA	-7.04385830483746	5.31415542049543	146.357735569626	1.1932553724314e-13	7.74550585497881e-12
TGME49_chrIX:866276:866384:clu_1708_NA	2.21396926760976	8.03366639331107	152.520406939084	1.24528899743338e-13	7.941448255562e-12
TGME49_chrVIIa:3912850:3913053:clu_1043_NA	-1.00476236343016	9.78849650589247	147.999560188641	1.84811467734166e-13	1.14297219949323e-11
TGME49_chrVIIa:3913774:3914442:clu_1044_NA	-0.996998650944053	9.84407343426964	147.956516758192	1.8551680817084e-13	1.14297219949323e-11
TGME49_chrVI:1815019:1815511:clu_779_NA	-1.24637080296165	8.94140076216596	147.085795519318	2.00429065467439e-13	1.21228512584224e-11
TGME49_chrXI:2993014:2993269:clu_2410_NA	-4.99172268253421	5.61456873327974	140.480324545998	2.03437118779579e-13	1.21228512584224e-11
TGME49_chrIa:701978:702603:clu_40_NA	-0.770563677453653	11.6960198168436	145.92587598764	2.2227862383418e-13	1.30319806070523e-11
TGME49_chrVIII:1647218:1647679:clu_1396_NA	2.73424848541015	7.64096836004504	145.424461913139	2.32788820003399e-13	1.34315454081326e-11
TGME49_chrVIII:2895744:2895988:clu_1460_NA	-8.67752519699288	5.36873535400902	163.011146821985	2.46647114394588e-13	1.40087853253801e-11
TGME49_chrXI:6543359:6544343:clu_2567_NA	-1.73901918503562	8.15160191830099	143.964302908219	2.65269389750352e-13	1.47407517368588e-11
TGME49_chrII:110428:111322:clu_202_NA	-1.41649204036325	8.4278589374072	143.865083198996	2.67645010903077e-13	1.47407517368588e-11
TGME49_chrII:1422668:1423167:clu_272_NA	1.69517535640317	8.52548060167507	142.814776224968	2.94457523834259e-13	1.59754193901124e-11
TGME49_chrVIIa:3861608:3862009:clu_1036_NA	-6.94701189007707	5.22817852939443	135.421405722185	3.38231887996104e-13	1.80804840127329e-11
TGME49_chrX:3951294:3951604:clu_2130_NA	-0.717903965385877	11.2016176423145	141.121090846509	3.43837544000514e-13	1.8113760470172e-11
TGME49_chrII:1421953:1422452:clu_272_NA	1.73548759969217	8.49763624283672	140.883366804294	3.51494389086354e-13	1.82526014904128e-11
TGME49_chrX:2040016:2040371:clu_2033_NA	-1.376217573263	8.53718954106407	140.685624475701	3.57950255567297e-13	1.83260447744665e-11
TGME49_chrX:5799805:5800038:clu_2209_NA	-3.66812895435748	6.09115779705265	140.86118071194	3.68052855918434e-13	1.85815573786598e-11
TGME49_chrIX:4406321:4407078:clu_1878_NA	-0.904258842511932	10.0886222540411	140.001355660937	3.81303012633926e-13	1.89868006975934e-11
TGME49_chrXII:6961300:6961752:clu_2934_NA	-3.87463997384951	5.80412896773719	139.194039160991	4.24624746288645e-13	2.08582561183679e-11
TGME49_chrIX:2142533:2142630:clu_1769_NA	-2.59237812453737	6.74873926184646	138.603466252981	4.35587504187851e-13	2.10360645632446e-11
TGME49_chrXII:240068:241618:clu_2597_NA	-1.82437243935094	8.14710986604009	138.469656686731	4.39818681377328e-13	2.10360645632446e-11
TGME49_chrX:85621:86251:clu_1938_NA	-2.57969812703209	6.63334611948168	138.32573837123	4.47324905805916e-13	2.11172212026559e-11
TGME49_chrIa:705021:706181:clu_42_NA	-2.91142127373228	6.35170793339153	135.648625864729	5.796515763401e-13	2.70132497435418e-11
TGME49_chrXII:7079587:7080354:clu_2948_NA	-4.68557401425812	5.35485759945498	128.711676812404	6.51670674948991e-13	2.9985100043539e-11
TGME49_chrX:4441048:4441549:clu_2154_NA	-3.11616309198021	6.27393994095721	134.114473063516	6.75384669512492e-13	3.06877909209739e-11
TGME49_chrIX:1051241:1051588:clu_1730_NA	-1.12002796810489	9.81663295260659	133.499822579446	7.04770926910133e-13	3.16276829545473e-11
TGME49_chrIII:378647:378974:clu_350_NA	-1.93473379262729	7.59121414706895	132.139261477831	8.042397836253e-13	3.56513611399752e-11
TGME49_chrXI:5967354:5968072:clu_2540_NA	-1.35027860546881	8.60786707891912	131.906658016858	8.22361774670726e-13	3.60154825413023e-11
TGME49_chrVIII:2214263:2215067:clu_1421_NA	-1.23088534682155	9.08503032763031	131.349385912206	8.68232899398931e-13	3.75717451108942e-11
TGME49_chrVIIb:3434533:3435066:clu_1267_NA	-0.799265523597346	10.8632925166825	130.706465058633	9.24549808536515e-13	3.95381006356498e-11
TGME49_chrIb:1763655:1764419:clu_185_NA	-1.88933281946993	7.3067218755	128.296670417612	1.17363323001501e-12	4.96064743151695e-11
TGME49_chrIII:1101927:1102312:clu_383_NA	-0.862774802830298	10.1364884761849	126.645924780581	1.3835674098226e-12	5.76271501185335e-11
TGME49_chrX:2038698:2039245:clu_2032_NA	-1.19218073374997	8.9358120356959	126.563848335812	1.3951001954418e-12	5.76271501185335e-11
TGME49_chrX:84339:85549:clu_1937_NA	-2.93032700081339	6.30149859166644	126.35638480891	1.44038907671245e-12	5.86299571264704e-11
TGME49_chrX:944690:945285:clu_1981_NA	-2.84234432449043	6.23779317234603	126.279058917752	1.45163580230601e-12	5.86299571264704e-11
TGME49_chrVIII:6104524:6105029:clu_1597_NA	-2.33349682039004	6.79530352751348	125.630175868456	1.53581603084202e-12	6.13482557374807e-11
TGME49_chrIII:943713:944610:clu_375_NA	-0.837875881378275	10.1595493459933	125.274579975159	1.58909803018653e-12	6.27866449970438e-11
TGME49_chrX:102551:103045:clu_1946_NA	-8.46806664021263	5.18259229014699	138.927267287169	1.70293807221691e-12	6.65610741129942e-11
TGME49_chrVIII:6839109:6839365:clu_1656_NA	-2.53067841846936	6.49230077230331	124.492891222315	1.72768849845465e-12	6.68100818285388e-11
TGME49_chrV:1151321:1151904:clu_594_NA	-1.37023351006537	8.69408723319701	124.20260565962	1.77242795452463e-12	6.78186906810214e-11
TGME49_chrVIIa:1665304:1665993:clu_924_NA	-3.99373497739246	5.55692157593099	123.324652591302	1.86957963891388e-12	7.0790854035958e-11
TGME49_chrIII:1222922:1223209:clu_391_NA	-0.755393730932226	10.7171457018008	123.061725126142	1.99222623767043e-12	7.46571378755879e-11
TGME49_chrX:1656877:1657620:clu_2011_NA	-0.630226397035762	11.7135195499658	122.364561302661	2.14075289811941e-12	7.94044569863679e-11
TGME49_chrVIII:49543:50066:clu_1346_NA	1.31418217897593	8.96297432637245	121.417243683449	2.36184434198048e-12	8.67202442737276e-11
TGME49_chrXII:2001913:2002776:clu_2698_NA	-1.20631565122883	8.78662493861562	120.267368099837	2.66317874731172e-12	9.60295762542545e-11
TGME49_chrIX:5818292:5819165:clu_1920_NA	1.50326999669298	8.59212953455383	120.249573465122	2.66822206373582e-12	9.60295762542545e-11
TGME49_chrIII:398159:398361:clu_353_NA	-1.16949290216173	8.71985183178685	119.724394838211	2.81944657036476e-12	1.00477336110548e-10
TGME49_chrVIII:6105111:6105893:clu_1597_NA	-2.18725766753935	6.94492359596779	119.486385308543	2.89440634112269e-12	1.02147252912437e-10
TGME49_chrXI:6561739:6562447:clu_2569_NA	-2.46509057484951	6.5366635343703	118.610552702929	3.18182878428639e-12	1.11211034912318e-10
TGME49_chrXI:6601609:6602143:clu_2571_NA	-1.29133014669047	8.38935429634819	118.008000732968	3.38098638727351e-12	1.17046528740373e-10
TGME49_chrX:2039396:2039833:clu_2033_NA	-1.21159652939895	8.64952675186079	117.727651777942	3.48340518312522e-12	1.19454507930756e-10
TGME49_chrVI:1037003:1037220:clu_731_NA	-5.81283166477851	5.32807941802237	102.371570687782	3.96709973916173e-12	1.34770164036008e-10
KE139819:14589:15966:clu_2978_NA	-3.71737694343036	5.75347238405883	115.228215283815	4.7153575597593e-12	1.58706710460417e-10
TGME49_chrVIIb:2749503:2749631:clu_1224_NA	-0.803187558289449	11.0039523402697	114.092619863029	5.15697452255848e-12	1.71978003573395e-10
TGME49_chrXI:5963230:5963674:clu_2538_NA	-1.05932012649319	9.25428819840827	113.783247198484	5.33472650338015e-12	1.76017824073316e-10
TGME49_chrXII:5027296:5027867:clu_2836_NA	-1.51936613570052	7.97815181200098	113.71581982296	5.37495968972163e-12	1.76017824073316e-10
TGME49_chrVI:1812885:1813457:clu_778_NA	-5.93659718756575	5.0040017950362	99.3306188207002	5.71112414417467e-12	1.85356573786383e-10
TGME49_chrXI:5718928:5719666:clu_2519_NA	-2.38254745711391	6.73210750201413	112.256254932253	6.32448780127738e-12	2.03447019094188e-10
TGME49_chrIV:1731667:1732119:clu_502_NA	2.57221451588521	7.36328797818857	111.852055373414	6.60916825529376e-12	2.10739707087656e-10
TGME49_chrV:2981379:2981719:clu_669_NA	-0.966210749422894	9.2770954776466	111.609297804434	6.78143015993371e-12	2.14352162011818e-10
TGME49_chrIX:866541:866640:clu_1708_NA	1.86609904323434	8.29139626206529	111.319803419842	7.00432465057722e-12	2.19488966421105e-10
TGME49_chrXI:5963706:5964457:clu_2539_NA	-1.02216262131046	9.28961502664941	111.075641776564	7.19692404524387e-12	2.23596742773175e-10
TGME49_chrXII:3343553:3344208:clu_2756_NA	-3.97590901618596	5.63602816223883	109.009685186519	8.98656668531092e-12	2.76831948314451e-10
TGME49_chrX:109980:114795:clu_1947_NA	-4.69827937990283	5.18224495420502	103.335803970839	9.22498553412212e-12	2.81788423668352e-10
TGME49_chrIII:1758696:1759102:clu_406_NA	-1.45510067084444	7.90848202439713	108.503747419321	9.61731355636855e-12	2.89324191761378e-10
TGME49_chrIX:3227266:3227897:clu_1816_NA	-1.57708862846642	7.58084069062841	108.492276379838	9.63087405863184e-12	2.89324191761378e-10
TGME49_chrIII:1289035:1290455:clu_394_NA	-1.10957647523934	8.67901701095344	107.035551440036	1.13736018158453e-11	3.38877398365555e-10
TGME49_chrIII:943713:943996:clu_375_NA	-1.28254470882854	8.22907178568271	106.655516211031	1.18824830458742e-11	3.51161185949208e-10
TGME49_chrX:872479:872862:clu_1973_NA	-4.66205035509948	5.15070810477396	101.038061206599	1.22663963463111e-11	3.5958347353904e-10
TGME49_chrX:5472052:5472374:clu_2189_NA	-5.07155649714317	5.0218089805963	96.3897640805417	1.27315261904648e-11	3.70232781618716e-10
TGME49_chrXII:3337290:3337701:clu_2754_NA	-8.16064034681162	4.91542954597564	115.572292941661	1.4797938126163e-11	4.26908770544465e-10
TGME49_chrIX:865575:865692:clu_1707_NA	1.76535309294054	8.00637938066021	103.546731105313	1.70742472118803e-11	4.88699910355786e-10
TGME49_chrVIII:50167:50353:clu_1346_NA	1.4461360201758	8.5849378911662	102.770688517309	1.87136979253200e-11	5.31439780926081e-10
TGME49_chrVIII:1647765:1648534:clu_1396_NA	2.77308140511346	6.98342815609589	102.730288896154	1.8871133601823e-11	5.3175636157075e-10
TGME49_chrV:2982903:2983817:clu_670_NA	-1.01956700983238	8.90627940361477	102.346691514132	1.9679987401777e-11	5.5028272465738e-10
TGME49_chrIII:1223349:1223779:clu_391_NA	-0.708435575285435	10.7551564969866	101.904479591638	2.07442886731926e-11	5.75614422343933e-10
TGME49_chrVIIb:640291:640793:clu_1110_NA	-2.33465855297836	6.46724389965688	101.506943810054	2.18165351720725e-11	6.00781101140027e-10
TGME49_chrIII:949577:949796:clu_377_NA	-0.655503741586658	10.7463020760853	100.851535112891	2.35351439156853e-11	6.42785407016152e-10
TGME49_chrIX:3227948:3228384:clu_1816_NA	-1.39192023684549	7.93470381025643	100.796241514664	2.36955280715721e-11	6.42785407016152e-10
TGME49_chrXI:5903170:5903607:clu_2531_NA	-2.86614913900183	5.98014489295961	100.646325023177	2.45232657940175e-11	6.60311638231508e-10
TGME49_chrIV:1733853:1734254:clu_503_NA	-1.73706972739963	7.17962164881456	100.305791803516	2.51487233584317e-11	6.72173598587494e-10
TGME49_chrVIII:2895744:2896156:clu_1460_NA	-8.09508049812067	4.85945704327251	109.919959916005	2.63366340531267e-11	6.9878587432931e-10
TGME49_chrVIII:3419433:3419882:clu_1484_NA	-5.2779823086645	4.87798046600744	87.5687551921897	3.15702746474142e-11	8.3157933582138e-10
TGME49_chrX:5803456:5803680:clu_2210_NA	-4.05623867220743	5.15115891718761	95.5940674449073	3.62924150169741e-11	9.49085817170509e-10
TGME49_chrX:102423:114795:clu_1947_NA	-2.06892142419336	7.42677610668353	97.1531519758427	3.69839193086988e-11	9.60261047765143e-10
TGME49_chrXI:1984515:1984860:clu_2370_NA	-2.1139702431536	7.10247083211645	97.0932645036854	3.72707187416123e-11	9.60844415785536e-10
TGME49_chrIX:607197:607529:clu_1686_NA	-6.39708460144319	4.76048103999011	93.5607004747868	3.86580409972482e-11	9.89591401584487e-10
TGME49_chrVIIb:3221060:3221397:clu_1255_NA	1.44359482740018	8.31100152147633	96.276779778202	4.12251895424796e-11	1.04792702088751e-09
TGME49_chrVI:1815617:1816860:clu_780_NA	-1.155529219381	8.6525289444439	95.7236938481612	4.41742013593723e-11	1.11509181903693e-09
TGME49_chrIX:244906:246932:clu_1679_NA	-8.00195924272674	4.78093364348371	103.070029014453	5.47244777558134e-11	1.37188604580953e-09
TGME49_chrIII:398495:398650:clu_353_NA	-1.11186723129451	8.60980711227217	93.8490924477912	5.59653823311456e-11	1.39338469023092e-09
TGME49_chrIII:400955:401308:clu_354_NA	-1.82515553689731	6.95608629239874	93.084154437803	6.17408358450756e-11	1.52672066868605e-09
TGME49_chrX:3051126:3051362:clu_2091_NA	-2.73529607174088	6.06696414682176	93.023546504557	6.28412010454511e-11	1.54177104993114e-09
TGME49_chrVIIb:4556459:4556726:clu_1312_NA	1.11034076805804	9.39627856926586	92.896723499915	6.31977679339036e-11	1.54177104993114e-09
TGME49_chrVIIa:3007117:3007314:clu_1001_NA	-0.717393770773274	10.1149865548782	92.7603523890174	6.43116690394197e-11	1.55848611305527e-09
TGME49_chrXII:7080049:7080354:clu_2948_NA	-6.37137234725572	4.73983531024808	89.1442790682993	6.97368520101108e-11	1.67876461626989e-09
TGME49_chrX:3052833:3053517:clu_2092_NA	-5.04952422415284	5.00453552649011	83.4084078397928	8.08546936576792e-11	1.93359744372147e-09
TGME49_chrV:1172482:1173447:clu_598_NA	3.36080355199111	6.70333288398181	90.9359492481763	8.23674443440276e-11	1.95689973980745e-09
TGME49_chrIX:5107759:5108103:clu_1900_NA	-0.884383321765406	9.42059374761616	90.6685727492117	8.43040405762379e-11	1.98990381490016e-09
TGME49_chrV:3103441:3103695:clu_676_NA	-4.69706932442332	4.96940833059036	84.5415140908391	9.05833335885635e-11	2.12432527480276e-09
TGME49_chrIII:949086:949450:clu_376_NA	-0.592004955338187	11.3249655635741	89.954532661718	9.25615134161543e-11	2.15680193120334e-09
TGME49_chrX:111137:113606:clu_1948_NA	-6.42047055138388	4.78040656917872	86.9431226572725	9.43509430331263e-11	2.18449476385614e-09
TGME49_chrIX:3382506:3382669:clu_1836_NA	-3.25338336144798	5.53146371332204	89.6163679430484	9.99321928472339e-11	2.29907291771959e-09
TGME49_chrV:1214369:1214573:clu_603_NA	-4.60498759354898	4.89664356875898	83.6013196219402	1.03937013712166e-10	2.37617009335676e-09
TGME49_chrVIII:5807631:5808048:clu_1584_NA	-4.13281377206799	5.34035577013859	88.0038876992214	1.0468419082401e-10	2.37829396028299e-09
TGME49_chrV:1153556:1154306:clu_595_NA	-0.64167029908299	11.1520660592515	88.7214038951652	1.08919625555739e-10	2.45357792559449e-09
TGME49_chrX:4327886:4328119:clu_2146_NA	-5.71373253484816	4.8209292586121	79.2619768782071	1.09347902048503e-10	2.45357792559449e-09
TGME49_chrVIII:6839468:6839944:clu_1656_NA	-4.38779069164951	4.93228337611025	84.377677737923	1.1453460666804e-10	2.55419199532714e-09
TGME49_chrXI:6531405:6531890:clu_2566_NA	-4.23570064130226	5.15108077887875	85.9062762076499	1.20539724330555e-10	2.6717188898876e-09
TGME49_chrVIII:2201322:2202026:clu_1419_NA	-4.36548054547601	4.91498274407265	83.0440278990921	1.38875139159043e-10	3.05946139904921e-09
TGME49_chrVIII:3700226:3700321:clu_1493_NA	2.70952158814511	6.92594762860437	86.5778513214984	1.45580073010621e-10	3.17030073427762e-09
TGME49_chrV:6736:7094:clu_543_NA	-3.13508874383628	5.50729450487498	86.7615932769698	1.4613299126454e-10	3.17030073427762e-09
TGME49_chrIa:1443411:1443985:clu_76_NA	-5.10650217810704	4.73982535860818	77.6545602778949	1.46522839988622e-10	3.17030073427762e-09
TGME49_chrVIII:2897011:2897506:clu_1461_NA	-7.87687103943864	4.67662711135203	93.9921954142796	1.53419438402372e-10	3.29987963664274e-09
TGME49_chrIX:5109025:5109371:clu_1901_NA	-0.716475167116976	10.1603383588062	85.7510972253095	1.62333548878687e-10	3.4710732363178e-09
TGME49_chrVIIb:2965353:2965877:clu_1237_NA	-1.85798041269219	7.05519292906792	85.6063886078255	1.65657688068383e-10	3.52143681946533e-09
TGME49_chrVIIa:2440381:2440813:clu_978_NA	-1.18504928670759	8.65925336410079	85.4843537543002	1.68348176047061e-10	3.55782337169224e-09
TGME49_chrV:2981863:2982714:clu_669_NA	-0.936166568793705	9.00010873256395	85.4324444193311	1.69541692057343e-10	3.56233555276556e-09
TGME49_chrXII:3349397:3349958:clu_2757_NA	-1.54867629216245	7.44503298796418	84.4163595585901	1.94915550349463e-10	4.07194267540401e-09
TGME49_chrVIIa:1566956:1567422:clu_921_NA	-0.870459460211063	9.20025389616494	84.2667091306842	1.98929600976271e-10	4.1320519974214e-09
TGME49_chrVIII:6622098:6623042:clu_1627_NA	-5.1331154278909	4.76063983933583	75.4262297836076	2.10780177002668e-10	4.35332922389033e-09
TGME49_chrXII:1999139:1999990:clu_2697_NA	-1.1073873529479	8.54274146053163	83.7438908352964	2.13833801998168e-10	4.39144559470813e-09
TGME49_chrVIIb:4557208:4557330:clu_1313_NA	1.09127169186467	8.85435683081807	83.5351229749485	2.20108557300224e-10	4.49491351565344e-09
TGME49_chrIV:1171227:1171614:clu_477_NA	-2.4656175668659	6.06396217970488	83.1174759353781	2.34762351753233e-10	4.76738071856426e-09
TGME49_chrIb:688001:688746:clu_130_NA	-4.09285466563637	5.03705854410981	80.9949183055355	2.41714825277908e-10	4.88129661047331e-09
TGME49_chrXII:3337856:3338160:clu_2755_NA	-7.90221506434786	4.69783267182001	89.9985140991731	2.47492939966602e-10	4.97036926397016e-09
TGME49_chrX:5804115:5804521:clu_2212_NA	-4.11106202001839	4.89567991337681	79.9672599367784	2.52557445418956e-10	5.04421051702146e-09
TGME49_chrXI:4152756:4152918:clu_2445_NA	-1.12974562632507	8.16470772853667	82.0704245736604	2.70062767643092e-10	5.36436153214557e-09
TGME49_chrX:5190430:5192349:clu_2177_NA	0.873235488412921	9.73829684555204	81.3944580396511	2.97043056275666e-10	5.86821472588068e-09
KE140006:530:951:clu_3000_NA	1.14969805986901	8.65643224677048	80.5224075333813	3.36194990063612e-10	6.60577723719583e-09
TGME49_chrIII:377914:378249:clu_349_NA	-1.45271557941196	7.70691600484825	80.3205498693198	3.46058702218778e-10	6.76302893852288e-09
TGME49_chrIX:1051199:1051588:clu_1730_NA	1.02595533262159	9.10710641615585	79.8932415152661	3.6781592524455e-10	7.13516320197117e-09
TGME49_chrVIIa:3934068:3935155:clu_1052_NA	-2.49671734245287	5.89797834638962	79.9351971302105	3.69026322412814e-10	7.13516320197117e-09
TGME49_chrXI:2992349:2992934:clu_2410_NA	-8.09329584846686	4.85860599393821	86.695780078894	3.72147920795027e-10	7.1574481062959e-09
TGME49_chrII:1775038:1775687:clu_291_NA	-0.663271406759654	10.2702412923711	79.3611865972584	3.97026684280305e-10	7.59574735452057e-09
TGME49_chrIII:944049:944610:clu_375_NA	-1.31699190081825	7.70937036782956	79.194027169822	4.06769615832774e-10	7.74140080393787e-09
TGME49_chrXII:241662:241927:clu_2598_NA	-4.7455650084389	4.75983753431462	72.8221631063361	4.27572601453097e-10	8.09492919938545e-09
TGME49_chrXII:6053109:6053815:clu_2895_NA	3.31543757753429	6.39374089111141	78.146735757113	4.77889600071412e-10	9.00066681999783e-09
TGME49_chrVIII:6016802:6017326:clu_1594_NA	-1.30629803631962	7.80910755992135	77.9870848514522	4.84579245912389e-10	9.07961628294605e-09
TGME49_chrVIIa:3861058:3861554:clu_1036_NA	-6.15398776054963	4.56434862259335	75.4487046451262	5.04200959218261e-10	9.36197662024863e-09
TGME49_chrVIII:6577507:6577764:clu_1624_NA	-2.26987238624482	6.07181495678909	77.7372175745761	5.04799839771315e-10	9.36197662024863e-09
TGME49_chrVIII:3700388:3700487:clu_1493_NA	2.38913190175258	7.00064580528677	77.4020604612163	5.28521272335686e-10	9.75215647177776e-09
TGME49_chrVIII:6015279:6015733:clu_1593_NA	-1.16269619916724	8.297126038931	77.2237277178244	5.41825969128849e-10	9.94715857466347e-09
TGME49_chrXI:3993657:3994777:clu_2438_NA	-1.20409447763452	7.98929252180031	76.554421449201	5.98003611113204e-10	1.09233322934497e-08
TGME49_chrVIIa:489373:489473:clu_870_NA	-0.527939104199679	11.350162166772	76.4939175097457	6.03323723557432e-10	1.09654086756563e-08
TGME49_chrIX:5369589:5369764:clu_1909_NA	-6.09473337671161	4.5164983365052	74.0851805800796	6.22760073277218e-10	1.12623525689686e-08
TGME49_chrXI:6499064:6500172:clu_2565_NA	-7.6817848965915	4.51700310862516	81.9074848902936	6.87093584730387e-10	1.23642830717572e-08
TGME49_chrVIII:5215778:5218217:clu_1553_NA	-0.842750499027852	9.41791461322361	75.2879300733962	7.21880532430448e-10	1.2926284410762e-08
TGME49_chrVIIa:1385460:1386455:clu_911_NA	-0.56674015309428	11.1136359926461	74.9518196678188	7.59150559443743e-10	1.35270209979314e-08
TGME49_chrIX:611526:611650:clu_1688_NA	0.852126959929105	9.38228474533729	74.67995595818	7.90818795165331e-10	1.40225674167121e-08
TGME49_chrVIII:669384:669632:clu_1367_NA	-0.755248477521286	9.47581636393398	74.276240414958	8.40449339485862e-10	1.48302589758792e-08
TGME49_chrX:1760785:1761540:clu_2019_NA	-1.03744070791966	8.61220348527692	74.0699349879823	8.67098114641056e-10	1.52246447314922e-08
TGME49_chrII:1424003:1424237:clu_273_NA	1.32066630590041	8.07211954626896	74.0392299822975	8.71176369780024e-10	1.52246447314922e-08
TGME49_chrX:12686:13145:clu_1931_NA	-7.65112981679403	4.49246431177948	79.8927204414432	8.96518576340195e-10	1.55925599282134e-08
TGME49_chrVI:1658806:1659183:clu_755_NA	-4.55018586618819	4.60994021240636	67.752537016799	1.0084531530198e-09	1.74558438629856e-08
TGME49_chrX:5800276:5800752:clu_2208_NA	-0.528217689644542	11.275813518861	72.9910127617987	1.02173701321659e-09	1.76019622893001e-08
TGME49_chrVIIa:3897013:3897264:clu_1040_NA	1.45345938461713	7.81176153791421	72.9198655598398	1.03304559735332e-09	1.77128337093364e-08
TGME49_chrXI:1983353:1984359:clu_2370_NA	-2.47278448061314	6.09674506731288	72.5302914754914	1.10237910553888e-09	1.88129016367786e-08
TGME49_chrXII:245772:246633:clu_2598_NA	-2.89609072850893	5.50615304063456	72.516285493792	1.12698462275894e-09	1.90132680681548e-08
TGME49_chrII:86947:91339:clu_197_NA	-0.681959160943151	10.1956441721682	72.3393770395959	1.12917123813416e-09	1.90132680681548e-08
TGME49_chrV:28607:29160:clu_548_NA	-2.30161948894891	6.14549669253063	72.3603099759458	1.1298118026744e-09	1.90132680681548e-08
TGME49_chrIX:2303262:2303526:clu_1777_NA	-2.17404440934378	6.08917540777939	71.9511860117686	1.20313139671263e-09	2.01538369910157e-08
TGME49_chrIX:5706453:5706741:clu_1917_NA	1.21437433568945	8.25859160408939	71.6511740904605	1.25587184032405e-09	2.09407988054032e-08
TGME49_chrVIII:6823075:6823576:clu_1650_NA	-2.53491400810049	5.71067875707275	71.5879667671775	1.28480644386833e-09	2.1325440289778e-08
TGME49_chrVIII:5212551:5214453:clu_1553_NA	-1.02546735747742	8.67502206545764	71.4422485136484	1.29720385942943e-09	2.14333455864818e-08
TGME49_chrXI:2672889:2673591:clu_2398_NA	-0.801593131281859	9.29587442762115	70.7756113985079	1.43914822498157e-09	2.36710579086335e-08
TGME49_chrXI:1982988:1983238:clu_2369_NA	-1.13318716308348	7.97703126038702	70.4701637166358	1.50972419655617e-09	2.47200335787463e-08
TGME49_chrXII:5450918:5451526:clu_2870_NA	-0.65200267302965	10.0347581559686	70.3362500924558	1.54165889076783e-09	2.51297312463724e-08
TGME49_chrIa:702930:703665:clu_41_NA	-2.8185342600763	5.55367680394325	70.3102828377642	1.58280349599404e-09	2.56852263747248e-08
TGME49_chrXI:2983937:2984544:clu_2409_NA	-0.833363768052822	9.10647591920461	69.9071559500543	1.64936552289797e-09	2.66464163365961e-08
TGME49_chrVIIa:3861106:3861554:clu_1036_NA	-7.55676502577546	4.41704857437714	75.2366668557065	1.69100989714124e-09	2.71107609621132e-08
TGME49_chrVIII:2298188:2298633:clu_1439_NA	-1.69536700683954	6.74176091622698	69.7456411672732	1.69302413711133e-09	2.71107609621132e-08
TGME49_chrXI:3157244:3157937:clu_2418_NA	-4.09007332654001	5.03728595097777	68.0163756394937	1.78461694690046e-09	2.84521166753647e-08
TGME49_chrX:2449254:2449567:clu_2063_NA	1.09858899974566	8.5251203389436	69.1176127767075	1.86897667953973e-09	2.9666944236362e-08
TGME49_chrII:1773904:1774900:clu_291_NA	-0.806796659957918	9.39196568713102	68.9299494514966	1.92557150813977e-09	3.04324018786438e-08
TGME49_chrVIIb:1120925:1121643:clu_1146_NA	-1.10279704622048	8.19080569704221	68.7692272891473	1.97560793947598e-09	3.10880296969489e-08
TGME49_chrVIII:6799790:6800741:clu_1641_NA	-2.43035605581576	5.7507029907857	68.3977668534776	2.11738892863327e-09	3.317546877406e-08
TGME49_chrVIII:2201322:2201735:clu_1419_NA	-4.48921278095151	4.56401391092208	63.3542806922565	2.19953105018425e-09	3.43145723923595e-08
TGME49_chrVI:462395:463607:clu_700_NA	-0.533320297620463	10.8173423415637	67.8389603171255	2.29306903734275e-09	3.56209656014568e-08
TGME49_chrIX:864865:865243:clu_1706_NA	1.41277670199774	8.03860060438147	67.7752709936392	2.31691291065436e-09	3.58382060860791e-08
TGME49_chrII:2243682:2244243:clu_321_NA	-4.18898846414648	4.7806715823184	65.0150836300161	2.39461726240747e-09	3.68831938510642e-08
TGME49_chrVIIb:4555907:4556072:clu_1312_NA	0.859674942979461	9.27846052402864	66.6773167186906	2.76783869405535e-09	4.24518719531274e-08
TGME49_chrXII:246175:246633:clu_2598_NA	-0.865296543143949	8.79507610348278	66.1818724739263	3.00124093609187e-09	4.5838280683588e-08
TGME49_chrVI:2797784:2797925:clu_807_NA	1.01072045608526	8.67309042050505	66.1529470701455	3.01550566377583e-09	4.58634438821136e-08
TGME49_chrII:1776192:1776673:clu_292_NA	-0.609639395903961	10.3787029567369	66.1161356130452	3.03364818093222e-09	4.59471297403692e-08
TGME49_chrVIIa:1731958:1732213:clu_930_NA	-2.99484705975061	5.40585255881129	66.0775511488433	3.12902732022353e-09	4.71406646929254e-08
TGME49_chrIX:899572:899758:clu_1714_NA	0.834087974353266	9.22929290885094	65.9093556251824	3.13838813086326e-09	4.71406646929254e-08
TGME49_chrVIII:6622098:6622745:clu_1627_NA	-5.96775598376753	4.41716870367467	64.0473411262893	3.21341263600134e-09	4.80689503368924e-08
TGME49_chrX:6217783:6217904:clu_2234_NA	0.788656745910794	9.47196267041701	65.5795068162663	3.31341229645161e-09	4.93616954819737e-08
TGME49_chrVIII:6577842:6578218:clu_1624_NA	-2.35169414547259	5.89752758480072	65.2546216997031	3.51788536219124e-09	5.21939318023068e-08
TGME49_chrVIIb:1119515:1120040:clu_1145_NA	-0.458643365886749	12.0598920466085	65.0118728182878	3.63937274526604e-09	5.37769102806588e-08
TGME49_chrXII:1279303:1279650:clu_2658_NA	-3.95946275592882	4.60935761797822	62.5887079208787	3.65513492461303e-09	5.37911556719367e-08
TGME49_chrVIIa:487987:488168:clu_868_NA	-0.48699176943119	11.3827185669655	64.8824184916427	3.71839502457502e-09	5.45014754610088e-08
TGME49_chrIX:901301:901490:clu_1716_NA	0.758410167446319	9.5613208141339	64.5947938473876	3.90060762221809e-09	5.68149651109664e-08
TGME49_chrXI:6247263:6247415:clu_2559_NA	-7.45562850100934	4.33742780687788	69.4001807741894	3.90749416168957e-09	5.68149651109664e-08
TGME49_chrX:4304287:4305782:clu_2144_NA	-3.26894230952346	5.17998767581967	64.49975916739	3.97914390156274e-09	5.76262473393648e-08
TGME49_chrX:95840:95961:clu_1943_NA	-1.99704090947402	6.24922948335477	64.2860418323692	4.11457247530765e-09	5.93510751894576e-08
TGME49_chrVIII:2178252:2178787:clu_1417_NA	-1.60031896871718	6.78895632332491	64.1711989859637	4.18855261425353e-09	6.01794021850261e-08
TGME49_chrVIIb:4556180:4556284:clu_1312_NA	0.932908756152899	9.10423622796346	64.0901229277544	4.24364403543065e-09	6.07308900346079e-08
TGME49_chrVIII:2899394:2899858:clu_1463_NA	-7.55590049392663	4.41664527569922	68.7593167830965	4.29681466530708e-09	6.12506717976127e-08
TGME49_chrVIIa:2438301:2438748:clu_977_NA	-0.809891084087529	8.97486122395923	63.9212678270278	4.36549246627816e-09	6.19529879479707e-08
TGME49_chrX:4806586:4807580:clu_2161_NA	0.908246736365027	8.84897481958378	63.901263966915	4.38016998696794e-09	6.19529879479707e-08
TGME49_chrVIII:5809081:5809420:clu_1586_NA	-7.48939319198425	4.36411085567922	68.500991092162	4.46559820202395e-09	6.29164707920817e-08
TGME49_chrVIII:6624947:6625396:clu_1628_NA	-2.97149426373072	5.19596574529265	63.8600512934445	4.50039023922003e-09	6.31618475658873e-08
TGME49_chrXII:307580:309078:clu_2609_NA	1.09315044969084	8.46031805537946	63.0768592752747	5.03309884337595e-09	7.03665934448907e-08
TGME49_chrIX:878284:879063:clu_1711_NA	-1.98011576263059	6.27755245147096	62.9833321125525	5.12212950284941e-09	7.13369377120981e-08
TGME49_chrX:102385:103045:clu_1946_NA	-7.42027138809909	4.30988470082105	67.3051288340623	5.34407001457037e-09	7.41438721487149e-08
TGME49_chrX:4327522:4328119:clu_2146_NA	-3.51957758917171	4.98510530080916	62.3051863616483	5.3832430554496e-09	7.44033783519365e-08
TGME49_chrII:2237847:2238232:clu_317_NA	-3.69287351226345	4.73862713870705	60.9914789278651	5.89166734147125e-09	8.11220105539697e-08
TGME49_chrX:2490802:2491462:clu_2072_NA	0.63134608493401	10.2393343969203	62.0078417261921	6.03761405041627e-09	8.28178380123137e-08
TGME49_chrX:86404:86909:clu_1939_NA	-3.03046889468351	5.4310913705293	61.999620725591	6.18752012632839e-09	8.45550212752019e-08
TGME49_chrVIII:6800773:6802163:clu_1641_NA	-3.2878928629598	5.01928604890092	61.4526491742069	6.51242981513462e-09	8.86617317528628e-08
TGME49_chrVI:506237:507438:clu_702_NA	-1.2499391800878	7.7321488992457	61.01500394025	7.16400248774191e-09	9.71684665781412e-08
TGME49_chrIX:666131:666404:clu_1693_NA	-0.658769013424312	9.76441496722387	60.9365032844641	7.26133480315139e-09	9.81224981764138e-08
TGME49_chrVIII:5311524:5311684:clu_1558_NA	-7.48914528890373	4.36399546138637	65.2330847769709	7.33392246116499e-09	9.87363264679064e-08
TGME49_chrVIIb:2962763:2963150:clu_1236_NA	-0.988172304473249	8.40256928138511	60.5216890534772	7.80403952715558e-09	1.04677799561662e-07
TGME49_chrX:2154632:2155094:clu_2042_NA	0.919338246789286	8.85015231851151	60.4168015758599	7.94781294955425e-09	1.06044897871187e-07
TGME49_chrXI:6530876:6531209:clu_2566_NA	-4.51939695469842	4.58739341430916	56.5132809986453	7.96430732292547e-09	1.06044897871187e-07
TGME49_chrVIIb:2963900:2964607:clu_1237_NA	-1.06638366860158	8.29768766783098	60.3691166964389	8.01430511788032e-09	1.06321164611295e-07
TGME49_chrVIIb:1531879:1532522:clu_1157_NA	-3.03563516267286	5.23998863647821	60.4237641266306	8.09080931540392e-09	1.06945788587248e-07
TGME49_chrIb:713358:713521:clu_135_NA	1.17250770276764	8.31653631585344	59.9856723843716	8.56972898989194e-09	1.12865814776294e-07
TGME49_chrVIIa:806913:807156:clu_886_NA	-4.06076177474921	4.85888661535704	58.3469130628599	8.75684213282516e-09	1.14600622042992e-07
TGME49_chrX:2448767:2448864:clu_2062_NA	0.930158564583126	8.88829561502363	59.8572958558041	8.76450424427836e-09	1.14600622042992e-07
TGME49_chrIII:401093:401308:clu_354_NA	-1.14783404160084	7.94106915382574	59.776732558834	8.88967453643116e-09	1.15820670035582e-07
TGME49_chrVIIb:856675:857434:clu_1132_NA	-0.553511613988062	10.4524921495324	59.5278862523632	9.28648023795972e-09	1.20558413089227e-07
TGME49_chrXII:2800386:2801060:clu_2739_NA	3.26191196897798	6.18957766814071	59.5079095070384	9.36606541696614e-09	1.21158888934775e-07
TGME49_chrVIIb:2129932:2130453:clu_1190_NA	-1.09635456673126	7.7962764342475	59.3872808838151	9.52014190841221e-09	1.22629223658158e-07
TGME49_chrIb:1409267:1409380:clu_168_NA	2.16450328798513	6.80509414657184	59.376893858681	9.54719953102026e-09	1.22629223658158e-07
TGME49_chrIV:1166207:1167102:clu_476_NA	-5.78951158239883	4.28134994141953	57.785226726892	9.79181776881825e-09	1.25328371794558e-07
TGME49_chrII:1423284:1423927:clu_273_NA	1.24403241502047	7.9835543377887	59.1557767003342	9.91713709111607e-09	1.26486994127042e-07
TGME49_chrVIII:5214515:5215706:clu_1553_NA	-1.36138392221455	7.60840195193534	58.856713973908	1.04570327769313e-08	1.32906692811697e-07
TGME49_chrIX:5108495:5108663:clu_1900_NA	-0.556313806278798	10.3460794683852	58.7042312172406	1.07425363650532e-08	1.36059650477242e-07
TGME49_chrX:1197050:1197880:clu_1989_NA	-0.660017133629046	9.81336337011869	58.6324852159434	1.08804470643965e-08	1.37327864857922e-07
TGME49_chrXI:5722423:5722933:clu_2520_NA	-1.21781907845417	7.60198914264455	58.3981765760095	1.13452518481752e-08	1.42698928955421e-07
TGME49_chrVIII:5804418:5804948:clu_1583_NA	-7.30791370980476	4.22361930739928	62.3132034096685	1.16003018743367e-08	1.45403783838668e-07
TGME49_chrVIIb:4951160:4951400:clu_1330_NA	-0.450856388128439	12.3090203753327	57.6065568220122	1.30716317478827e-08	1.63283097606713e-07
TGME49_chrVIIa:487704:487845:clu_868_NA	-0.484451005797831	11.2153612481038	57.5814856919728	1.31307341951956e-08	1.63459653423069e-07
TGME49_chrXII:3856397:3856614:clu_2781_NA	1.31223254974349	7.80902268183588	57.5527897420436	1.31998821623083e-08	1.63759630238876e-07
TGME49_chrVIIb:463532:463838:clu_1098_NA	4.71272432957119	5.75014893476146	55.9890595195694	1.3855881821046e-08	1.71313368773818e-07
TGME49_chrX:2486846:2487094:clu_2068_NA	-1.97767655966518	6.06457511345689	57.2329887339831	1.4015320506858e-08	1.72697254381114e-07
TGME49_chrV:1578019:1578056:clu_617_NA	-0.941623929708086	8.33194236789587	57.1973912338725	1.40730927337101e-08	1.72823284077826e-07
TGME49_chrVIIb:1141308:1142342:clu_1148_NA	-2.75403484129699	5.24079679990947	57.1129939896857	1.45966078035915e-08	1.78648718404226e-07
TGME49_chrIa:1476609:1477264:clu_81_NA	-2.46102252202392	5.62364769419842	56.8912379734144	1.50418996829388e-08	1.83480890427793e-07
TGME49_chrIII:24230:25074:clu_326_NA	-4.68373048098842	4.41657222536544	51.8607162501546	1.67181176553656e-08	2.03245343402187e-07
TGME49_chrVIIa:4122530:4124226:clu_1055_NA	-2.95529941164231	5.49275744239734	56.0691962992274	1.76325409143444e-08	2.13647620745473e-07
TGME49_chrV:1112906:1113194:clu_591_NA	2.23929283534322	6.5781690595623	55.9244672862625	1.77762761137491e-08	2.14673633466704e-07
TGME49_chrIX:977637:978108:clu_1724_NA	1.10515361240204	8.09210599410004	55.4797627960028	1.92565554524968e-08	2.31780063145119e-07
TGME49_chrV:3090246:3090576:clu_675_NA	-0.661068488539625	9.87080159201566	55.4133436007624	1.94929370327928e-08	2.33850911267993e-07
TGME49_chrVIII:6836225:6836748:clu_1654_NA	-0.8923865321583	8.74294858336641	55.3881847860904	1.95841177815743e-08	2.34171934657968e-07
TGME49_chrVIIb:500155:500511:clu_1101_NA	0.637448247250939	9.9083938338232	55.1523901766033	2.04561502743676e-08	2.43067756575992e-07
TGME49_chrVIIa:1821742:1822069:clu_941_NA	-0.581157814604674	10.0310746722879	55.1508730547246	2.04618249002073e-08	2.43067756575992e-07
TGME49_chrIX:244337:244886:clu_1678_NA	-5.71275004430608	4.22379791743302	53.7966378422224	2.07611335150752e-08	2.45638651523902e-07
TGME49_chrII:111522:112031:clu_202_NA	-1.35261939983933	7.47756971151177	55.0596522547181	2.08133988086278e-08	2.45638651523902e-07
TGME49_chrIX:666455:666884:clu_1694_NA	-0.62427640071185	9.67630437976926	55.0000723258124	2.10416819189433e-08	2.47529170794042e-07
TGME49_chrVIIa:191602:191721:clu_863_NA	1.14819674206231	8.15894991997207	54.4204951084641	2.34390240933936e-08	2.74841459933825e-07
TGME49_chrIII:181429:182017:clu_334_NA	-0.637263337350514	9.90310929360917	54.3632696775305	2.36897144672702e-08	2.76887820220345e-07
TGME49_chrVI:2438563:2438737:clu_795_NA	0.831125833108232	9.27275246091853	54.2648497119282	2.41298970424591e-08	2.81128768427368e-07
TGME49_chrVIII:5802809:5803167:clu_1582_NA	-5.05865026796411	4.30898364127083	49.9030653228531	2.48080427157776e-08	2.87972207413329e-07
TGME49_chrXII:3338220:3338558:clu_2755_NA	-7.4189024730917	4.30924900070891	57.6575927064266	2.48757285083316e-08	2.87972207413329e-07
TGME49_chrXII:257111:257576:clu_2602_NA	0.905572013437368	8.63946792219772	54.0579196492216	2.50839198471351e-08	2.89460471886781e-07
TGME49_chrVIIa:2822476:2822752:clu_993_NA	-2.33003463333701	5.57794267461519	53.8691629962979	2.62442563986067e-08	3.01892000028277e-07
TGME49_chrXII:3855581:3855850:clu_2779_NA	1.11403463914262	8.09888272358683	53.6887561183707	2.68868772455886e-08	3.08308513525913e-07
TGME49_chrIX:3365579:3365885:clu_1830_NA	-0.592303814535219	10.2465203403187	53.6302458242895	2.71835038213341e-08	3.10729674184117e-07
TGME49_chrX:2489233:2489554:clu_2069_NA	0.585046836630016	10.4674850873385	53.5487806444044	2.7604357248375e-08	3.14551218175057e-07
TGME49_chrX:1574434:1575347:clu_2006_NA	-0.735036256419499	8.94293355717055	53.3550223731815	2.86341101557701e-08	3.25265595050701e-07
TGME49_chrIII:22742:23283:clu_325_NA	-3.25776625148234	4.79974420462409	53.0028290157513	2.90035847776023e-08	3.28436232606182e-07
TGME49_chrXII:351125:351429:clu_2612_NA	-0.511818248179282	10.9492107826681	52.9263233915458	3.10582788204564e-08	3.50611315255774e-07
TGME49_chrX:5803105:5803680:clu_2210_NA	-2.39424651376509	5.45673152771083	52.5998520253001	3.34778287692749e-08	3.7599445760522e-07
TGME49_chrII:1451212:1451980:clu_276_NA	0.77436825057676	9.06170386226529	52.5271644505468	3.35136738003003e-08	3.7599445760522e-07
TGME49_chrX:3053055:3053517:clu_2092_NA	-4.85631009235613	4.16324180424948	48.4047212596868	3.43543476426551e-08	3.84240165172465e-07
TGME49_chrIb:1409873:1410003:clu_169_NA	1.84283602415399	6.81344627756878	52.348378927914	3.46993903829363e-08	3.86908846754519e-07
TGME49_chrII:108334:109514:clu_201_NA	-4.576230568642	4.33713334118396	48.4212986731294	3.49343313231372e-08	3.88337291619583e-07
TGME49_chrXI:1985123:1985853:clu_2370_NA	-0.942054785290765	8.09007077884681	52.277630308801	3.51535169504054e-08	3.89582421081474e-07
TGME49_chrIII:1741745:1742724:clu_404_NA	-4.13767926310645	4.30962934729256	49.0884400650607	3.61504552905466e-08	3.99413085049048e-07
TGME49_chrIX:900976:901166:clu_1716_NA	0.785363203851605	9.32884644821693	52.04918566212	3.67275117833018e-08	4.04559107067582e-07
TGME49_chrIb:833496:833735:clu_140_NA	-1.71800583048976	6.2551188415706	51.9879044856378	3.7204396296991e-08	4.08573959334025e-07
TGME49_chrVIIa:488701:488818:clu_869_NA	-0.416104948131341	11.887575157695	51.8468591567932	3.81849788215972e-08	4.18079512097909e-07
TGME49_chrXI:5899188:5899540:clu_2530_NA	-5.58793177221473	4.13206065012455	50.4976331684015	3.97324025660341e-08	4.3371556554815e-07
TGME49_chrVIIb:2848801:2849649:clu_1232_NA	-0.523788740948256	10.2290334548547	51.5890987605259	4.01321311141522e-08	4.36197740749605e-07
TGME49_chrVIII:1716950:1717301:clu_1401_NA	-2.38628969806336	5.49381312459229	51.6409965649414	4.01997917884781e-08	4.36197740749605e-07
TGME49_chrIX:977333:977472:clu_1724_NA	1.22001246963734	7.79442654958716	51.4274971732481	4.14095572305425e-08	4.47987323014946e-07
TGME49_chrX:2489884:2490276:clu_2071_NA	0.505284246763039	10.6477495859483	50.9203060292139	4.5693610193118e-08	4.92867279086005e-07
TGME49_chrXI:4974734:4975149:clu_2493_NA	1.01215971797504	8.24767591415511	50.7866106274829	4.69024512400074e-08	5.04409497803038e-07
TGME49_chrIV:614258:614387:clu_461_NA	-3.78363620622786	4.65486864559973	49.3647205561988	4.9592489620766e-08	5.31766076022078e-07
TGME49_chrX:95316:95668:clu_1943_NA	-2.48432403717395	5.37787642046344	50.5090413975913	5.02656610194319e-08	5.37399052369514e-07
TGME49_chrVIII:1153850:1154269:clu_1385_NA	1.11285017928396	7.9921990352888	50.0608749834967	5.40757379767188e-08	5.76437852039216e-07
TGME49_chrVIIa:488995:489094:clu_869_NA	-0.420383768690464	11.5730762764775	49.9871613973791	5.48639481791596e-08	5.83129975529957e-07
TGME49_chrXI:4631644:4631771:clu_2478_NA	-5.54379191181372	4.10022985273933	48.8763186567582	5.51928520001041e-08	5.84283175884986e-07
TGME49_chrX:4329868:4330195:clu_2147_NA	-0.692517472850176	9.14328179111764	49.9476574652512	5.52939236600923e-08	5.84283175884986e-07
TGME49_chrVI:1037017:1037220:clu_731_NA	-7.18627983144127	4.13199115460915	52.9211233175482	5.65281982401521e-08	5.95594204646241e-07
TGME49_chrVIIa:1210050:1210247:clu_904_NA	-3.7544474393158	4.63178471396384	48.6626113966951	5.72270487962808e-08	6.01214804550522e-07
TGME49_chrII:1553934:1554137:clu_286_NA	1.39814795902328	7.48586651043054	49.6888193721133	5.82013365643475e-08	6.09688352770614e-07
TGME49_chrX:6217301:6217726:clu_2233_NA	0.655812352417884	9.59174746331883	49.6336912429596	5.8833196806212e-08	6.14536409168335e-07
TGME49_chrVI:2919442:2919641:clu_816_NA	-3.66563357763956	4.71775829009797	48.4895275836472	6.31905351192714e-08	6.58159298448572e-07
TGME49_chrV:1153556:1153914:clu_595_NA	-5.62972548547563	4.1629501481857	48.0402900039693	6.55470603178567e-08	6.8075304072974e-07
TGME49_chrIX:2481796:2482239:clu_1781_NA	-4.90032170841969	4.19386274008648	45.4133547281851	6.70134102760937e-08	6.93999277360686e-07
TGME49_chrVIIb:1141308:1141759:clu_1148_NA	-5.58785532211484	4.1326624371633	47.8318247016868	6.84301157738617e-08	7.06657587607918e-07
TGME49_chrVI:512660:512922:clu_704_NA	-5.54386504734743	4.10051376826112	47.7921177911161	6.90101089940866e-08	7.10628176185565e-07
TGME49_chrIX:904091:904279:clu_1718_NA	0.744887920052741	9.08810615004569	48.7748121972021	6.98071669642141e-08	7.16805231398074e-07
TGME49_chrVI:1324496:1324628:clu_740_NA	1.6128847528952	7.178666722673	48.6489939957565	7.1604620270931e-08	7.33190970943195e-07
TGME49_chrXI:5899188:5899437:clu_2530_NA	-7.05503914882419	4.03490942594443	51.2822039061688	7.59639759729241e-08	7.73851232963393e-07
TGME49_chrV:1455481:1456320:clu_613_NA	-0.573353616849493	10.2655003067583	48.3512681614462	7.60013453006688e-08	7.73851232963393e-07
TGME49_chrVIII:6839109:6839944:clu_1656_NA	-2.66147001566276	5.11783283026226	48.4022675474736	7.65621381498593e-08	7.77383721158487e-07
TGME49_chrX:2448987:2449084:clu_2062_NA	0.866138075284422	8.83210957524308	47.9325408870123	8.27059121558835e-08	8.37426157901495e-07
TGME49_chrVIII:5105605:5106361:clu_1547_NA	-2.53133890944012	5.31130056673152	47.9145020065279	8.43330206154465e-08	8.51529249825412e-07
TGME49_chrVI:2797983:2798220:clu_807_NA	1.01476270718966	8.11890026971599	47.747487854754	8.58682693117739e-08	8.64629249164261e-07
TGME49_chrXII:3337856:3338936:clu_2755_NA	-5.49833633285843	4.06797038762519	46.376559765902	9.28367849970881e-08	9.32214678078495e-07
TGME49_chrVIII:5212551:5218217:clu_1553_NA	-0.863335470425294	8.18355211396542	47.2917642062012	9.42111884123437e-08	9.43409558894956e-07
TGME49_chrXII:351740:352273:clu_2612_NA	-0.455410472190221	10.8082806970695	47.0619117740593	9.87393656067105e-08	9.85500632698818e-07
TGME49_chrIX:2142689:2142723:clu_1769_NA	-2.70866648067945	5.14920199818744	47.130385925567	9.90451479799053e-08	9.85500632698818e-07
TGME49_chrVIIa:1732520:1733075:clu_931_NA	-1.71057134873218	6.11856253169418	47.0440914767449	9.92278491245577e-08	9.85500632698818e-07
TGME49_chrII:1776710:1777237:clu_293_NA	-3.89618252321556	4.56444273140413	45.6207720346631	9.97980291908118e-08	9.88462768688286e-07
TGME49_chrVIIb:3275702:3275956:clu_1256_NA	0.537916554520128	10.2881562701889	46.8988861712753	1.02093825983642e-07	1.00845396046342e-06
TGME49_chrX:2328649:2328927:clu_2055_NA	1.42941452553549	7.16436972509918	46.801721876175	1.041701123445e-07	1.02617441293295e-06
TGME49_chrVIII:6821223:6822936:clu_1649_NA	-2.03380301201137	5.73038751084129	46.777625405141	1.05101202497327e-07	1.03254830021023e-06
TGME49_chrVIII:5809494:5812156:clu_1586_NA	-4.2832725489553	4.13195484460122	43.5163873700059	1.05628871726678e-07	1.03493517176947e-06
TGME49_chrIII:1997808:1999033:clu_416_NA	2.11378651376885	6.33512064148135	46.5095445457094	1.10833261320805e-07	1.083007808874e-06
TGME49_chrIa:277934:278481:clu_14_NA	-2.50956114770378	5.2961964970333	46.4569784864108	1.13538891967428e-07	1.10590739846614e-06
TGME49_chrXII:3338627:3338936:clu_2755_NA	-6.95918910682657	3.96583551133095	49.0955943735782	1.13785245399268e-07	1.10590739846614e-06
TGME49_chrIII:23367:24155:clu_326_NA	-4.05508458243506	4.25279748228006	43.831572779666	1.14917858483076e-07	1.11393710822929e-06
TGME49_chrX:2489664:2489825:clu_2071_NA	0.500426496972894	10.6111016532245	46.1638239607962	1.18797167210885e-07	1.14847793300948e-06
TGME49_chrVIIb:2194301:2194627:clu_1196_NA	-3.34963919716923	4.63085232766555	45.6285777959527	1.1982535906908e-07	1.15534530561301e-06
TGME49_chrVIIa:1667340:1667590:clu_926_NA	-1.0810472062861	7.94201862255635	46.0925997522745	1.20569991011329e-07	1.15944951673593e-06
TGME49_chrVIIa:1430210:1430708:clu_912_NA	-0.7533849057525	8.99126373545803	45.9631619352445	1.23848327848236e-07	1.18783290693493e-06
TGME49_chrVIII:6820896:6821127:clu_1648_NA	-3.18791503622054	4.9493234152114	45.7372800633233	1.27955679847402e-07	1.22232065430845e-06
TGME49_chrVIIb:1141205:1141759:clu_1148_NA	-4.61345941717771	4.36412238977065	42.6792303751578	1.28443809035795e-07	1.22232065430845e-06
TGME49_chrVIII:757619:758339:clu_1372_NA	-0.547201724478614	9.9186238515012	45.7875220698817	1.28452954593075e-07	1.22232065430845e-06
TGME49_chrXII:3856397:3856829:clu_2781_NA	-3.50949423620637	4.60867067647142	44.9739982005698	1.31865403953964e-07	1.25151630123409e-06
TGME49_chrIX:242903:243429:clu_1677_NA	-3.63338268497402	4.69641672717335	44.7163465311385	1.39361197279638e-07	1.31921341695699e-06
TGME49_chrIX:665631:666013:clu_1692_NA	-0.524973936046566	10.0574154669482	45.2682737105169	1.43170576444382e-07	1.35175336461124e-06
TGME49_chrIX:2154802:2155070:clu_1770_NA	-3.19136439845861	4.94866506226573	45.150071681133	1.44680769423203e-07	1.35996554008282e-06
TGME49_chrXI:6561377:6562447:clu_2569_NA	-3.02635403508915	4.83831357988874	45.1474841213304	1.44788628338941e-07	1.35996554008282e-06
TGME49_chrXII:4816117:4817022:clu_2829_NA	-1.76451453972779	6.28419622917886	45.2005679749576	1.4535848694831e-07	1.35999944240109e-06
TGME49_chrX:102423:111473:clu_1947_NA	-2.37144437311872	5.94178715000803	45.2089422005226	1.45540518045124e-07	1.35999944240109e-06
TGME49_chrIX:2142503:2142630:clu_1769_NA	-3.22866610710306	4.77924230272448	44.9104800763766	1.47550215797753e-07	1.37524367801239e-06
TGME49_chrXI:6403217:6403344:clu_2562_NA	1.02907857883027	8.00733020763681	45.0795828252096	1.48961511868601e-07	1.3848467919242e-06
TGME49_chrII:921539:922277:clu_240_NA	1.65342147989305	6.92697615673668	44.8920122178339	1.55002905755681e-07	1.43481544234417e-06
TGME49_chrXII:300559:301223:clu_2607_NA	-0.730781269709696	8.70138827229061	44.8771734642925	1.55440292486379e-07	1.43481544234417e-06
TGME49_chrXI:4946196:4946480:clu_2492_NA	0.948522455459654	8.1791999403558	44.8747928682073	1.55520573393013e-07	1.43481544234417e-06
TGME49_chrVIII:3787332:3787665:clu_1494_NA	-2.19943072961767	5.45615285161689	44.6403033370927	1.64824639896881e-07	1.51530491215512e-06
TGME49_chrVIIa:1666802:1667266:clu_925_NA	-0.98712134086406	7.68626333205717	44.592486046054	1.65078609412222e-07	1.51530491215512e-06
TGME49_chrVIIa:1542144:1543399:clu_920_NA	-2.5944161620773	5.13390793525161	44.631444607281	1.66413222541556e-07	1.52370796961853e-06
TGME49_chrX:7047717:7048375:clu_2267_NA	-0.561887955003285	9.64456410213639	44.4645678736169	1.69599615825209e-07	1.54898141589104e-06
TGME49_chrV:498979:499833:clu_566_NA	-1.67528564389264	6.24639886103574	44.4564638933175	1.70048170686298e-07	1.54918571540023e-06
TGME49_chrV:52018:52370:clu_550_NA	-1.59162007131207	6.38640884833195	44.2785269296265	1.76547453931193e-07	1.60324082284509e-06
TGME49_chrVIII:5212551:5215706:clu_1553_NA	-0.982126329436444	8.21597449908811	44.2670757428568	1.76863705628853e-07	1.60324082284509e-06
TGME49_chrX:112371:115694:clu_1948_NA	-3.54033446726118	4.63132961547957	43.5090789499022	1.8102139063658e-07	1.6368476491641e-06
TGME49_chrVIII:5808316:5809010:clu_1585_NA	-5.40248582643867	4.00049522296496	43.2653106634313	1.81709320494562e-07	1.6389910173641e-06
TGME49_chrVI:505471:506157:clu_701_NA	-0.777868438340049	8.79942507243817	44.1245466550873	1.82304979230255e-07	1.64029356312371e-06
TGME49_chrVIII:1785422:1786215:clu_1403_NA	-0.785631455829057	8.50726298334819	44.0674752847386	1.84535321306666e-07	1.65626146407341e-06
TGME49_chrIX:212425:212781:clu_1668_NA	-1.45737497100622	6.52926719191897	44.030518960991	1.86078812271047e-07	1.6660011886829e-06
TGME49_chrXII:4814354:4814826:clu_2829_NA	-1.61960837692788	6.30356030008621	44.0054627231613	1.87134180294128e-07	1.67133352670554e-06
TGME49_chrIX:247970:248438:clu_1680_NA	-1.37331748120772	6.88440485859327	43.7995445391793	1.95441595829152e-07	1.74125049225237e-06
TGME49_chrXI:1314128:1314703:clu_2345_NA	-0.674756597577825	9.15598452804685	43.7397126437532	1.97912212342814e-07	1.75895083585851e-06
TGME49_chrV:837555:837908:clu_581_NA	-1.91685884550792	5.7998539071728	43.6829556211736	2.00895978065642e-07	1.78111434211855e-06
TGME49_chrXII:3856710:3856829:clu_2781_NA	1.13811108492701	7.66700339543894	43.6213334305891	2.03006046317526e-07	1.79544276974259e-06
TGME49_chrIa:442519:443899:clu_19_NA	0.821221929646622	8.73779061745363	43.2066884886786	2.21923401338101e-07	1.95413764683506e-06
TGME49_chrIX:1316973:1317385:clu_1742_NA	-4.81226553019444	4.13200074273064	40.3198435579048	2.22024442405193e-07	1.95413764683506e-06
TGME49_chrVIIa:1872460:1873011:clu_944_NA	-0.507526228522973	9.995567094487	43.1150103117406	2.26352331614024e-07	1.98737626821076e-06
TGME49_chrVIIb:2639144:2639357:clu_1215_NA	-2.73636646655498	4.9680625902925	43.1553429496253	2.26894402010307e-07	1.98737626821076e-06
TGME49_chrIX:900126:900391:clu_1715_NA	0.622437622410883	9.84721528036616	43.0694398465589	2.2859147502703e-07	1.99742791279628e-06
TGME49_chrXI:6543359:6543596:clu_2567_NA	-3.26770339200743	4.69770311882174	42.6665843648342	2.33797013210546e-07	2.03801473146363e-06
TGME49_chrXI:6228008:6228419:clu_2553_NA	-3.72026452793909	4.60963627921995	42.0308822319995	2.37602280787825e-07	2.06623036043958e-06
TGME49_chrXI:4980832:4980987:clu_2495_NA	1.04005174567908	8.03910752500294	42.6724693362403	2.49127392559755e-07	2.16128418127615e-06
TGME49_chrXI:1313576:1313976:clu_2344_NA	-0.710968778862482	8.99714018049348	42.619413629668	2.52009645681236e-07	2.18108348107451e-06
TGME49_chrXI:1985963:1986195:clu_2370_NA	-4.09694967505026	4.28089229132326	40.3938051243901	2.55725051943851e-07	2.20798233685486e-06
TGME49_chrV:980664:980817:clu_585_NA	-5.35233573755095	3.96566540673998	41.7051998840286	2.57219603383689e-07	2.21562383483344e-06
TGME49_chrX:6029316:6029437:clu_2226_NA	-4.81325660905901	4.13195598553698	39.7046704516011	2.5803474702362e-07	2.21739079298075e-06
TGME49_chrVIIa:17210:19441:clu_854_NA	-1.78153376655801	5.92518260226445	42.2808584595698	2.71783281922891e-07	2.33002884384365e-06
TGME49_chrVIII:2096725:2097239:clu_1412_NA	-0.493412187167849	10.1352422006461	42.2479927479258	2.73252877584869e-07	2.3371157882847e-06
TGME49_chrX:4303003:4303327:clu_2143_NA	-2.96766426847793	4.79869599278234	42.0953551547439	2.78867352494306e-07	2.37953715097841e-06
TGME49_chrXII:5389112:5389428:clu_2868_NA	1.41330255211581	7.04266517523854	42.0392900837465	2.86077890280729e-07	2.43534691140621e-06
TGME49_chrX:2857514:2857938:clu_2082_NA	-2.9378829830751	4.77871705677549	41.9216427968128	2.89708461018994e-07	2.4604912518786e-06
TGME49_chrIV:2559897:2560992:clu_533_NA	1.9169031300582	6.42594594718077	41.9246269774809	2.93622947298476e-07	2.48792404062928e-06
TGME49_chrXI:2147326:2147499:clu_2378_NA	-2.23144998825368	5.31114818714739	41.9328522582066	2.95936941472852e-07	2.50169949361353e-06
TGME49_chrVIII:2247232:2247747:clu_1430_NA	-4.28438162318119	4.13179722144095	39.150932746527	3.00427930458025e-07	2.53377152486061e-06
TGME49_chrIV:2451495:2451884:clu_528_NA	-0.982715156907763	7.72151899345457	41.7400556699692	3.05466001718761e-07	2.57029841724004e-06
TGME49_chrX:73826:74156:clu_1934_NA	-2.51745284798448	5.08672305517209	41.6524565070491	3.16150407166171e-07	2.65405711327721e-06
TGME49_chrXI:1908007:1908213:clu_2366_NA	-3.72139172727512	4.44196130066178	40.3501142708964	3.24155322139324e-07	2.71498754833281e-06
TGME49_chrX:5606005:5606245:clu_2195_NA	1.17479122277748	7.56600934589369	41.4567219911383	3.2516581212806e-07	2.71719017720804e-06
TGME49_chrXII:3336748:3337146:clu_2753_NA	-6.80317239751683	3.85601742096727	43.6405415828386	3.28833459749072e-07	2.74153583988045e-06
TGME49_chrVI:2438925:2439183:clu_795_NA	0.665619097223517	9.20644333885794	41.3395707929931	3.33677643643119e-07	2.77555660101313e-06
TGME49_chrIV:2163454:2163592:clu_518_NA	-3.07444949995598	4.67477773700243	41.0700017041787	3.40099956988361e-07	2.82251904943537e-06
TGME49_chrVIII:5214515:5218217:clu_1553_NA	-0.842870282732656	8.10951573727867	41.1434263993985	3.48511928270062e-07	2.8857422762225e-06
TGME49_chrIII:2461728:2461872:clu_439_NA	-5.30068243079765	3.92986668284903	40.3440148973331	3.50532345653034e-07	2.89587517374723e-06
TGME49_chrII:812393:812946:clu_230_NA	-2.89320292528505	4.83916333418873	41.0382209769723	3.55408794682354e-07	2.92950333031827e-06
TGME49_chrVIIb:5034289:5034526:clu_1337_NA	-4.7667151793027	4.09966035796142	38.3185151695195	3.63688942805317e-07	2.99097128302563e-06
TGME49_chrIX:900479:900916:clu_1715_NA	0.613935418645041	9.81623182004339	40.9036068829729	3.67587028645324e-07	3.0162050770333e-06
TGME49_chrXI:1990300:1990716:clu_2372_NA	-0.974718050200019	7.51142860271882	40.8772237758281	3.69782200279391e-07	3.02403611528579e-06
TGME49_chrXII:3855930:3856066:clu_2780_NA	1.21238822696603	7.59788765708919	40.8720551964487	3.70205246575565e-07	3.02403611528579e-06
TGME49_chrXI:3995165:3995814:clu_2439_NA	-0.792576997112095	8.48380604944973	40.8481431922775	3.72164570605782e-07	3.03322469540811e-06
TGME49_chrIX:4537346:4537609:clu_1882_NA	-5.30081008703665	3.92992500759965	40.0181342665375	3.7781556910356e-07	3.0723928270502e-06
TGME49_chrVIII:4985525:4986410:clu_1544_NA	-2.06221634516152	5.58760164502342	40.7752032217669	3.8016171869792e-07	3.08457108809584e-06
TGME49_chrVIIb:4950626:4950927:clu_1330_NA	-0.395839892593463	12.4498985832836	40.690165504909	3.8550829349541e-07	3.11440888490285e-06
TGME49_chrV:1576537:1577057:clu_616_NA	-0.889503481099144	7.82975744881143	40.6898613949862	3.85552681762388e-07	3.11440888490285e-06
TGME49_chrIb:713592:713699:clu_135_NA	1.05343498546955	8.13757139621388	40.6559395122853	3.88482544546729e-07	3.13111762622475e-06
TGME49_chrX:2155165:2155479:clu_2043_NA	0.830733168517589	8.48625428591971	40.6266845484378	3.91025585506516e-07	3.14464160025705e-06
KE139819:9728:14902:clu_2982_NA	-3.51619955622773	4.46728901121777	39.8115702304138	3.93919231009008e-07	3.16091921571246e-06
TGME49_chrXII:4393168:4394033:clu_2809_NA	-0.407564911437437	11.19807787775	40.1847809962056	4.31760276826991e-07	3.45693525609276e-06
TGME49_chrXI:1314770:1315788:clu_2345_NA	-0.743930301119119	8.70102968164927	40.1744176478239	4.32776930201229e-07	3.45745965116806e-06
TGME49_chrIX:3824418:3825572:clu_1859_NA	-0.461834533247663	10.5757602126056	40.1078901962131	4.39299966824934e-07	3.50187583203648e-06
TGME49_chrVIII:3821013:3821712:clu_1496_NA	2.75000869911481	5.74001547393477	40.0750275846139	4.4407456151982e-07	3.53219044009747e-06
TGME49_chrVIII:6836790:6837143:clu_1655_NA	-4.23694897695335	4.0998327835574	37.5240789765284	4.50789568804428e-07	3.57777310612248e-06
KE140801:2844:3013:clu_3005_NA	-1.54609601774272	6.40321033512679	39.8368625607186	4.67270910776842e-07	3.70050056791682e-06
TGME49_chrVI:960534:960829:clu_728_NA	1.50950789298593	6.94099292124683	39.8086782656984	4.70115498574846e-07	3.71493442895558e-06
TGME49_chrXII:3620548:3621096:clu_2764_NA	1.34031651533517	7.16732776929818	39.7804102462624	4.73083881327123e-07	3.73028179744922e-06
TGME49_chrVIIb:2960464:2961244:clu_1235_NA	-1.03320352505389	7.86206628207962	39.7118117156156	4.80443871209846e-07	3.78011573993028e-06
TGME49_chrVIII:2215121:2215463:clu_1422_NA	-4.0549141506164	4.25313491997959	37.7041084379713	4.91401044328901e-07	3.85797580158867e-06
TGME49_chrIV:2474363:2474969:clu_531_NA	2.44582329913496	6.11327870533718	39.5639214205987	4.98900318409992e-07	3.90841089961276e-06
TGME49_chrVIII:5155933:5156040:clu_1551_NA	-3.99777283640576	4.4419766014891	38.0264028029474	5.11838577365197e-07	4.00114672843547e-06
TGME49_chrXII:3856134:3856366:clu_2780_NA	1.0563832563497	7.75044131850775	39.3370147449535	5.2314845998568e-07	4.08078251512435e-06
TGME49_chrX:132853:133592:clu_1951_NA	-3.68000858862054	4.22268972392512	37.8146643444522	5.38720741428816e-07	4.19325459334849e-06
TGME49_chrIII:620036:621143:clu_359_NA	0.838836985163422	8.50036159629278	39.149761595409	5.45963212759244e-07	4.24054760337576e-06
TGME49_chrXI:5718937:5719666:clu_2519_NA	-2.70833456738412	4.87593839287797	39.1510403170756	5.49556058245525e-07	4.25935239173237e-06
TGME49_chrVIIb:3275412:3275670:clu_1256_NA	0.516661108389059	10.1125268278	39.0946027991448	5.5287758791683e-07	4.27362849916165e-06
TGME49_chrIV:105381:105798:clu_442_NA	1.26342721989655	7.33332051525797	39.0881535877442	5.53749387374178e-07	4.27362849916165e-06
TGME49_chrVIIb:3349698:3350422:clu_1258_NA	-1.59147903045572	6.15203995503414	38.9203810312293	5.75875194668447e-07	4.43497104368603e-06
TGME49_chrIV:1731967:1732119:clu_502_NA	-0.457605861964302	10.3048410615583	38.764203899239	5.96367759671315e-07	4.58211779619913e-06
TGME49_chrV:2748302:2748721:clu_660_NA	-0.949668892555848	7.65851019861959	38.7561907517891	5.97503118403959e-07	4.58211779619913e-06
TGME49_chrIV:1473027:1473820:clu_495_NA	-0.484187908712068	10.1451070192678	38.7158461173037	6.03032746623034e-07	4.61478743994679e-06
TGME49_chrIV:562903:563263:clu_460_NA	2.07816549793599	6.15552453522667	38.6878453717369	6.08317504596262e-07	4.64544985127608e-06
TGME49_chrX:1443032:1443302:clu_1999_NA	1.23285405058598	7.41051209430144	38.5834872981294	6.21737431200219e-07	4.73797811826582e-06
TGME49_chrIX:1316494:1317385:clu_1742_NA	-4.51581130532933	3.92987142335967	36.1571899360215	6.29539320934967e-07	4.78739630041549e-06
TGME49_chrXI:5961925:5962126:clu_2537_NA	-6.68851240435551	3.77770958730127	40.3686869320407	6.47134501295055e-07	4.91092674782365e-06
TGME49_chrVIII:6809043:6809547:clu_1645_NA	1.70909154534758	6.56590204089516	38.3514870741507	6.56230736920443e-07	4.96958068480377e-06
TGME49_chrVIII:6846211:6846993:clu_1659_NA	-2.97235893763893	4.60939442520835	38.1447582973621	6.62897917636698e-07	5.00963395137089e-06
TGME49_chrX:96102:96620:clu_1943_NA	-3.1727352500419	4.63072825826582	38.0022904208701	6.71834362439716e-07	5.06663466279744e-06
TGME49_chrX:2157973:2158181:clu_2045_NA	0.761935727404208	8.69308604695012	38.2309575150065	6.74430072448681e-07	5.07567973778666e-06
TGME49_chrIb:1357034:1357161:clu_166_NA	0.551440783162972	9.77008400604512	38.0111602621905	7.09694835359928e-07	5.33004282341599e-06
TGME49_chrXI:1983353:1984476:clu_2370_NA	-1.39863685118642	6.5655936922418	37.790225234004	7.47403893289675e-07	5.60167660228447e-06
TGME49_chrVIIa:489373:489544:clu_870_NA	-3.47663227669241	4.58772894824469	37.266338048473	7.52328249352009e-07	5.62698186500936e-06
TGME49_chrIb:278082:279180:clu_118_NA	1.03986394446898	7.84496210666648	37.5837674843762	7.84062949546166e-07	5.85229737494931e-06
TGME49_chrX:3663794:3663913:clu_2121_NA	1.95249962725764	6.26771872771238	37.5000249441856	8.00671054410224e-07	5.9640149237319e-06
TGME49_chrVIII:2212538:2212760:clu_1420_NA	-0.554831554396334	9.38640034121929	37.3229949926696	8.33428729426033e-07	6.19532399072317e-06
TGME49_chrIa:1302067:1302717:clu_62_NA	2.09579768817963	6.45409770348091	37.1731446714379	8.64326658716233e-07	6.4118926621092e-06
TGME49_chrV:2097842:2098265:clu_641_NA	1.71747211185208	6.61970175229692	37.1366479401807	8.71162419105777e-07	6.44944071985642e-06
TGME49_chrIX:3516489:3516768:clu_1843_NA	1.01305237591581	7.77127252395059	37.0745185181256	8.83617226028621e-07	6.5283508467765e-06
TGME49_chrVIII:6577507:6578218:clu_1624_NA	0.989306018445611	7.79095311717652	37.0615851818586	8.86312922788907e-07	6.53498473496486e-06
TGME49_chrIX:3366005:3366136:clu_1830_NA	-0.514539408050589	9.81405802224022	36.7675611096022	9.50013637933951e-07	6.97805345602639e-06
TGME49_chrXI:4980290:4980778:clu_2495_NA	0.9314630286734	8.06281515471527	36.7666666247063	9.50243868152149e-07	6.97805345602639e-06
TGME49_chrII:866273:866792:clu_236_NA	-1.14749086771515	6.93357150647535	36.5685162568971	9.96081275630385e-07	7.29991015507349e-06
TGME49_chrX:2328990:2329267:clu_2055_NA	1.43498512173907	6.97269401716207	36.5439994751526	1.00192947623638e-06	7.32799526382139e-06
TGME49_chrX:132853:132987:clu_1951_NA	-3.63423561317541	4.19287515466084	35.1385470821848	1.04614268325999e-06	7.6360013125503e-06
TGME49_chrIII:827709:828347:clu_366_NA	-0.841918841800423	7.95691070996274	36.1769814731086	1.09329142925499e-06	7.96415700469316e-06
TGME49_chrIII:122945:123126:clu_329_NA	-2.05149156079476	5.40490757374291	36.1624405172223	1.1039996870893e-06	8.02607772513924e-06
TGME49_chrX:6248572:6248922:clu_2236_NA	-4.13856220712723	4.03443769017178	34.0364969379941	1.11133968211338e-06	8.06331286323779e-06
TGME49_chrIII:1999230:1999729:clu_416_NA	1.58975263439826	6.83719133869693	36.0162024135424	1.13642937370996e-06	8.22892584349739e-06
TGME49_chrVIII:6841389:6841531:clu_1657_NA	-0.849508068442765	8.31076736032734	35.9059679264649	1.16655944825129e-06	8.430305356647e-06
TGME49_chrIb:688888:689222:clu_131_NA	-2.52556976155907	4.96636333689043	35.8902915741481	1.18497195565945e-06	8.54637511671052e-06
TGME49_chrIX:903319:903797:clu_1718_NA	0.838638636310451	8.35987897211267	35.8276731822873	1.18868776833952e-06	8.5561980948795e-06
TGME49_chrIV:2156458:2157263:clu_517_NA	-0.431170897383681	10.4779471575462	35.6398919468508	1.24358157624143e-06	8.93363444592413e-06
TGME49_chrX:6978402:6978671:clu_2265_NA	-1.41351803083152	6.42539937200743	35.5201889030629	1.28053543370112e-06	9.18095917456323e-06
TGME49_chrX:3662803:3663017:clu_2120_NA	2.03396327870207	6.19463250524903	35.388504586378	1.32370468950143e-06	9.47178454003484e-06
TGME49_chrIa:143400:144280:clu_11_NA	-0.526604393625658	9.5613532226265	35.286780278947	1.35430644079791e-06	9.67171692004007e-06
TGME49_chrVIII:1979493:1979994:clu_1406_NA	-0.398803556722014	10.7331241366041	35.1239086862344	1.40886486131946e-06	1.00416152370514e-05
TGME49_chrIX:3359243:3359565:clu_1827_NA	-0.756455324052921	8.26137714544683	35.0654454850841	1.42904953207792e-06	1.01655480412979e-05
TGME49_chrIX:5203158:5203601:clu_1904_NA	-3.58767232607003	4.16266567767529	33.8353726491791	1.45947333474606e-06	1.03616905699256e-05
TGME49_chrXI:5960425:5960909:clu_2536_NA	0.858736886809542	8.23163755878026	34.8076373998025	1.52165214277813e-06	1.07802777806438e-05
TGME49_chrXI:4155842:4156220:clu_2446_NA	-0.631630904295567	8.92456369768448	34.800303191849	1.52436390075679e-06	1.07802777806438e-05
TGME49_chrX:133709:134380:clu_1952_NA	-2.67295118215413	4.69598522812422	34.703022044388	1.55618103960506e-06	1.09839185999309e-05
TGME49_chrVIII:2247788:2249566:clu_1431_NA	-2.82584596168301	4.51526340947628	34.2657847217013	1.68169028503527e-06	1.18467910583395e-05
TGME49_chrII:2135897:2140894:clu_310_NA	0.603487452111299	9.23900646875162	34.3821296505264	1.68871457545768e-06	1.18528609646967e-05
TGME49_chrX:135737:136434:clu_1953_NA	-2.55374305484959	4.98393506366852	34.4194693527449	1.69235726434064e-06	1.18528609646967e-05
TGME49_chrXI:3156721:3157937:clu_2418_NA	-0.735836204030519	8.45794408476967	34.3725918584625	1.69269698875125e-06	1.18528609646967e-05
TGME49_chrIX:3341162:3341468:clu_1823_NA	-3.92382775324604	4.16288232192302	32.8714474518088	1.69559496606391e-06	1.18528609646967e-05
TGME49_chrIX:902459:902679:clu_1717_NA	0.486004494332951	9.88540828536127	34.332234380817	1.70954108728925e-06	1.19274123844461e-05
TGME49_chrIX:2142503:2142660:clu_1769_NA	-2.88643515555597	4.65407024553745	34.2379770407915	1.71544608416755e-06	1.19456829807453e-05
TGME49_chrIX:235237:235796:clu_1672_NA	-2.16249677789355	5.22313716078602	34.3040193605209	1.73716871428664e-06	1.20706234810509e-05
TGME49_chrIX:976861:977006:clu_1723_NA	0.925230080635029	7.92518430991267	34.2605195138587	1.74002935462742e-06	1.20706234810509e-05
TGME49_chrVIII:4909381:4911240:clu_1541_NA	-1.00197832391501	7.39777620563111	34.1988414006423	1.76673432997679e-06	1.22325319799346e-05
TGME49_chrVIII:6329686:6330161:clu_1610_NA	0.72510660816192	8.9574465757395	34.1727846766402	1.77800331516414e-06	1.22865032766948e-05
TGME49_chrXII:2286263:2287789:clu_2717_NA	-0.31699063502656	12.2777408484201	34.1652404440911	1.78128947092659e-06	1.22865032766948e-05
TGME49_chrIa:140966:141646:clu_9_NA	-0.477677407793496	10.1455110006701	34.0226422881397	1.84509935498104e-06	1.27025305972653e-05
TGME49_chrXI:4981053:4981607:clu_2496_NA	0.952890889112643	7.95915947556644	33.974886550683	1.86707083211269e-06	1.28294942811524e-05
TGME49_chrIV:105586:105798:clu_442_NA	0.928862076237036	7.86949828683861	33.8520548923276	1.92471278736593e-06	1.32006244944814e-05
TGME49_chrVIII:3308870:3309116:clu_1476_NA	1.48269703802135	6.98231113543391	33.8267550735234	1.93709839890942e-06	1.3260551186508e-05
TGME49_chrIX:864519:865243:clu_1706_NA	2.06888649641889	6.06757506623971	33.81008030196	1.94921333977679e-06	1.33184031768583e-05
TGME49_chrXI:1986258:1986835:clu_2370_NA	-6.49792363672029	3.65192390284983	35.2848926104705	1.98539231992746e-06	1.35401521255841e-05
TGME49_chrIb:1210840:1211135:clu_161_NA	-2.58736888968261	4.79862715437261	33.7400285496253	1.99030603487729e-06	1.3548244263631e-05
TGME49_chrX:780267:781224:clu_1968_NA	1.40562877228514	6.94746629571918	33.6929363484756	2.0024940448043e-06	1.36057305661003e-05
TGME49_chrXII:149242:149364:clu_2591_NA	1.18895951111675	7.20843479840007	33.6398772207686	2.02890850005382e-06	1.3759482085253e-05
TGME49_chrIa:884215:884737:clu_47_NA	-1.07803178096192	7.09666043421413	33.5982653363944	2.05004403329028e-06	1.38769274879146e-05
TGME49_chrXII:3827426:3827778:clu_2772_NA	-0.519943894856906	9.42004321787576	33.5543114182605	2.07237187220574e-06	1.40019921105351e-05
TGME49_chrXII:1881246:1881546:clu_2684_NA	1.23038205799224	7.30750208222507	33.3833653796654	2.16277147593179e-06	1.45856666326755e-05
TGME49_chrXI:1316667:1317054:clu_2346_NA	-0.691997583676929	8.88485200198864	33.2196545520991	2.2529472617547e-06	1.51656727712562e-05
TGME49_chrII:2142095:2142663:clu_311_NA	0.69872520784211	8.68509321617202	33.1983055008489	2.26502257284923e-06	1.51932843715725e-05
TGME49_chrVI:1324496:1324646:clu_740_NA	1.98972427673939	6.29793888337962	33.2024254421858	2.26540856379431e-06	1.51932843715725e-05
TGME49_chrX:13265:13765:clu_1932_NA	-1.66730196636723	5.95005547772868	33.1550273715403	2.29226311682906e-06	1.53450762977415e-05
TGME49_chrXII:2247209:2247554:clu_2715_NA	-0.739768283045479	8.08917116605941	33.1431020798388	2.29658691985376e-06	1.53457600251257e-05
TGME49_chrX:102423:112707:clu_1947_NA	-1.4820260695182	6.74495703559176	33.0739124549363	2.33728833869897e-06	1.55890699287537e-05
TGME49_chrIV:1731667:1731917:clu_502_NA	-0.427990739488433	10.3045643905557	32.9536402923085	2.40837650707071e-06	1.60337886505532e-05
TGME49_chrX:2153849:2154222:clu_2040_NA	0.75177241277239	8.53249130782157	32.9074018358549	2.43658447281253e-06	1.61919278951984e-05
TGME49_chrXII:3343553:3344211:clu_2756_NA	-3.39435236419838	4.22261631100288	32.1450834609061	2.4440327958104e-06	1.62117868846182e-05
TGME49_chrII:469872:470025:clu_223_NA	-0.49830288328768	10.1137895428005	32.82194758512	2.4895298209701e-06	1.64834989056946e-05
TGME49_chrXII:4810896:4811459:clu_2828_NA	-2.27937197367155	5.09973316270014	32.7779850053853	2.54439373830441e-06	1.68161295249755e-05
TGME49_chrXII:2800692:2801060:clu_2739_NA	-1.54519059865204	5.9673355987421	32.6562285506982	2.5982708889283e-06	1.71410429786831e-05
TGME49_chrVIIb:4545378:4545537:clu_1311_NA	-0.578459808375403	9.15803509505729	32.6030520032853	2.63095403078571e-06	1.73252135904095e-05
TGME49_chrXII:3148995:3149317:clu_2745_NA	1.12510123875176	7.28445923093053	32.5890063963606	2.64050071405477e-06	1.73391739887798e-05
TGME49_chrXII:7033649:7034081:clu_2942_NA	-3.36130849579075	4.36430664976752	32.0523028041029	2.64261413749217e-06	1.73391739887798e-05
TGME49_chrIII:2461728:2462647:clu_439_NA	-3.85693337809694	3.85559849804778	30.7146426551449	2.74540759552695e-06	1.79811830806135e-05
TGME49_chrVIII:3034418:3034807:clu_1467_NA	2.46266554480084	5.78315201368722	32.369258210729	2.80311874191292e-06	1.83261450123264e-05
TGME49_chrVIII:3033902:3034358:clu_1467_NA	2.55113144001262	5.72194694225897	32.3432691785493	2.82067152476809e-06	1.84077935233968e-05
TGME49_chrII:1517134:1517439:clu_284_NA	0.537030403248225	9.96942802751114	32.2908374774435	2.84759507730496e-06	1.85501937383576e-05
KE141018:855:1213:clu_3008_NA	-0.411826297501586	10.8178111109871	32.2007184510111	2.91360785365695e-06	1.89462693167138e-05
TGME49_chrVIIb:803601:803737:clu_1124_NA	-4.27663223947799	3.77725715678128	30.4357198676047	2.93434502281039e-06	1.90470431391353e-05
TGME49_chrVIII:667830:668585:clu_1365_NA	-0.413560932049461	10.4659643803301	31.9766989871785	3.08487382870865e-06	1.99884427225596e-05
TGME49_chrVIIb:4545378:4545762:clu_1311_NA	-3.27705739828645	4.30909058275193	31.3837954575203	3.14782216372918e-06	2.03600241372875e-05
TGME49_chrXII:149399:149811:clu_2591_NA	1.28544626164247	7.01952739288894	31.8239095330222	3.20823986757822e-06	2.07139465695326e-05
TGME49_chrII:922417:923252:clu_240_NA	1.46955803316327	6.84209150909567	31.703609089155	3.30897407540769e-06	2.13264552555088e-05
TGME49_chrX:779492:779784:clu_1968_NA	1.76568553814359	6.29887871154228	31.6957515836917	3.3175890398118e-06	2.13441347959573e-05
TGME49_chrIX:6279246:6281492:clu_1930_NA	-3.97626088243361	3.92924110484825	30.020020762652	3.335949380898e-06	2.14243392218449e-05
TGME49_chrXII:54056:54630:clu_2577_NA	2.29308315005463	5.87657379829434	31.6184570142033	3.39378082945972e-06	2.17573074340143e-05
TGME49_chrIb:1357226:1357331:clu_166_NA	0.530302541393606	9.50365351478392	31.3114123207251	3.65976640356969e-06	2.34212163327039e-05
TGME49_chrX:2158226:2158630:clu_2045_NA	0.653425094364832	8.79611758344977	31.1785905281413	3.7876746889655e-06	2.41971836456759e-05
TGME49_chrVIII:362535:363082:clu_1354_NA	1.41889505939905	6.80061241605829	31.1266723455531	3.83970025670739e-06	2.44865095318094e-05
TGME49_chrIb:1143393:1145305:clu_158_NA	1.09680744821238	7.28135942665878	31.0808543492737	3.88505065817639e-06	2.47323277451334e-05
TGME49_chrIV:1887356:1887937:clu_507_NA	-3.14008906867524	4.36356100026972	30.7040463963543	3.91060198993899e-06	2.48514654430563e-05
TGME49_chrXI:2992259:2992934:clu_2410_NA	-4.27632836353332	3.77772640971858	29.4061866330417	3.92765897232129e-06	2.48980689110621e-05
TGME49_chrXI:4979562:4980193:clu_2494_NA	1.05106039340708	7.37833345101262	31.0348548416597	3.93163454056386e-06	2.48980689110621e-05
TGME49_chrVIII:2625222:2625378:clu_1446_NA	1.69124232436818	6.29524588485808	31.0136331984419	3.9558542856864e-06	2.50078788321219e-05
TGME49_chrXI:3247586:3248000:clu_2420_NA	1.04672743710383	7.48009134958279	30.9884634154199	3.97924081023181e-06	2.50814327818346e-05
TGME49_chrV:1982328:1983027:clu_636_NA	0.654467648320666	8.83002911624067	30.9863134915403	3.98128933015642e-06	2.50814327818346e-05
TGME49_chrVIIb:2138244:2138613:clu_1191_NA	-0.598585860152649	9.0756427954546	30.9351891768166	4.03452064039194e-06	2.53728071415652e-05
KE139819:16033:19150:clu_2984_NA	-4.40107494800069	3.8552800698074	29.3052665124426	4.04244633607613e-06	2.53787434052448e-05
TGME49_chrV:67700:72561:clu_552_NA	-3.34578222867927	4.19333067797018	30.1754230176591	4.13060732497974e-06	2.58875131487954e-05
TGME49_chrV:1820267:1820648:clu_630_NA	-2.13819262523792	5.01909765330686	30.7824781018228	4.23993086501336e-06	2.65269340694037e-05
TGME49_chrVIII:6794248:6794670:clu_1637_NA	-0.516505267736532	9.28652778701328	30.7168755343962	4.27051424257941e-06	2.66723698827769e-05
TGME49_chrXI:4507998:4508342:clu_2470_NA	2.24249488254762	5.72116577804483	30.6554503116972	4.35623721068221e-06	2.71611016480786e-05
TGME49_chrVIII:2048139:2048603:clu_1410_NA	-3.14150433597264	4.22247148781558	29.9708996358421	4.58548840330781e-06	2.85415245651094e-05
TGME49_chrXII:1892446:1892567:clu_2688_NA	0.827270074249581	8.09475729603689	30.436693047552	4.59523517835381e-06	2.85532989287455e-05
TGME49_chrIa:551173:551704:clu_29_NA	-0.637529769804809	8.46242861135484	30.418551178419	4.61710399293405e-06	2.86402269868862e-05
TGME49_chrX:131456:131898:clu_1950_NA	-2.36543692911634	4.93227991579897	30.4149241096318	4.66913663309363e-06	2.89136484860227e-05
TGME49_chrX:86404:86652:clu_1939_NA	-2.56204222433648	4.85719431860362	30.3867832374572	4.68994620481507e-06	2.8993119820583e-05
TGME49_chrV:3110264:3112287:clu_679_NA	0.726619059730627	8.44964379459722	30.2035777086366	4.88534394830988e-06	3.01497882039158e-05
TGME49_chrIb:1722889:1723085:clu_182_NA	0.822201531594273	8.08024059528366	30.1804695403085	4.91518709583929e-06	3.02825510057217e-05
TGME49_chrXII:3149352:3149882:clu_2745_NA	1.28952520090831	6.91264045096807	30.1595944392118	4.94289512744752e-06	3.04017322982601e-05
TGME49_chrX:901927:903030:clu_1975_NA	-1.72687817831007	5.66593585762356	30.1549370598341	4.95780280008143e-06	3.04419141525271e-05
TGME49_chrXI:2146661:2147017:clu_2378_NA	-0.835640760875161	7.58887126231498	30.0869414472729	5.0379351950272e-06	3.08817781347789e-05
TGME49_chrII:1804366:1805434:clu_296_NA	0.915639218399937	7.75915036087914	30.0737722642307	5.05540241157142e-06	3.09366797408453e-05
TGME49_chrVIII:4908205:4909318:clu_1541_NA	-0.933395955674124	7.34104621445614	30.0506887776953	5.08644545019023e-06	3.10743348091453e-05
TGME49_chrIa:444056:444702:clu_19_NA	0.850706993288901	8.11349396150235	29.8778247909226	5.32395003880627e-06	3.24689562138463e-05
TGME49_chrXII:3441520:3441998:clu_2759_NA	1.28004283736869	6.78554968913503	29.8722859165773	5.33259060788618e-06	3.24689562138463e-05
TGME49_chrX:3055791:3056435:clu_2094_NA	-0.371289966456471	10.8067031313199	29.7612766643734	5.49076183542993e-06	3.33761191835916e-05
TGME49_chrX:95316:95625:clu_1943_NA	-2.2005378016004	4.94866854369213	29.6762224850342	5.67285416846515e-06	3.44254171992835e-05
TGME49_chrVIIb:2200536:2201414:clu_1198_NA	0.533057303583767	9.6312787837708	29.5915492865833	5.74393162366619e-06	3.47986524200443e-05
TGME49_chrXI:1181676:1182161:clu_2342_NA	1.35469242189498	6.87589267963874	29.5399543243731	5.82425145619237e-06	3.52265458290503e-05
TGME49_chrVIII:6843533:6843684:clu_1658_NA	-0.672589506247541	8.59822621281261	29.5292363011871	5.84003444722019e-06	3.5263330922999e-05
TGME49_chrIII:305122:306022:clu_338_NA	-0.739371133669246	8.01253063749712	29.4908672588383	5.90007611243527e-06	3.55667938121098e-05
TGME49_chrV:1820508:1820648:clu_630_NA	-0.468037460194113	9.65306962777506	29.3656172116056	6.10036779027465e-06	3.6713306155047e-05
TGME49_chrX:2154355:2154555:clu_2041_NA	0.726583142840983	8.58661453303747	29.3187574341517	6.17727211772187e-06	3.71146845420149e-05
TGME49_chrXII:5060833:5061602:clu_2842_NA	0.974205122773631	7.95059227945233	29.2261204581308	6.3323130683187e-06	3.79834290484134e-05
TGME49_chrIV:1969650:1969919:clu_511_NA	-2.16481722853133	5.13215164601102	29.1899958739869	6.44771528143948e-06	3.86119358287192e-05
TGME49_chrVI:1687534:1688000:clu_759_NA	-2.37655852307433	4.87706676565459	29.1463609865775	6.5291008477472e-06	3.90350026012517e-05
TGME49_chrII:1452062:1452760:clu_277_NA	0.663017063666498	8.70079765973567	29.1004787754497	6.54900770874098e-06	3.90528920339064e-05
TGME49_chrIX:3341362:3341468:clu_1823_NA	-0.444529374032842	9.87460585011704	29.0978348241206	6.55358023127452e-06	3.90528920339064e-05
TGME49_chrXI:4573935:4574199:clu_2473_NA	0.518438978527583	9.6242179142804	29.0695756303998	6.60347342730859e-06	3.92858034505184e-05
TGME49_chrV:3020570:3020945:clu_671_NA	-0.58584488507841	8.74423816357993	29.0316105175902	6.67118402472771e-06	3.96152627504905e-05
TGME49_chrVIIa:16093:16696:clu_853_NA	-4.40029420212595	3.85619968430178	27.5734446792096	6.68064816122439e-06	3.96152627504905e-05
TGME49_chrIV:2676179:2676913:clu_537_NA	-0.435452047435719	9.81030862994776	28.9545142591847	6.81076790258387e-06	4.03210770780006e-05
TGME49_chrV:500948:501306:clu_568_NA	-1.99431283954234	5.25242949963066	28.8700791206445	7.00910780943896e-06	4.14278160769279e-05
TGME49_chrX:5472052:5473313:clu_2189_NA	-0.393731662925209	10.4676018163662	28.766235324428	7.16507952616343e-06	4.22809481779287e-05
TGME49_chrIV:1165788:1165904:clu_475_NA	-0.746017692328164	8.46449616996445	28.7163029901601	7.2624127848969e-06	4.27749258037623e-05
TGME49_chrX:6294966:6295506:clu_2242_NA	-0.505206504846453	9.55039321447442	28.711206913208	7.27232576251034e-06	4.27749258037623e-05
TGME49_chrIX:5369247:5369764:clu_1909_NA	-2.7866224798289	4.49165786937862	28.6031510022228	7.29471894042708e-06	4.2837323664705e-05
TGME49_chrX:3053639:3054138:clu_2093_NA	-0.33022868064798	11.1721719837521	28.6909694896544	7.31216553843892e-06	4.28472478834973e-05
TGME49_chrVIIa:1751417:1752651:clu_937_NA	1.0466431356569	7.35792211150882	28.6872301813714	7.31998375121096e-06	4.28472478834973e-05
TGME49_chrVIIa:1224103:1224322:clu_906_NA	0.874562366762782	7.72810924716664	28.6026961871993	7.48903510096607e-06	4.37663064180252e-05
TGME49_chrXII:2088206:2088953:clu_2706_NA	0.577444906786432	8.98255203454478	28.5682688346316	7.55897015216907e-06	4.41041035363316e-05
TGME49_chrIX:876428:876802:clu_1709_NA	-3.05323342455123	4.30840483699088	28.207969009706	7.67886026003658e-06	4.47318221878734e-05
TGME49_chrVIII:6106160:6106571:clu_1598_NA	-3.72691693458112	3.77755558520668	27.1287893516658	7.69705952462957e-06	4.47660981952456e-05
TGME49_chrVIIb:3114479:3114994:clu_1247_NA	-2.03185968864357	5.14824993074945	28.5049210291675	7.74555170518311e-06	4.49761668503844e-05
TGME49_chrVIIb:1211010:1211325:clu_1151_NA	0.574985617666721	9.17645786917624	28.4294221368925	7.84887523926433e-06	4.55034473600093e-05
TGME49_chrIa:447093:447939:clu_20_NA	0.798724703225233	7.99178678677293	28.3920358394028	7.92909302199306e-06	4.5895307539721e-05
TGME49_chrIII:837690:838056:clu_367_NA	-0.718176215604244	8.13598870771795	28.3818481816099	7.95102521964232e-06	4.59490885109695e-05
TGME49_chrXII:1878702:1878872:clu_2682_NA	1.05095164432314	7.37763751320581	28.3304533852569	8.06314867071611e-06	4.65230879651636e-05
TGME49_chrVI:944855:945068:clu_723_NA	0.488388447317515	9.48388467941995	28.292536126971	8.14631334149506e-06	4.68609809845804e-05
TGME49_chrVIII:2295344:2295803:clu_1437_NA	-0.79592525868382	7.91247499081003	28.2920788012716	8.14749380529706e-06	4.68609809845804e-05
TGME49_chrVIIb:1211453:1212166:clu_1151_NA	0.560940177567111	9.0641435635418	28.1674747039271	8.42861825409361e-06	4.84013070357508e-05
TGME49_chrV:1769412:1769689:clu_626_NA	0.840148530929735	8.03309069596046	28.1494639248751	8.47025043950402e-06	4.85636598542541e-05
TGME49_chrIX:211864:212354:clu_1668_NA	-1.0369243562729	6.90374647958884	28.1002959015846	8.58545200081517e-06	4.91466425558475e-05
TGME49_chrIX:3351790:3352175:clu_1824_NA	-0.463319273770652	9.82706969403948	28.0789333308417	8.63468809471945e-06	4.93507723652597e-05
TGME49_chrIX:5111948:5112485:clu_1902_NA	-2.70746393920718	4.62985128297946	28.0108544204521	8.72687932954681e-06	4.97993820453731e-05
TGME49_chrII:1776710:1777218:clu_293_NA	-2.11493914029623	5.36253936731602	28.0192339368941	8.82379530291125e-06	5.0273504586336e-05
TGME49_chrVIIb:481752:481896:clu_1100_NA	-0.822118157521229	7.48357773377197	27.80725309925	9.3018348513379e-06	5.2841567504317e-05
TGME49_chrXII:352527:353004:clu_2613_NA	-0.360361153566709	10.6132981860612	27.8063858930394	9.30360473253449e-06	5.2841567504317e-05
TGME49_chrXII:2285113:2286140:clu_2717_NA	-0.291489276166668	11.9032752622428	27.7975882063906	9.32609276112842e-06	5.2886657077538e-05
KE138862:3964:4365:clu_2951_NA	-1.24587103700588	6.33646222704956	27.7353684267366	9.48981911238392e-06	5.37312966877189e-05
TGME49_chrIX:3367949:3368107:clu_1831_NA	-0.455375107433757	9.72582631193892	27.7098018891766	9.55374608391803e-06	5.40091244401898e-05
TGME49_chrXI:4153156:4153551:clu_2445_NA	-0.684246417212377	8.14485791030061	27.6841325297174	9.62157775646939e-06	5.43081291067798e-05
TGME49_chrX:5406657:5410462:clu_2184_NA	2.84638541579364	5.45707525609154	27.6457341520575	9.68544254823905e-06	5.45838506400759e-05
TGME49_chrX:2448383:2448628:clu_2061_NA	0.776422679586736	8.30332631638759	27.6516788157689	9.70783993276093e-06	5.4625384141774e-05
TGME49_chrX:3231723:3232078:clu_2101_NA	1.77827448862608	6.0544717558524	27.6249960525889	9.79050655203663e-06	5.50053961617514e-05
TGME49_chrXII:4186240:4186636:clu_2801_NA	-2.70353411478245	4.44159734744249	27.5181152325431	9.82467441562016e-06	5.51121782419433e-05
TGME49_chrIX:5316882:5317052:clu_1905_NA	0.829189543608463	7.94184526289169	27.576803583961	9.91018465093205e-06	5.55061960032943e-05
TGME49_chrVIII:5276327:5276937:clu_1556_NA	-0.400187791390871	10.3339964508578	27.5409561378459	1.00083469796952e-05	5.59697558018342e-05
TGME49_chrVIIb:2289184:2289982:clu_1205_NA	1.73677836286184	6.01994947912262	27.5033715862645	1.0124297747096e-05	5.65312170671185e-05
TGME49_chrVIII:6806998:6807142:clu_1643_NA	1.38155554912762	6.70159537059851	27.4782552255266	1.01850191403918e-05	5.67313240520639e-05
TGME49_chrXII:3181563:3182593:clu_2748_NA	-0.610842620339981	8.50734576227095	27.4753314199661	1.01913492726266e-05	5.67313240520639e-05
TGME49_chrIa:1354851:1355385:clu_65_NA	-0.932094612116638	7.15346449197144	27.4380157522763	1.02975523464836e-05	5.72348666352723e-05
TGME49_chrXII:6574587:6574810:clu_2921_NA	-3.0861845449122	4.03383244745334	26.8601788724072	1.03955483005124e-05	5.76913253013171e-05
TGME49_chrVIIa:3817966:3818428:clu_1035_NA	0.955794075150389	7.50607347441743	27.3678837920719	1.04988044661644e-05	5.81755399916272e-05
TGME49_chrX:3056750:3057183:clu_2095_NA	-0.330833483847009	11.3894010117597	27.3617139610231	1.05162771218507e-05	5.81836641368758e-05
TGME49_chrX:5803105:5803252:clu_2210_NA	-3.53840571906581	4.13126725721799	26.5997545206403	1.05722519797662e-05	5.84044619246965e-05
TGME49_chrX:6379369:6379611:clu_2247_NA	1.91378417789564	6.01801450042227	27.3277024996026	1.06318526569977e-05	5.8644589390268e-05
TGME49_chrVIIa:4368977:4369088:clu_1068_NA	3.69855748242628	4.87192928080538	26.91682253549	1.07762241464345e-05	5.93508708671053e-05
TGME49_chrVIIa:494455:494559:clu_874_NA	0.408805072510549	10.275457573609	27.2541502350457	1.08342244800226e-05	5.95350501327162e-05
TGME49_chrVI:1322875:1322990:clu_739_NA	1.25977330112288	6.76902888222883	27.2519997946859	1.08424217848303e-05	5.95350501327162e-05
TGME49_chrV:2768852:2769405:clu_662_NA	1.04296648848594	7.45951278592839	27.225406129518	1.09214280612318e-05	5.98784178017764e-05
TGME49_chrXI:3157247:3157937:clu_2418_NA	-3.20730676875073	3.92931627184349	26.4829285852579	1.09405567142766e-05	5.98929573138486e-05
TGME49_chrXI:4205121:4205418:clu_2452_NA	-3.19556602528525	4.09969421681015	26.6742826262053	1.09648779101847e-05	5.99358363962728e-05
TGME49_chrIX:866276:866640:clu_1708_NA	1.71123291143405	6.25510818822362	27.1649658192193	1.11129320305454e-05	6.06539158123612e-05
TGME49_chrVI:1711482:1711797:clu_773_NA	-1.14065293557138	6.69258907372522	27.143012951385	1.11753331389851e-05	6.09030524141094e-05
TGME49_chrVIII:3307666:3308121:clu_1475_NA	1.69450645827192	6.18054557076853	27.0199165899234	1.15711901026143e-05	6.29659820703638e-05
TGME49_chrIV:1888082:1888514:clu_508_NA	-2.25377689021104	5.03546248238614	26.9183966828822	1.19977767541864e-05	6.5094374582791e-05
TGME49_chrX:3052833:3053172:clu_2092_NA	-2.78538574720892	4.49107081064563	26.801123667122	1.19981378185612e-05	6.5094374582791e-05
TGME49_chrXI:2983200:2983814:clu_2408_NA	-1.40662513703589	6.17058667788403	26.8252742072976	1.22130029635968e-05	6.61613498847607e-05
TGME49_chrVIII:2625389:2625894:clu_1447_NA	-2.58468000835823	4.46648997442262	26.7591419081287	1.22564805707702e-05	6.62980757064725e-05
TGME49_chrVI:830188:830860:clu_709_NA	1.54815455000964	6.33663171250435	26.7822032005412	1.23606846720025e-05	6.67623904646791e-05
TGME49_chrXI:120073:120564:clu_2299_NA	2.15424495860248	5.64778508370893	26.7588872770168	1.2476796309128e-05	6.72895468600596e-05
TGME49_chrVIII:3995541:3995766:clu_1505_NA	-3.09241115883996	4.19289840098596	26.3219419788913	1.26520693291833e-05	6.81337363134536e-05
TGME49_chrVIII:1663357:1663977:clu_1398_NA	-0.880282581821051	7.22136037487829	26.6712288950095	1.27458491701882e-05	6.85372214994585e-05
TGME49_chrVIIb:2703755:2704260:clu_1220_NA	-2.6170321726357	4.38938196557614	26.2977631866063	1.38280733229569e-05	7.42467452421686e-05
TGME49_chrXII:4915794:4916507:clu_2831_NA	1.25993323652031	6.70503113936044	26.3706193709636	1.38703641131277e-05	7.43639727894087e-05
TGME49_chrVIIa:2237977:2238670:clu_973_NA	0.586347108100247	8.77735800511975	26.2892917153338	1.41897518938395e-05	7.59642829662835e-05
TGME49_chrXII:241662:243748:clu_2598_NA	-3.87434815964956	4.13264401264891	25.346319651173	1.42276632541767e-05	7.60552293072536e-05
TGME49_chrVI:1344033:1344191:clu_744_NA	0.747513618161134	8.09924471422798	26.0851865891372	1.50325234370526e-05	8.02396809011543e-05
TGME49_chrVIIa:487704:488168:clu_868_NA	-1.47804430802256	5.84964082127479	26.0703090386871	1.51084059901222e-05	8.04695309839917e-05
KE140801:1017:1934:clu_3003_NA	3.02547677413091	5.11185018110636	25.9829733975108	1.51198596044199e-05	8.04695309839917e-05
TGME49_chrVIII:6806111:6806325:clu_1642_NA	1.43053461460497	6.42767644114375	26.0540406977566	1.51701561351822e-05	8.0517120921534e-05
TGME49_chrX:134452:135558:clu_1953_NA	-0.818744376343549	7.72665680987903	26.0523681155272	1.51731025670566e-05	8.0517120921534e-05
TGME49_chrIX:3341162:3341273:clu_1823_NA	-0.49447581317269	9.42153604694553	25.999972911231	1.53997690894739e-05	8.16008172598214e-05
TGME49_chrXII:6332470:6332803:clu_2909_NA	-0.526020088808891	9.03120160352407	25.9837415403842	1.5470898691787e-05	8.185839409701e-05
TGME49_chrXII:1892165:1892390:clu_2688_NA	0.70675812271395	8.24409502275708	25.9736041477447	1.55155592137628e-05	8.19753746250405e-05
TGME49_chrXII:3003792:3004537:clu_2743_NA	1.42699853244952	6.70176536219099	25.9480025705266	1.5631500707541e-05	8.24680770274481e-05
TGME49_chrX:135584:135686:clu_1953_NA	-0.797570343453705	7.6546807573487	25.8975721671272	1.58544559409561e-05	8.35231120947471e-05
TGME49_chrVI:3188862:3189846:clu_830_NA	-0.387058621917883	10.3802631501433	25.8665128283327	1.59945326227965e-05	8.41391115540743e-05
TGME49_chrXII:1881593:1881682:clu_2684_NA	2.40879446688086	5.73736615369679	25.7918154598226	1.6389565508402e-05	8.60925876055507e-05
TGME49_chrVIIb:4545661:4545762:clu_1311_NA	-0.498609983480589	9.41851912751491	25.7754704840832	1.64144046051983e-05	8.60986446463143e-05
TGME49_chrVIIb:857026:857434:clu_1132_NA	-2.45224996820745	4.56287582781026	25.7572745965055	1.64656395382225e-05	8.62429390798831e-05
TGME49_chrX:3001925:3002350:clu_2087_NA	0.748964704132809	8.24347898880857	25.7430119201543	1.65670684240924e-05	8.66493434842821e-05
TGME49_chrIII:966819:967161:clu_378_NA	-0.84051245090622	7.80249734692789	25.6936923984978	1.68018697150912e-05	8.77511442735006e-05
TGME49_chrXII:164227:165802:clu_2594_NA	-0.303698219471709	11.4803057863934	25.6100055112341	1.72076308099551e-05	8.97413744536396e-05
TGME49_chrVIIa:527205:527980:clu_877_NA	-1.92056172476308	5.08520322818755	25.6169076310461	1.72825631006594e-05	9.0003032766328e-05
TGME49_chrX:739428:739613:clu_1967_NA	-1.49583978413258	5.78777246282998	25.5734935951709	1.7404458758743e-05	9.05081653619897e-05
TGME49_chrVIIa:493689:493788:clu_873_NA	0.548429783321554	9.16797961410449	25.5252923455219	1.76296305208367e-05	9.15481527760589e-05
TGME49_chrX:3057528:3058142:clu_2095_NA	-0.313561905341208	11.3464758691684	25.4850380158425	1.78338232427019e-05	9.24763872856226e-05
TGME49_chrX:3536057:3537005:clu_2115_NA	-2.65649366225885	4.30809228306304	25.3144594219013	1.80996646924705e-05	9.37150197420692e-05
TGME49_chrX:2450705:2450935:clu_2065_NA	0.635576709456981	8.8649513194561	25.4286880143021	1.81242527864304e-05	9.37150197420692e-05
TGME49_chrII:309215:309568:clu_211_NA	2.30301814310593	5.98925422205711	25.39499880109	1.83449466945833e-05	9.47214222085375e-05
TGME49_chrXI:6243149:6243835:clu_2556_NA	-3.79309648920896	3.81746953802489	24.2607614158759	1.83758670482535e-05	9.4746491801988e-05
TGME49_chrXII:3564982:3565218:clu_2761_NA	0.879114785978384	7.65083657794355	25.3354235285598	1.86162078904921e-05	9.5849738926259e-05
TGME49_chrXI:3616347:3616934:clu_2429_NA	2.53468628050245	5.55729869102589	25.2438331543555	1.91502245084488e-05	9.84597823029864e-05
TGME49_chrVIIb:2969200:2970797:clu_1238_NA	-1.69053587921583	5.30936580720236	25.1307232228222	1.98087273336477e-05	0.000101701587369787
TGME49_chrIX:902728:902998:clu_1717_NA	0.458536620521016	9.72489812191522	25.0970839146772	1.99374637524795e-05	0.000102218167475688
TGME49_chrXI:5845520:5845788:clu_2526_NA	-3.09291985171882	4.19313017203426	24.7254407762215	2.01461331508865e-05	0.000103142526765454
TGME49_chrV:1984055:1984608:clu_637_NA	0.723059342016298	8.22079690383841	25.0424668449382	2.02544860080328e-05	0.000103551415807594
TGME49_chrXII:6673221:6673563:clu_2923_NA	-3.72738295353743	3.77729606680877	23.9028560270665	2.05473113491104e-05	0.000104900950497214
TGME49_chrVIII:5146406:5146803:clu_1550_NA	-2.25082167067023	4.73836491544127	24.992859558309	2.06893059019797e-05	0.000105477737662968
TGME49_chrXII:779989:780415:clu_2642_NA	-2.10550481129402	4.83720822303538	24.923041248283	2.11364685256748e-05	0.000107606530939535
TGME49_chrVIII:1880465:1881127:clu_1404_NA	0.688424584277244	8.26929111705016	24.8412056792907	2.14688381650332e-05	0.000109145771650204
TGME49_chrIX:900976:901490:clu_1716_NA	-1.29475921905078	6.39231177153073	24.8320594628317	2.15311349474936e-05	0.000109309602701312
TGME49_chrXI:4099374:4100543:clu_2442_NA	-2.22114914650029	4.65248871322021	24.6916988288977	2.25482342019091e-05	0.000114313572278856
TGME49_chrIX:2657657:2658346:clu_1795_NA	-1.86081475473635	5.05182381862654	24.6141505571447	2.30704014392388e-05	0.000116797923720937
TGME49_chrVIIa:4360053:4360245:clu_1064_NA	0.562532594046938	8.83110793941104	24.5724014463026	2.32130523186937e-05	0.000117356669232895
TGME49_chrVIII:1157959:1158346:clu_1386_NA	1.42270043754503	6.58632412206787	24.4744462202953	2.38906894912389e-05	0.000120614800417574
TGME49_chrIII:1276875:1277276:clu_392_NA	-1.1147079166387	6.74920979165873	24.4280844142284	2.42142340184185e-05	0.000122078697166368
TGME49_chrVIII:2297028:2297234:clu_1438_NA	-0.73898380221364	7.77640406190808	24.3046657537155	2.51017491877138e-05	0.000126377920079418
TGME49_chrX:5189844:5190113:clu_2177_NA	0.434744501725531	9.66303747500357	24.2811465790388	2.52747128008057e-05	0.000127072726183857
TGME49_chrII:418916:419169:clu_220_NA	1.29049286346834	6.51867313375261	24.2764372988767	2.53148526748372e-05	0.000127098742366068
TGME49_chrXI:2408744:2409154:clu_2391_NA	1.69065326912348	6.11428640880312	24.2374179085558	2.56196553974851e-05	0.000128451651544632
TGME49_chrX:7366495:7366770:clu_2284_NA	0.460316144070823	10.0355807927813	24.2106418090348	2.58025642505225e-05	0.000129190524863153
TGME49_chrVIIb:463469:463838:clu_1098_NA	2.57581038699129	5.23169442394944	24.1587401087976	2.61157329082887e-05	0.000130578664541444
TGME49_chrXII:3856710:3857155:clu_2781_NA	6.40008776052731	4.38449279145615	24.4167689334413	2.62835848180657e-05	0.000131237404963831
TGME49_chrVI:3356567:3358220:clu_836_NA	-0.319995495162878	10.8634866840385	24.0921869710483	2.6716099756774e-05	0.000133214022792694
TGME49_chrVIIa:2534704:2535069:clu_986_NA	1.05243904761793	7.07750667873123	24.0644483408367	2.69368698299398e-05	0.000134130851824426
TGME49_chrXI:120077:120564:clu_2299_NA	2.34235673163299	5.39732282471288	24.0419118042108	2.71666551044454e-05	0.000135090001784759
TGME49_chrVIII:2295900:2296242:clu_1437_NA	-0.798718147515664	7.60378743390983	23.9918057492444	2.75181514289333e-05	0.000136650929568542
TGME49_chrVIII:4612297:4612734:clu_1527_NA	0.727522904007423	8.0923193693716	23.9293163123984	2.80293402711061e-05	0.000138999525082497
TGME49_chrVIII:6830818:6830981:clu_1652_NA	-4.14059896344097	3.69483317687373	22.8861798864194	2.81122487444518e-05	0.000139084681595391
TGME49_chrIX:876484:876802:clu_1709_NA	-3.08581115114255	4.03382908522541	23.4911877678334	2.81230374064959e-05	0.000139084681595391
TGME49_chrIX:735200:735529:clu_1697_NA	0.949522861614527	7.38613315220274	23.9060506329307	2.82231439058865e-05	0.000139377211430339
TGME49_chrXII:7037489:7039199:clu_2943_NA	-2.49228469428317	4.58543003466642	23.8951710520055	2.82588734041706e-05	0.000139377211430339
TGME49_chrX:6978800:6979009:clu_2265_NA	-1.29283073629287	5.99415435140951	23.8558614545896	2.8657138900627e-05	0.00014114999986962
TGME49_chrXII:686383:686524:clu_2636_NA	-0.677769601927529	7.86843897401302	23.7945183559065	2.91679974558235e-05	0.000143471814278645
TGME49_chrVIII:6807202:6807600:clu_1644_NA	1.34407530609021	6.80486355415814	23.7684307858728	2.93974340452355e-05	0.000144404963181664
TGME49_chrIX:5317692:5317972:clu_1906_NA	0.728491254897822	8.27791127467896	23.7495902988345	2.95581366290457e-05	0.000144929152889741
TGME49_chrVIIa:488701:489094:clu_869_NA	-1.86015456491451	5.05174993810119	23.7659670507164	2.95838876050036e-05	0.000144929152889741
TGME49_chrX:131456:132079:clu_1950_NA	-1.24375307587979	6.12625275754497	23.676624275223	3.02146553904603e-05	0.000147804333282768
TGME49_chrVI:48022:48318:clu_692_NA	-0.735194876395316	7.58479429399773	23.6713182953878	3.02521111313285e-05	0.000147804333282768
TGME49_chrXII:5032159:5033139:clu_2839_NA	-0.9355120023529	7.17754638020186	23.6472810427104	3.04693827688805e-05	0.00014866604881192
TGME49_chrVIIa:1871517:1872059:clu_943_NA	-0.416066213878876	9.67650805026058	23.6415392913516	3.05195445478044e-05	0.000148711185564704
TGME49_chrIX:3357338:3358333:clu_1826_NA	-1.8519158767944	5.13214621244875	23.6278352423775	3.07963779278622e-05	0.000149844465734618
TGME49_chrX:3527508:3528118:clu_2114_NA	0.930474795540362	7.24784753839839	23.6070958169177	3.08345695651979e-05	0.000149844465734618
TGME49_chrIX:6264728:6265161:clu_1929_NA	-1.55890767048077	5.7979106482769	23.5966619521018	3.0955969278362e-05	0.000150233575870288
TGME49_chrXI:3142911:3143681:clu_2417_NA	2.04291309567009	5.55660773481219	23.5376397463648	3.15639183004388e-05	0.000152979790696127
TGME49_chrXI:5233474:5233677:clu_2502_NA	-0.31075253328673	11.0739780318262	23.4757589831484	3.20604573131232e-05	0.000155179443852467
TGME49_chrXII:601451:601748:clu_2631_NA	-0.639340822852108	8.33318416372712	23.4157653518492	3.26387865954366e-05	0.000157768602758527
TGME49_chrVIII:4447483:4447798:clu_1519_NA	-0.673730773055578	8.10518575832006	23.3684070328915	3.31029433663906e-05	0.000159799733249442
TGME49_chrV:1007775:1008897:clu_587_NA	-0.498023359404079	8.94804518750407	23.3308858106981	3.34753399776412e-05	0.000161383104534119
TGME49_chrIX:676905:677287:clu_1695_NA	-0.550795992743229	8.72060152634839	23.2319333821585	3.44797546106128e-05	0.000166005176171626
TGME49_chrXII:1881593:1882452:clu_2684_NA	1.09215719750461	6.83906265868149	23.2158747113783	3.46489914775519e-05	0.000166599317487964
TGME49_chrX:5067145:5067595:clu_2172_NA	0.84010798694579	7.62287058008236	23.197240015896	3.48401386244869e-05	0.00016729709894321
TGME49_chrVIIa:1223811:1223942:clu_906_NA	0.836062163928041	7.79668629250364	23.1869992613976	3.49469043913674e-05	0.000167588387153853
TGME49_chrXI:3329158:3329640:clu_2423_NA	0.461920351372657	9.550999735141	23.1399838269719	3.54416345100439e-05	0.000169541041055999
TGME49_chrXII:436132:436637:clu_2621_NA	0.573174462821206	8.89220061866993	23.1394631287584	3.54473703445829e-05	0.000169541041055999
TGME49_chrX:132170:132661:clu_1950_NA	-1.09164183470852	6.52349578195201	23.0897996387334	3.59846529116884e-05	0.000171704584553783
TGME49_chrV:539511:540018:clu_574_NA	-1.08183404788894	6.90876006962035	23.0886674884041	3.59941935158138e-05	0.000171704584553783
TGME49_chrX:5608890:5609133:clu_2197_NA	1.13108973586589	6.75740835002954	23.0655491250778	3.62455882023333e-05	0.000172677212471142
TGME49_chrVIIb:1617027:1617244:clu_1170_NA	6.40064325761124	4.38502907639155	23.2639585138285	3.67722243943417e-05	0.000174860864471572
TGME49_chrVIII:4985841:4986410:clu_1544_NA	-1.02127709948103	6.61745910898972	23.0150320785479	3.68001544211148e-05	0.000174860864471572
TGME49_chrXII:675229:675593:clu_2633_NA	-4.14004878380912	3.69535816256734	22.0441578216782	3.68632843197354e-05	0.000174932165146525
TGME49_chrIX:3570187:3570578:clu_1845_NA	1.0277388744751	7.12343719448785	22.7765601674087	3.95361269449291e-05	0.000187371344778119
TGME49_chrVI:925746:926004:clu_718_NA	0.764992773912367	7.71898707387112	22.7611292026333	3.97192406139522e-05	0.000187994062020464
TGME49_chrIb:1357488:1357600:clu_166_NA	0.434212175073705	9.69972868488657	22.7116616475038	4.03161688611879e-05	0.000190481746628103
TGME49_chrVI:71080:71590:clu_693_NA	0.613993419511687	8.57773281544434	22.7089406547661	4.03496409638622e-05	0.000190481746628103
TGME49_chrVI:3467127:3468184:clu_839_NA	-0.567221394840669	9.10032857650132	22.6978260684475	4.04852899671773e-05	0.000190874227017755
TGME49_chrIa:1014333:1014822:clu_48_NA	-1.30209149556055	6.05593957279144	22.6865298935619	4.06400883294796e-05	0.00019135585631821
TGME49_chrXI:3156721:3157086:clu_2418_NA	-2.55682735880215	4.25166687528723	22.5487815938951	4.11349039334068e-05	0.000193435156271583
TGME49_chrIX:211889:212354:clu_1668_NA	-1.36763900976874	5.76988706031932	22.5766319470918	4.20279308145941e-05	0.00019737923580239
TGME49_chrV:526223:526780:clu_572_NA	-1.4177099597206	5.63167639396027	22.5623268524979	4.22225584652944e-05	0.000198037419382381
TGME49_chrXI:4205441:4205784:clu_2453_NA	-1.06780178072348	6.90694649846504	22.5505570028856	4.2334153339145e-05	0.000198304957973959
TGME49_chrVIIb:1531879:1532413:clu_1157_NA	0.425547031633586	9.87762168989672	22.5269846776026	4.26340655493072e-05	0.000199452803438522
TGME49_chrXI:1568671:1569461:clu_2351_NA	-0.4435808966856	9.23450191737025	22.4865719328572	4.31602335081408e-05	0.000201654818511686
TGME49_chrVI:1111533:1112395:clu_733_NA	1.53593975905959	6.11133840867724	22.47930077561	4.32784551195403e-05	0.000201947605082836
TGME49_chrVIIb:1617275:1617647:clu_1170_NA	2.00233468940486	5.63522704001502	22.4697326674954	4.34859548090156e-05	0.000202655699654835
TGME49_chrV:56187:56441:clu_551_NA	-0.954972180218518	7.15708774092216	22.450667593971	4.36355879221317e-05	0.000203092653133097
TGME49_chrXII:6331866:6332415:clu_2908_NA	-0.47958710954686	9.02029428883784	22.424238122371	4.39851322632443e-05	0.000204457743960221
TGME49_chrX:1582860:1583336:clu_2007_NA	6.2609957607454	4.27574095586565	22.6437700986024	4.42224659470447e-05	0.000205298421095157
TGME49_chrVIIa:1349172:1349667:clu_909_NA	1.6749270236371	5.89759324178071	22.3582687899772	4.49224927608041e-05	0.000208269757878716
TGME49_chrIV:2156458:2157260:clu_517_NA	-0.422317059451012	9.56584051107287	22.3508869256604	4.49771003947158e-05	0.000208269757878716
TGME49_chrX:2310875:2311011:clu_2050_NA	1.13957349383579	6.73497922462343	22.3380477046707	4.51584193363301e-05	0.000208747255433591
TGME49_chrXI:3910805:3911573:clu_2435_NA	-0.433811892752937	9.43859372120864	22.3325306063731	4.52292017151012e-05	0.000208747255433591
TGME49_chrVI:945155:945387:clu_723_NA	0.471743367097675	9.33093965292523	22.3308380336357	4.52524999399366e-05	0.000208747255433591
TGME49_chrXI:6242094:6242915:clu_2555_NA	-1.3347037304197	5.83941403336284	22.3152484133184	4.54954063499147e-05	0.000209601777036679
TGME49_chrXII:4653307:4653531:clu_2816_NA	0.829957713666669	7.4996274176505	22.2889991042813	4.58341367801396e-05	0.0002108950470833
TGME49_chrVI:508815:509801:clu_703_NA	-0.855635884974585	7.1835997498369	22.2607501607727	4.6231507097712e-05	0.000212454523767614
TGME49_chrX:6061427:6061800:clu_2228_NA	-2.82117660193437	4.0340535076375	21.982489361833	4.63338763372059e-05	0.000212656111724424
TGME49_chrXII:1885153:1885668:clu_2685_NA	-1.34310700823957	5.7802296028447	22.2449838073046	4.64837285108466e-05	0.000213074846326516
TGME49_chrIa:141885:142339:clu_10_NA	-0.363507922167856	10.1857581224967	22.2350119786952	4.65933627452494e-05	0.000213308405011312
TGME49_chrVIIb:688063:688411:clu_1114_NA	1.14228174887892	7.00774526853029	22.0793240949805	4.88669763031361e-05	0.000223396977007611
TGME49_chrXI:5099747:5099998:clu_2499_NA	0.903816377213274	7.29867953654281	22.0756709746306	4.89199432456832e-05	0.000223396977007611
TGME49_chrVIIb:2239126:2239535:clu_1203_NA	-0.744013418645061	7.51936030661351	22.0463976281739	4.93598393514503e-05	0.000225122981232775
TGME49_chrVIIb:2749433:2749631:clu_1224_NA	-2.70157049822838	4.22238312975102	21.9062798459652	4.94467307777514e-05	0.000225236674658053
TGME49_chrVI:956870:957206:clu_725_NA	1.0927896579572	6.81222661368733	21.9965079733246	5.01234152014511e-05	0.000228033309458416
TGME49_chrXII:2442604:2442908:clu_2723_NA	0.83686809126253	7.47635518625326	21.9736858087157	5.04719330808459e-05	0.000229331845936094
TGME49_chrIX:5316484:5316763:clu_1905_NA	0.715558286198377	7.92747344604667	21.9636379662896	5.06270527716708e-05	0.000229749484176059
TGME49_chrXII:1897496:1898358:clu_2690_NA	0.662729789279906	8.23516667819734	21.9259809870275	5.1215126999768e-05	0.000232128412274509
TGME49_chrX:109980:112707:clu_1947_NA	-2.86052086256941	4.19350115962783	21.6894016426182	5.19847675825373e-05	0.000235323325233528
TGME49_chrIX:3360796:3361158:clu_1828_NA	-2.55637620864875	4.25209263433831	21.7818041830952	5.20666000198715e-05	0.000235400610786359
TGME49_chrIX:1548422:1548850:clu_1745_NA	-0.552655140968473	8.54257908736389	21.8622326015126	5.22277531198951e-05	0.000235835878994806
TGME49_chrX:2315042:2315139:clu_2051_NA	1.08152541384431	6.93625327091829	21.8309190051833	5.27367303867191e-05	0.000237838728232908
TGME49_chrVIII:1277146:1278169:clu_1388_NA	0.394352786730328	9.94370776401327	21.8076055165659	5.31120775883678e-05	0.000239234698926539
TGME49_chrX:6496904:6498074:clu_2251_NA	-0.402184086195261	9.72708567612592	21.7784006361557	5.35917259442966e-05	0.000241096440355839
TGME49_chrXII:1938607:1939821:clu_2695_NA	0.930014456286708	7.17078743552924	21.7617101171933	5.38704841679872e-05	0.000242050939370375
TGME49_chrXI:2102884:2103298:clu_2375_NA	-1.76263653777923	5.08453889210883	21.7017986072768	5.51155889883396e-05	0.000247339711077302
TGME49_chrIX:909006:909112:clu_1719_NA	0.543771330773096	8.78138936604531	21.6193437608093	5.62863580328781e-05	0.000252025388788461
TGME49_chrXII:3183515:3183790:clu_2749_NA	-0.514844116880459	8.71361263693575	21.6186548270296	5.62983812094168e-05	0.000252025388788461
TGME49_chrVIIa:4368550:4368930:clu_1068_NA	3.39503508014952	4.62662224493094	21.3725310531431	5.65047642673238e-05	0.000252638152658944
TGME49_chrV:487241:487588:clu_563_NA	1.12335477641721	6.89093335056491	21.6015614616306	5.6601007467585e-05	0.000252757570202299
TGME49_chrX:1134623:1134930:clu_1987_NA	0.801070114375442	7.57716697876453	21.5481793210056	5.75393974184213e-05	0.000256632772534922
TGME49_chrX:2450074:2450255:clu_2064_NA	0.589579165252265	8.70649678357392	21.529550631386	5.78708976489869e-05	0.000257794991365279
TGME49_chrIX:3516489:3516811:clu_1843_NA	2.61065814706487	5.25998494604108	21.5089772736357	5.80811571826636e-05	0.000258414940463871
TGME49_chrIX:3340688:3340931:clu_1822_NA	-0.390452468581323	9.86776021191333	21.5019503754269	5.83670100182701e-05	0.0002593692926851
TGME49_chrXI:2751346:2752492:clu_2401_NA	-1.58318350942578	5.50302196073728	21.4330078657582	5.97168800926424e-05	0.000265043784049762
TGME49_chrXII:5389530:5389823:clu_2868_NA	1.26584946742532	6.4219237374379	21.3552199407907	6.10965003476795e-05	0.000270836315565628
TGME49_chrXI:26547:26666:clu_2291_NA	-2.52534923878037	4.33595395191883	21.2779078784276	6.14749383494524e-05	0.00027218197429995
KE139819:3817:9679:clu_2974_NA	-3.55690650959311	3.92955914947712	20.6465456875815	6.23476187084268e-05	0.000275709968376072
TGME49_chrIX:2302654:2303205:clu_1777_NA	-1.95201751855916	4.91224394841784	21.2743955728798	6.30253282124692e-05	0.000278368247937212
TGME49_chrIII:936374:937126:clu_372_NA	1.27245247151912	6.57956920416243	21.244934956406	6.32248995343005e-05	0.000278910812872794
TGME49_chrXI:1986895:1987947:clu_2371_NA	-0.932918914257799	6.81722370293239	21.2363992484736	6.33887907014395e-05	0.000279294853575434
TGME49_chrVIIa:4773:5394:clu_849_NA	-1.70090077887627	5.13313400800076	21.2360309753152	6.36274016851207e-05	0.000279921152569457
TGME49_chrX:5190430:5190929:clu_2177_NA	-0.566722348287831	8.34621168022466	21.2211846321109	6.36849499793511e-05	0.000279921152569457
TGME49_chrVI:1691693:1692294:clu_765_NA	-0.464274061479195	9.18775965923936	21.2077324533158	6.39520187119132e-05	0.000280755541084305
TGME49_chrXI:4586731:4587068:clu_2476_NA	0.722456102593656	8.0121838684143	21.0543498683189	6.7087687430433e-05	0.000294166156585795
TGME49_chrX:13224:13765:clu_1932_NA	-1.67139763777896	5.11601237144422	21.0611341676564	6.71925675913926e-05	0.000294271064090015
TGME49_chrVIII:40140:40432:clu_1344_NA	-1.89039909879219	5.06686795121789	21.0421371762004	6.76720468842793e-05	0.000296014308573232
TGME49_chrVIIb:4265325:4265915:clu_1294_NA	1.34395915443686	6.31459569605116	21.0207112061023	6.78133754288285e-05	0.000296275985196865
TGME49_chrIV:390149:390532:clu_452_NA	-2.42686883663729	4.27967875389635	20.8996925444108	6.92121067090865e-05	0.000302024019072664
TGME49_chrIX:234671:235212:clu_1671_NA	-0.856698801537782	7.11450152675343	20.9415056014939	6.95013097002029e-05	0.000302922375012275
TGME49_chrXI:5984759:5985957:clu_2543_NA	0.554618228632363	8.63185485230011	20.7865813802571	7.29597770333425e-05	0.000317615316785868
TGME49_chrIX:3740692:3741629:clu_1855_NA	1.62778546382583	5.86010167506026	20.7207614779504	7.45550973376335e-05	0.000324171984237198
TGME49_chrVIIa:2237104:2237539:clu_972_NA	0.522658808368931	8.78307947087576	20.7055252281253	7.48436843111944e-05	0.000324750356353595
TGME49_chrV:2487060:2487402:clu_645_NA	-0.611978857577379	8.3421284822574	20.7045548170673	7.4866794669687e-05	0.000324750356353595
TGME49_chrXII:4184725:4186636:clu_2801_NA	0.996852986807771	7.18382382082128	20.6866112731606	7.52937711449097e-05	0.000326213180109352
TGME49_chrX:73984:74156:clu_1934_NA	1.06473760600885	6.81824759011888	20.6729553813115	7.56214239015518e-05	0.000327242709383501
TGME49_chrX:6492098:6493678:clu_2250_NA	6.29618944307254	4.30287932095424	20.8034181791526	7.73743294324107e-05	0.000334430068355307
TGME49_chrIb:259466:260350:clu_115_NA	0.533597477820489	8.81677973101135	20.5452791636183	7.87226823375239e-05	0.000339853860210094
TGME49_chrIX:1054291:1054576:clu_1732_NA	1.6068944837301	5.91452993371381	20.5382663164142	7.89598850359652e-05	0.000340473525629577
TGME49_chrV:52018:52438:clu_550_NA	-2.42652981086138	4.27946487763791	20.4345353845248	8.01775786586379e-05	0.000345287657652851
TGME49_chrX:720899:721506:clu_1966_NA	-0.419900874122576	9.33813591482296	20.4838285336573	8.0266319316825e-05	0.000345287657652851
TGME49_chrVIIb:4437735:4438434:clu_1305_NA	-1.16436907075353	6.08392365468664	20.4530652562564	8.10756370875905e-05	0.000348356904034741
TGME49_chrXII:4537560:4537905:clu_2813_NA	1.78400828762563	5.65700795908423	20.4402373232902	8.1517394759406e-05	0.000349841475738419
TGME49_chrIX:2294640:2295121:clu_1775_NA	-0.585439371064131	8.17031209942076	20.4260324107604	8.17485589368501e-05	0.000350419825159729
TGME49_chrVIIa:1246804:1247477:clu_908_NA	2.09627816887142	5.34505954575287	20.4140876247071	8.22405746797469e-05	0.000352113650130601
TGME49_chrIV:1732397:1733277:clu_503_NA	-1.16356120458337	6.0848076017556	20.3590390865616	8.35266937139234e-05	0.000357199449000131
TGME49_chrVIII:2243392:2243508:clu_1429_NA	1.14372467873186	6.64487472692585	20.2701134711013	8.59021777008103e-05	0.000366656989944264
TGME49_chrX:6061955:6062285:clu_2228_NA	-2.55641286063261	4.25277033393311	20.1895667306126	8.59399602290268e-05	0.000366656989944264
TGME49_chrIV:716599:717236:clu_464_NA	0.635694171656968	8.18972262767012	20.2324957368885	8.69259670080823e-05	0.000370428944987549
TGME49_chrIb:1410088:1410182:clu_169_NA	1.50155508776032	6.14095549759882	20.1966212529049	8.79589267537785e-05	0.000374391918910989
TGME49_chrX:5257287:5258034:clu_2181_NA	1.01620917718981	6.93272762397696	20.1788548122773	8.8427202558197e-05	0.000375944890408241
TGME49_chrIII:1083207:1083637:clu_382_NA	0.53633500767863	8.64020119372958	20.1478409651625	8.92992781866935e-05	0.000378817800390707
TGME49_chrVIII:5274984:5276080:clu_1555_NA	-0.350738628358032	10.0910919410528	20.147392493604	8.93113768734075e-05	0.000378817800390707
TGME49_chrIII:1282085:1290455:clu_394_NA	-1.60221104270818	5.45536067906843	20.1080292727128	9.05804268293674e-05	0.000383752740704838
TGME49_chrVI:3278631:3279259:clu_832_NA	-0.592541640652713	8.24891898898461	20.0851654761275	9.1101428362735e-05	0.000385510700929618
TGME49_chrXI:1985963:1986835:clu_2370_NA	-0.758247869001456	7.32673275352541	20.0585116346752	9.1881810632553e-05	0.00038836090889457
TGME49_chrIX:664838:665171:clu_1691_NA	-0.372568863143501	10.0129553458799	20.0422025603895	9.23579778693651e-05	0.000389920150470548
TGME49_chrXII:5149085:5149373:clu_2853_NA	6.14888848269485	4.19014757327151	20.1758273031895	9.41760827543424e-05	0.000397134641313265
TGME49_chrVIIb:3471699:3472158:clu_1269_NA	-0.741855248995169	7.54200544232386	19.9583110284033	9.48697553609866e-05	0.000399596246508907
TGME49_chrV:11362:11907:clu_540_NA	-0.513695366697491	8.51023645555121	19.9108478645877	9.63197054576943e-05	0.000405233945993887
TGME49_chrX:2449632:2449860:clu_2063_NA	0.748776397035265	7.74305391849415	19.9019505824313	9.65954881650134e-05	0.000405924392462224
TGME49_chrX:871000:871226:clu_1972_NA	-0.625022956463927	8.14702704329686	19.8861492900504	9.70847973557429e-05	0.00040750951315026
TGME49_chrXII:4074192:4074533:clu_2796_NA	0.693730677086729	7.80491669982745	19.8791298212268	9.73039128681382e-05	0.000407958158334121
KE139433:1791:2620:clu_2965_NA	-1.83833322062016	4.94769212677156	19.8695373583759	9.81004188647974e-05	0.000410823758725275
TGME49_chrXII:6263877:6264147:clu_2903_NA	1.64086981492246	5.87032327030937	19.8390193340571	9.86482076442043e-05	0.000412642387556597
TGME49_chrVI:3107365:3107709:clu_826_NA	-3.02770173436701	3.99983758245016	19.5231801528537	9.88993674181629e-05	0.000413217471913819
TGME49_chrVIIb:1120730:1121643:clu_1146_NA	-0.361704015882035	10.5332557371102	19.8157631819992	9.92989533867814e-05	0.000414410672285821
TGME49_chrXII:257635:259253:clu_2602_NA	0.771752271585799	7.82039663107333	19.7976432424471	9.98797433625163e-05	0.000416356498993976
TGME49_chrIX:899857:900031:clu_1715_NA	0.444607391604502	9.36427495076262	19.7731056576696	0.000100668022750268	0.000419161812940694
TGME49_chrVIIb:4560410:4560568:clu_1316_NA	1.61569034435679	6.11601164224915	19.7636633190878	0.000101023839656012	0.000420162079118538
TGME49_chrVIII:2668832:2669221:clu_1452_NA	0.674015496220384	7.89567200215448	19.6793929821567	0.000103747593056115	0.000430997143724545
TGME49_chrIX:3211301:3211593:clu_1815_NA	1.72674438300503	5.7004010073623	19.6789066359124	0.000103905248816118	0.000431159337267794
TGME49_chrXI:4223100:4223549:clu_2456_NA	1.92675068101408	5.46231562241722	19.6609476319566	0.000104595972239278	0.000433530626100086
KE139819:9933:10971:clu_2973_NA	-2.23696029767209	4.44096339958747	19.6026183393251	0.000106196792369688	0.000439211133534461
TGME49_chrX:3318438:3319164:clu_2102_NA	1.00364531533257	7.01791192673041	19.6067260152049	0.000106208139305857	0.000439211133534461
TGME49_chrIX:3355452:3355923:clu_1825_NA	-0.33394399059325	10.1990824130172	19.5982372887455	0.000106492879770808	0.000439888202235097
TGME49_chrVIII:1587212:1587935:clu_1394_NA	-1.16311872087451	6.00275754770325	19.5808959177216	0.000107125085373381	0.000441997372681316
TGME49_chrIa:1333936:1334589:clu_63_NA	-0.58637939796641	8.03887106154004	19.5665008141742	0.000107589428516995	0.000443409946325709
TGME49_chrVIIb:4191566:4192182:clu_1292_NA	-0.767337397537058	7.27472309673722	19.5492652505525	0.000108192033263193	0.000445388494803746
TGME49_chrX:779852:780149:clu_1968_NA	1.19255022530791	6.58374111615552	19.5397237183986	0.000108535454148955	0.000446296805239198
TGME49_chrVIII:4613937:4614350:clu_1528_NA	0.766551118634115	7.92261644349326	19.5349008603996	0.000108692241159828	0.000446436493351386
TGME49_chrIX:2615879:2616827:clu_1790_NA	-2.19099017316706	4.41468087775986	19.4973751547619	0.000109864732083075	0.000450743003523677
TGME49_chrIII:972700:972897:clu_379_NA	-0.4610099918834	8.90671666923334	19.4979809896324	0.000109994580948592	0.000450766969276359
TGME49_chrVIII:2296353:2296936:clu_1437_NA	-0.624229094040436	7.81776928880947	19.4465249571015	0.000111840154706825	0.000457814146801023
TGME49_chrIII:1083745:1084030:clu_382_NA	0.585181463198115	8.46700375682784	19.4395103530175	0.00011209319658154	0.000458333824042628
TGME49_chrVIII:758490:759025:clu_1372_NA	-0.456422637260157	9.35449782478152	19.4100353966702	0.000113166549536985	0.000462202705131394
TGME49_chrX:5771442:5771952:clu_2207_NA	1.72689742063072	5.70037154338709	19.3887463729269	0.000114102627935502	0.000465502864809821
TGME49_chrVIII:4447205:4447429:clu_1519_NA	-0.553942254027206	8.36156380647072	19.3774995121756	0.000114365456901218	0.000466052058112025
TGME49_chrXI:4205901:4207518:clu_2453_NA	-0.872847410353636	6.8674026890746	19.3626059658928	0.000114925359392143	0.000467059618961501
TGME49_chrX:2157579:2157894:clu_2044_NA	0.62356692578747	8.35880380313971	19.3619421058801	0.000114943175318914	0.000467059618961501
TGME49_chrXI:1984481:1984860:clu_2370_NA	-2.18274192082971	4.62981325560034	19.3730516928966	0.000114998173031786	0.000467059618961501
TGME49_chrX:1478681:1479009:clu_2000_NA	-0.689335623169943	7.68650093019927	19.3493061615252	0.000115415935457262	0.0004682331756553
TGME49_chrX:870984:871254:clu_1972_NA	-1.38415655129125	5.79878533524524	19.34471401954	0.000115651070334627	0.000468664036417356
TGME49_chrVI:2918335:2919108:clu_815_NA	-1.06116891543906	6.38350993705014	19.3132191709382	0.000116790323253507	0.000472365407839549
TGME49_chrIV:1638924:1639767:clu_499_NA	1.54885614330633	6.06202426596447	19.3133408354518	0.000116824347083289	0.000472365407839549
TGME49_chrIX:899363:899758:clu_1714_NA	-0.70929439851796	7.36925896156379	19.3004128983749	0.000117261506476256	0.000473606195601322
TGME49_chrVIII:5884775:5885220:clu_1588_NA	0.523083562166631	8.82202685256748	19.2285748493788	0.000120025112021632	0.00048423005793411
KE139990:437:947:clu_2999_NA	-0.317846783683553	10.6628699432672	19.1698075189749	0.000122339420920386	0.000492594772646709
TGME49_chrVI:939492:939698:clu_720_NA	0.384153982051235	9.84201845004576	19.1690537933372	0.000122369485474547	0.000492594772646709
TGME49_chrIV:1339883:1340352:clu_487_NA	0.581850484907554	8.57245106557835	19.1644050448475	0.000122555568985302	0.000492798112015016
TGME49_chrIa:506153:506373:clu_24_NA	0.971482390451574	6.87439607947485	19.1421259032014	0.000123454902566097	0.000495865824119075
TGME49_chrXI:1988004:1988529:clu_2371_NA	-0.750620471962173	7.2078156272712	19.1280920810116	0.000124016625642754	0.000497572223191405
TGME49_chrIV:2669840:2670176:clu_536_NA	-0.471018145159624	8.93206586242532	19.1099115600043	0.000124748836318256	0.000499958125707673
TGME49_chrVIII:40140:40414:clu_1344_NA	-2.30606753221199	4.30826956139118	19.0426780680378	0.000126358172680315	0.000505850173670646
TGME49_chrIa:1400899:1401375:clu_71_NA	-2.03344713392392	4.79997267735595	19.0660774041201	0.000127261199469948	0.000508904796560244
TGME49_chrXII:6331354:6331823:clu_2908_NA	-0.423293249070482	9.13692413291629	18.9947213478035	0.000129524394694027	0.000517385906277791
TGME49_chrXI:373913:374582:clu_2312_NA	3.02118846111589	4.77480890711444	18.8700565903363	0.000130858991258182	0.0005221431758765
TGME49_chrXII:3856930:3857155:clu_2781_NA	0.676047243432206	7.90681465420095	18.8829997755238	0.000134344299751732	0.000535462203506079
TGME49_chrIa:1811271:1812197:clu_101_NA	11.4732923163957	9.10616704469365	19.030954702403	0.000135217906756322	0.000538353878487657
TGME49_chrIb:866263:866518:clu_145_NA	-0.660668791989964	7.55847393345828	18.8500840376227	0.000135801378883617	0.000540085352562305
TGME49_chrVIIb:905112:905229:clu_1138_NA	1.2305691114274	6.54476323943945	18.8277044290915	0.00013681599981733	0.000543525857197809
TGME49_chrX:6826018:6826082:clu_2260_NA	-0.633384846955376	7.99467233822979	18.8097687403946	0.000137606097323479	0.000546067864378651
TGME49_chrX:3663446:3663646:clu_2121_NA	1.62087536069815	5.92673558848635	18.8033590817567	0.000137991265990133	0.000546999184159362
TGME49_chrVIIb:291492:292027:clu_1089_NA	0.307330028093412	10.5172691163279	18.7249474156255	0.000141488634024886	0.000560251835163901
TGME49_chrXII:2289662:2290493:clu_2718_NA	-0.633319645857734	7.74456274247225	18.7203131966723	0.000141706652318494	0.000560504549703726
TGME49_chrIII:2276757:2276899:clu_430_NA	6.14707586359951	4.18839374937789	18.8889997375573	0.000141903435647637	0.000560672813673
TGME49_chrXI:4101026:4101620:clu_2443_NA	-0.405496685884757	9.51255866985137	18.6999614372603	0.000142655258764495	0.000563031341594939
TGME49_chrIX:2142593:2142630:clu_1769_NA	-2.64117711860144	4.06677335168247	18.5376740371603	0.000143635338133947	0.000566284657393597
TGME49_chrII:309925:310216:clu_212_NA	1.89012917248508	5.54326643665153	18.6815748447534	0.000143793001581108	0.000566292048480311
TGME49_chrIX:3420768:3421384:clu_1837_NA	-1.56414621324942	5.20836704164384	18.6690207309234	0.00014445037281323	0.000567779863998571
TGME49_chrIV:1572521:1573156:clu_498_NA	-2.19040767710125	4.41576074749698	18.6573938077225	0.000144483184098673	0.000567779863998571
TGME49_chrVIII:666300:667684:clu_1364_NA	-0.368864422933132	9.69715298695458	18.6291218363754	0.000146018286593045	0.00057319273408825
TGME49_chrIX:4838396:4838948:clu_1895_NA	-0.76733587402977	7.35187116976393	18.6178904627573	0.000146563763856451	0.000574713356653938
TGME49_chrVIIa:3006764:3007009:clu_1000_NA	0.678170534761577	7.92915286849359	18.600829292474	0.00014738683026049	0.000577279980864702
TGME49_chrVIIb:4268809:4269491:clu_1295_NA	-0.407078547040092	9.35969582247575	18.595791923117	0.00014763005795213	0.000577279980864702
TGME49_chrIII:1718073:1718725:clu_403_NA	-0.969587449773422	6.64297510116993	18.5947422001716	0.000147694740633885	0.000577279980864702
TGME49_chrX:5339433:5340092:clu_2183_NA	2.2464143315747	5.31882756767588	18.5756697532281	0.000148819375289274	0.000581050944335674
TGME49_chrXI:2295274:2295511:clu_2383_NA	0.823112668948313	7.41797453358089	18.5660119211936	0.000149089474722718	0.000581480944868113
TGME49_chrXII:5833627:5834299:clu_2885_NA	-2.0622114421799	4.63016580122719	18.5726177433835	0.000149454946598289	0.000582281597947248
TGME49_chrVIII:2048139:2048508:clu_1410_NA	-2.09792791306834	4.51430243279398	18.532019595718	0.000151175600510405	0.000588354719331181
TGME49_chrXI:963284:964328:clu_2331_NA	-2.70054161706752	4.09912242152934	18.3230387088133	0.000154304493735112	0.000599889662809768
TGME49_chrVIIa:493862:494062:clu_873_NA	0.343902670232759	10.0829447299291	18.4272970271192	0.000156072063909062	0.000606113196911794
TGME49_chrXI:4297263:4297703:clu_2462_NA	1.1862811929944	6.39816277362197	18.4239899918743	0.000156267718224292	0.000606225352983246
TGME49_chrXII:6264208:6264453:clu_2903_NA	1.32715500040197	6.15895968241761	18.4145480285961	0.00015677549396255	0.000607546823618199
TGME49_chrXII:3827848:3827967:clu_2772_NA	-0.378439134639726	9.56401869484881	18.4076645373972	0.000157088965854793	0.000607669279242402
TGME49_chrX:4301718:4302297:clu_2142_NA	-2.83744933903334	3.89235178567739	18.1399418234544	0.000157141436722932	0.000607669279242402
TGME49_chrVIII:6730632:6730921:clu_1633_NA	2.55364824463727	4.99278323442248	18.3189311821261	0.000160745912363321	0.000620947281020907
TGME49_chrXI:2980905:2981337:clu_2407_NA	-2.18837750192432	4.49049452924581	18.3334836845894	0.000161159061382492	0.000621649958089217
TGME49_chrIa:1527383:1527821:clu_84_NA	1.22159912203898	6.2615691634405	18.3289523341864	0.000161269851575827	0.000621649958089217
TGME49_chrIX:2937779:2938142:clu_1804_NA	-0.604262902226828	8.1988652223704	18.3059297429542	0.000162473301483408	0.000625625477640031
TGME49_chrVIIa:1475223:1475696:clu_915_NA	-0.511368045512525	8.44483526604271	18.3018294995984	0.000162694020700747	0.000625812449997052
TGME49_chrIX:211864:212781:clu_1668_NA	-0.451152772617511	9.02470797590222	18.2964631966234	0.000162983408282415	0.000626262884890674
TGME49_chrX:4174452:4174889:clu_2137_NA	0.607681044139661	8.3682217767862	18.2669701371955	0.000164586368999072	0.000631754436443111
TGME49_chrVIII:2243181:2243307:clu_1429_NA	1.14068785938347	6.57781720385511	18.2392511561485	0.000166125234315338	0.000636988635797735
TGME49_chrXI:4738768:4739680:clu_2488_NA	0.999210530888096	6.96652605450539	18.1611072414178	0.00017048641557941	0.000653022255670342
TGME49_chrIX:1223733:1224040:clu_1737_NA	2.88844061264311	4.66950788300863	18.0655108066154	0.000171038749695878	0.000654448268573174
TGME49_chrVIIa:3818531:3818901:clu_1035_NA	0.851260779542375	7.31073448285872	18.1013794283989	0.000173905329133695	0.000664717004627741
TGME49_chrVIIb:831546:832190:clu_1129_NA	-0.489099967726491	8.57461813906578	18.0942014706589	0.00017431756167364	0.000665592790634119
TGME49_chrVIIa:1964286:1964701:clu_948_NA	-0.342512993084536	9.85338367140191	18.0910265850603	0.000174500848166549	0.000665593476479965
TGME49_chrIII:977573:977692:clu_381_NA	-0.521227646686138	8.44811462832151	18.0623818671192	0.000176175953536217	0.000671278397383803
TGME49_chrX:5733484:5734614:clu_2205_NA	-2.01164645677248	4.538606506786	17.976620587125	0.000181966781312685	0.000692617015781791
TGME49_chrVIIa:4436591:4436779:clu_1076_NA	0.785483562019	7.3898839310512	17.9093484268812	0.000185417138686965	0.000705011819170626
TGME49_chrIX:5820536:5821470:clu_1921_NA	0.48037730223496	9.13834215433809	17.8584308596814	0.00018860006747899	0.000716364937603061
TGME49_chrIa:812073:812512:clu_44_NA	0.624803068208505	7.95907254508455	17.8088049564373	0.000191764066874863	0.000727622529321635
TGME49_chrVIII:4029096:4029643:clu_1508_NA	-0.78282075540827	7.04550577277673	17.7994774162915	0.000192371288777116	0.000729165416793343
TGME49_chrIII:335222:336004:clu_344_NA	1.23417895881398	6.35564544265888	17.788177675475	0.000193125942269899	0.000731263333490711
TGME49_chrXI:2409270:2409738:clu_2391_NA	1.35284956165065	6.0754667407727	17.7205130623898	0.000197593112430897	0.000747399545979512
TGME49_chrII:468541:469184:clu_223_NA	-0.348879863078102	9.85570259427866	17.651873731273	0.000202141103368436	0.000763807599526264
TGME49_chrIb:840396:840536:clu_142_NA	0.941461057298978	6.99244393939713	17.6136716294051	0.000204767642998787	0.00077292874589885
TGME49_chrX:5407763:5408539:clu_2184_NA	-0.392773330464839	9.55434823833329	17.5924631642544	0.000206225739461334	0.000777625065292477
TGME49_chrXII:1853570:1854192:clu_2681_NA	0.474701686856434	8.73607213825991	17.5595688526294	0.000208525936891967	0.000785483710468704
TGME49_chrVIII:5067452:5067962:clu_1546_NA	0.504590846407392	9.10911048968669	17.53896142587	0.000209979989257108	0.000790142092080319
TGME49_chrVIIa:2998991:2999637:clu_999_NA	0.629912476622079	7.99048315671716	17.5329786309666	0.000210405705957654	0.000790925275238957
TGME49_chrVIIa:491969:492468:clu_872_NA	-2.09235672925708	4.36210515565105	17.517053865564	0.000211294026609669	0.000793443994551804
TGME49_chrXII:1881702:1882452:clu_2684_NA	1.6033908850836	5.91120320068514	17.5037083251606	0.000212628626823311	0.000797631639321707
TGME49_chrII:2241822:2242890:clu_320_NA	-2.19988022289869	4.25150301965111	17.4469625110171	0.000214879264649424	0.000805243429897585
TGME49_chrXI:6233567:6234105:clu_2554_NA	-1.15688302884629	6.33512299334444	17.4647930081741	0.000215338216037831	0.000806132250563867
TGME49_chrXII:4653566:4654026:clu_2816_NA	0.725849085598187	7.49206507169606	17.4154165026668	0.000218933167995146	0.00081874698113411
TGME49_chrVIII:3825657:3826424:clu_1498_NA	0.942564248350531	6.85155651518609	17.3833388688456	0.000221331758445573	0.000826866332939012
TGME49_chrXII:3564558:3564914:clu_2761_NA	0.71927343750848	7.52843938926908	17.2946004869974	0.000228079798344179	0.000851201300801942
TGME49_chrX:6029316:6029876:clu_2226_NA	0.66494305355597	7.75981715430816	17.2258672096896	0.000233463699089614	0.000869864575982754
TGME49_chrIb:1561379:1562124:clu_174_NA	1.31330221638078	6.04437004481192	17.2255430786287	0.000233559236907611	0.000869864575982754
TGME49_chrVIIa:1665792:1665993:clu_924_NA	-2.20036298456327	4.25122751702139	17.1860876214461	0.0002347893636446	0.000873551010079959
TGME49_chrX:3526613:3527030:clu_2113_NA	0.810602702746875	7.42439450432148	17.1679336743454	0.000238110096464164	0.000885000205160774
TGME49_chrVIII:6393628:6393727:clu_1615_NA	0.793897533829059	7.38026398004972	17.1595328232703	0.000238792242077078	0.000886629009142163
TGME49_chrII:469244:469680:clu_223_NA	-0.324616487234637	10.2156624252388	17.1079363631961	0.00024301849106635	0.000901400219414472
TGME49_chrIa:1201309:1202101:clu_52_NA	-1.49248458133077	5.33643829482195	17.1064242604267	0.000243494569067744	0.0009022454215711
TGME49_chrXI:6212753:6213130:clu_2550_NA	-0.731131950781404	7.32660093610212	16.9803759532689	0.000253836956999402	0.000939610324534445
TGME49_chrV:2764101:2764732:clu_661_NA	0.878541578885687	7.1493893030352	16.9584826715292	0.000255745274043004	0.000945711160881301
TGME49_chrVIIb:903539:903779:clu_1137_NA	0.984003705386255	6.85785834931315	16.9398574536997	0.000257385702415186	0.000950809988088619
TGME49_chrVIIb:254042:254899:clu_1085_NA	-0.577056767498593	7.90668907645157	16.9033665744629	0.000260607098545002	0.000960758394279406
TGME49_chrXII:3177731:3178105:clu_2746_NA	-0.306284104930774	10.3326299648594	16.9033305941919	0.00026060736637125	0.000960758394279406
TGME49_chrIX:3883316:3883583:clu_1863_NA	-0.782777143479561	6.96667937582473	16.89619097293	0.000261257507446619	0.000962131314013421
TGME49_chrXII:3004598:3005011:clu_2743_NA	1.25745843225157	6.60001970741379	16.891655466398	0.000261679408780623	0.000962131314013421
TGME49_chrVIII:3408825:3409097:clu_1482_NA	1.84579285502619	5.5074056680223	16.8951361968373	0.000261773829314793	0.000962131314013421
KE138874:3483:11748:clu_2954_NA	-0.77411645496101	7.04075820881215	16.881458966674	0.000262577508408039	0.000964110346528508
TGME49_chrXI:2402763:2402989:clu_2390_NA	1.50365448720943	5.76038158913826	16.8676279396567	0.000264004218235388	0.000968370669309419
TGME49_chrVIII:6796002:6796654:clu_1638_NA	-2.63135732247098	3.92873217824416	16.6972113037153	0.000264363867981499	0.000968712358984625
TGME49_chrX:547233:547637:clu_1961_NA	-0.654864028764602	7.8234849846853	16.8501509559686	0.00026540190008776	0.00097153666346325
TGME49_chrIb:839459:839612:clu_141_NA	1.0546401360401	6.72541005367828	16.8360365718174	0.000266705587884921	0.0009739424484407
TGME49_chrVIIb:2201651:2202020:clu_1199_NA	0.368570118198655	10.0442462751366	16.8342524795841	0.000266848731329855	0.0009739424484407
TGME49_chrX:2487626:2488270:clu_2070_NA	0.393357812403097	9.56953757796715	16.8341009981929	0.00026686291021924	0.0009739424484407
TGME49_chrX:2155990:2156466:clu_2043_NA	0.524097893791806	8.35487488869271	16.8207736791502	0.000268087018763143	0.000977428599001027
TGME49_chrII:1837268:1837821:clu_302_NA	-2.01310338282461	4.53847354761896	16.8258761521622	0.000268525589210375	0.000978046609999713
TGME49_chrIa:619760:620333:clu_34_NA	-0.299516825436741	10.9380008008873	16.7988997741133	0.000270104400989237	0.000982812309905784
TGME49_chrIII:306085:306567:clu_339_NA	-0.563018736517038	7.99908321787784	16.7760073827138	0.00027223816701142	0.000989585737086512
TGME49_chrVIIb:3350530:3350690:clu_1259_NA	-0.557005711177922	8.09539397088473	16.7650619939508	0.000273263033011619	0.000992318806191043
TGME49_chrVI:994227:995006:clu_729_NA	-0.36108158530095	9.84471943670378	16.7594984206637	0.000273783223860493	0.000993215587557778
TGME49_chrVIIb:2776735:2777343:clu_1226_NA	0.487690008524283	9.00649485672248	16.7385687458039	0.00027576023198187	0.000999336732227609
TGME49_chrXII:6264533:6264781:clu_2904_NA	1.17812543995765	6.35260061639116	16.7362457784937	0.000276020379410322	0.000999336732227609
TGME49_chrX:133709:134411:clu_1952_NA	-0.687787702197024	7.75749043501435	16.6684882312608	0.000282490504306472	0.0010217442618448
TGME49_chrIII:1192662:1192838:clu_389_NA	-1.54409356872981	5.05115919135099	16.6632796453884	0.000283752962549852	0.00102529027720548
TGME49_chrVIIa:1966405:1967054:clu_949_NA	-0.319122267474932	10.032823720251	16.6525524166935	0.00028404050589673	0.00102531006845543
TGME49_chrVIII:5452485:5453894:clu_1563_NA	-0.825881704829712	6.89410130338143	16.6407455954698	0.000285212825147556	0.00102852045576524
TGME49_chrVIIb:3852312:3852788:clu_1283_NA	-1.55479944923001	5.01803841439433	16.6105952624506	0.00028900354477704	0.00104115746805207
TGME49_chrVIIa:1223446:1223642:clu_905_NA	1.47494205391183	6.06128250936027	16.5650282525127	0.000292844585571788	0.00105303543475944
TGME49_chrXII:3574281:3575238:clu_2762_NA	0.889601968542985	7.05927412908146	16.5637647554552	0.000292880006751526	0.00105303543475944
TGME49_chrII:1472671:1473008:clu_282_NA	-0.509232548161263	8.2489087495989	16.5575652874227	0.0002934976742592	0.00105328406338951
TGME49_chrIa:873968:874606:clu_46_NA	2.50996989404349	4.95781330872799	16.5413401728999	0.000293528681214189	0.00105328406338951
TGME49_chrXI:4221777:4222100:clu_2454_NA	2.42412516393976	4.89067485507275	16.5357719593629	0.000294112531899025	0.00105433831701475
TGME49_chrII:1057372:1057861:clu_245_NA	0.832622672446951	7.13476895254953	16.5238168912327	0.000296945131057067	0.00106323989754269
TGME49_chrXII:2800386:2800561:clu_2739_NA	-0.990120151061091	6.26194438244386	16.521854383853	0.000297180670124723	0.00106323989754269
TGME49_chrVIII:1974564:1975187:clu_1405_NA	-0.282347790716247	10.9576708531171	16.4978349312982	0.000299612464085317	0.00107088624085558
TGME49_chrVI:958842:959004:clu_727_NA	0.949287283576699	6.7545730895392	16.4827817656443	0.000301195286664374	0.00107548611692043
TGME49_chrXII:5529504:5530343:clu_2877_NA	-0.286682891653981	10.7253810868052	16.4606407273609	0.000303490380758234	0.00108261779593344
TGME49_chrIX:2175144:2176184:clu_1771_NA	-2.14242887101991	4.3087127368455	16.4212103994054	0.000306523417397222	0.0010916979676836
TGME49_chrII:811874:812321:clu_230_NA	-1.25206380437997	5.80113074006828	16.4319925180983	0.000306636485558447	0.0010916979676836
TGME49_chrVIII:6818001:6818299:clu_1647_NA	1.21876615522847	6.42427563189686	16.4178687964524	0.000308057434349529	0.00109568373176178
TGME49_chrIX:736322:736948:clu_1698_NA	0.957363938376532	6.75976797608874	16.398406338525	0.000310119554552794	0.00110193996168075
TGME49_chrXII:6690493:6694218:clu_2926_NA	0.378099642663301	9.59199288197181	16.3941974170399	0.000310552327458312	0.00110240010772555
TGME49_chrII:419249:419814:clu_220_NA	1.12582328729786	6.42558863184247	16.3833166228197	0.000311762954143208	0.0011056178910347
TGME49_chrX:7174818:7175040:clu_2271_NA	-0.830931242651396	6.80370387655878	16.3781428230008	0.000312302692019935	0.00110645251997316
TGME49_chrXII:61280:61861:clu_2580_NA	2.42480969433269	4.89133296990969	16.3308163877596	0.000315765071819141	0.00111698032294664
TGME49_chrXII:594793:595177:clu_2630_NA	-0.434551366531233	9.26120953301684	16.3434429048054	0.000316065280951443	0.00111698032294664
TGME49_chrXII:247654:248174:clu_2600_NA	2.34475477662736	5.23376934023682	16.3427073515478	0.00031619608041598	0.00111698032294664
TGME49_chrVI:2797784:2798220:clu_807_NA	3.30665324744211	4.55662736070109	16.1857902923677	0.000317882483758869	0.00112184740627523
TGME49_chrXII:1880757:1881179:clu_2683_NA	0.832165103209191	7.15283946851956	16.3013200649232	0.000320728900666876	0.00113079491166255
TGME49_chrIb:708867:709357:clu_133_NA	-0.658946540912078	7.60689308755622	16.2582247378379	0.000325561590378015	0.00114672129944194
TGME49_chrVIIa:2190024:2190709:clu_966_NA	-1.12572311263308	5.87544734329067	16.2377834095979	0.000327978784725203	0.00115411702079004
TGME49_chrXI:1683693:1684561:clu_2354_NA	-0.730597411544376	7.17269864414001	16.215149472136	0.000330480126618625	0.00116077993487224
TGME49_chrIX:3502615:3503697:clu_1842_NA	1.10189117220439	6.5466971255959	16.2150679053881	0.000330510930561972	0.00116077993487224
TGME49_chrIa:439381:440167:clu_18_NA	0.612998683934515	7.97898477716144	16.1610357000389	0.000336757520835814	0.00118157682262373
TGME49_chrXII:4722799:4723681:clu_2819_NA	0.432584872596889	8.94750275052883	16.1220762100958	0.000341359590795449	0.00119656905741703
TGME49_chrVIIa:3682399:3682672:clu_1031_NA	1.47798012736094	5.87915789122335	16.1051177192122	0.000343556879094908	0.00120311103613679
TGME49_chrIII:1357869:1359599:clu_396_NA	-1.94396030946819	4.62931468337406	16.0708300819217	0.000348976571696898	0.00122010155858728
TGME49_chrXII:4272955:4273742:clu_2804_NA	1.29464668586513	6.03097390627097	16.0587923544911	0.000349079950737489	0.00122010155858728
TGME49_chrX:1419686:1420183:clu_1997_NA	-0.808781494914339	6.94213056076434	16.0401654350426	0.000351274494586709	0.00122659249550691
TGME49_chrX:78876:78980:clu_1936_NA	1.16485570539939	6.2165819870391	16.0319718719043	0.000352326892034909	0.00122905204252458
TGME49_chrXII:3857376:3857747:clu_2782_NA	-1.86964719695723	4.65390363363413	16.0414085429125	0.000352655097758774	0.00122905204252458
TGME49_chrIa:345463:346099:clu_16_NA	3.79228041631254	4.24769442506661	15.825203066787	0.000354568718993145	0.0012345376374905
TGME49_chrIX:1568756:1569581:clu_1746_NA	0.689551223178756	7.82137415015233	15.9273630279907	0.000365401965068071	0.00127103937131334
TGME49_chrX:7363954:7364389:clu_2283_NA	0.384138405981654	9.27161149496322	15.8782582273882	0.000371742103171435	0.00129185711761775
TGME49_chrXI:2436685:2437054:clu_2392_NA	-0.513746859058816	8.16639864713432	15.8705579230633	0.000372749707544027	0.00129412147748094
TGME49_chrIII:2130420:2130880:clu_419_NA	1.35324594483914	5.906076866753	15.8453225506017	0.000376209194112006	0.00130488589751636
TGME49_chrVIIb:1617926:1618148:clu_1171_NA	3.21437685919356	4.4853910235655	15.6929858800547	0.000378634631468828	0.00131204660189627
TGME49_chrVIIa:4201733:4202063:clu_1060_NA	1.30814223432843	6.09304737065186	15.8169556245298	0.000379922044394872	0.0013152539346432
TGME49_chrV:819141:819634:clu_580_NA	0.420461991959111	9.38970889183068	15.798378670771	0.00038231455578057	0.00132227726951701
KE138874:8077:8382:clu_2956_NA	-0.453602261298559	8.86291834086588	15.777740163877	0.00038509920467311	0.00133064221386573
TGME49_chrIV:1165482:1165614:clu_475_NA	-0.488035192413494	8.4394980409587	15.7570227529289	0.000387915743903824	0.00133910135716087
TGME49_chrVIIa:3043265:3043950:clu_1003_NA	-0.780307053839214	6.9998740511756	15.6654731052433	0.00040063940689151	0.00138091577550071
TGME49_chrVI:956464:956789:clu_725_NA	0.970897503329207	6.68977672404252	15.6644953373227	0.000400788485049036	0.00138091577550071
TGME49_chrXI:1915029:1915693:clu_2367_NA	1.46858347236552	5.65890148714107	15.6546756419403	0.000402459553560519	0.00138536030037167
TGME49_chrXII:52373:52997:clu_2576_NA	3.04763504991887	4.35875767566232	15.5056933965839	0.000404987901769922	0.00139274458177263
TGME49_chrV:1248156:1248683:clu_607_NA	1.09667208759684	6.44034820651997	15.6093052600299	0.000408684915110871	0.00140413011949718
TGME49_chrVIII:5291566:5291679:clu_1557_NA	0.92218496691934	6.9763317451904	15.6026328044321	0.00040962189262301	0.00140602037741704
TGME49_chrIX:2142503:2142564:clu_1769_NA	-2.26455155237927	4.19244117786074	15.5540715342467	0.000412007854619302	0.00141287599201997
TGME49_chrIa:540780:541787:clu_27_NA	2.26124371593564	4.9782768356917	15.5749619783529	0.00041296963080713	0.00141483940432037
TGME49_chrX:73826:73969:clu_1934_NA	0.995807485759493	6.49798299444466	15.5202529495633	0.00042174434154659	0.00144354113137651
TGME49_chrVI:1323157:1323466:clu_739_NA	1.09709738474047	6.28953322961347	15.4752874022135	0.000428530773836898	0.00146538980517133
TGME49_chrIa:1302523:1302717:clu_62_NA	-0.328523976620524	9.7211347308273	15.4335548069808	0.00043485532712931	0.00148561946815323
TGME49_chrIII:944161:944610:clu_375_NA	-1.1721702077542	5.79636353394806	15.4106538881838	0.000438551263172579	0.00149683928791767
TGME49_chrVI:958172:958510:clu_726_NA	1.0444391113249	6.50140723087609	15.3876515882682	0.000442034900052176	0.00150731412916479
TGME49_chrXI:2102884:2103007:clu_2375_NA	0.568001939550659	8.22491713212464	15.3599487598445	0.000446365850255873	0.00152065591910037
TGME49_chrIX:2142503:2142534:clu_1769_NA	-2.0399144509245	4.33570869614006	15.3445965906655	0.000448388943895537	0.00152611780061824
TGME49_chrVIII:1426437:1427064:clu_1391_NA	-1.38887874115404	5.37795713065732	15.3295625752207	0.000451662604838974	0.00153582186023355
TGME49_chrIb:839693:839825:clu_141_NA	1.70569224953256	5.39688190383103	15.2969790323048	0.000457139079225727	0.0015529911710145
TGME49_chrVIII:109582:110654:clu_1347_NA	0.246558420284794	11.5978435454781	15.2522864414559	0.000463784775177896	0.00157409678596793
TGME49_chrXII:4649561:4649910:clu_2815_NA	0.911640079913175	7.01126556430933	15.2497154274002	0.000464227866620051	0.00157413087235437
TGME49_chrVIIa:2237580:2237912:clu_972_NA	0.478628876652707	8.55758038854478	15.2057797249653	0.000471536838640519	0.00159742442540381
TGME49_chrVI:1350051:1350713:clu_746_NA	-0.422021739716828	8.96698733861883	15.1915446543439	0.000473935856455785	0.00160405664638434
TGME49_chrXII:6959122:6960040:clu_2936_NA	-1.73741737635746	4.69415193529228	15.1854645976471	0.000476917155826031	0.00161264545249081
TGME49_chrIb:1149237:1149671:clu_160_NA	0.549625213859261	8.26575064584669	15.1296285397829	0.000484527057293069	0.00163685488221218
TGME49_chrVIII:1773852:1774668:clu_1402_NA	0.370749483849999	9.47775652061136	15.1174799614985	0.000486631975497635	0.00164243939733881
TGME49_chrX:1419195:1420183:clu_1997_NA	1.67226216463408	5.56743400828525	15.117312339712	0.000487203878315231	0.00164284424645256
TGME49_chrVI:1706010:1706414:clu_770_NA	-1.03430005705697	5.99178467827199	15.0698409547761	0.000495094318390852	0.00166790347298494
TGME49_chrIX:976518:976613:clu_1722_NA	0.779811745153162	7.4598703384508	14.9570517557465	0.000515407595701917	0.00173472834294117
TGME49_chrIII:762979:763290:clu_365_NA	0.839756631742859	7.04216986035982	14.9278564236919	0.000520844509881318	0.00175140591435577
TGME49_chrIa:278857:280035:clu_15_NA	-0.263842523778368	10.654573219524	14.9186312937914	0.000522554036836149	0.00175553042874252
TGME49_chrVIII:6236088:6237409:clu_1608_NA	1.24741499956315	5.99320586133881	14.9106700831991	0.000524187018184056	0.00175939040729367
TGME49_chrIX:1071355:1071740:clu_1734_NA	0.783124995559468	7.07725177065713	14.8887700580761	0.000528206159014849	0.00177124482289574
TGME49_chrV:3349:3662:clu_540_NA	-1.25129228705505	5.57384030934222	14.8659312216509	0.000532832826473089	0.00178511274122551
TGME49_chrIa:450603:451092:clu_21_NA	1.3505779723576	6.12610766267688	14.8615070763015	0.000533511425678754	0.00178574036127281
TGME49_chrVIIa:527205:528035:clu_877_NA	-0.543863435461004	8.25263972302157	14.8562364592051	0.00053440608412999	0.00178708934297379
TGME49_chrXI:2297264:2297832:clu_2384_NA	1.08621409623407	6.49977378954393	14.8486744182194	0.000535906536228029	0.00179045979704861
TGME49_chrVIII:3822699:3823448:clu_1497_NA	1.60276032913924	5.60186704073144	14.8477190756031	0.000536548918476703	0.00179095988857926
TGME49_chrX:5607577:5607885:clu_2196_NA	0.878216638691111	6.75236054063118	14.7990508778204	0.000545543368838112	0.00181931206029958
TGME49_chrIII:1741745:1743107:clu_404_NA	-0.273205808234123	10.8055811389796	14.7743424372753	0.000550391100082318	0.00183291459946136
TGME49_chrXI:3040663:3041390:clu_2412_NA	-0.709790871002946	7.10381801681487	14.7732214368004	0.000550630740746027	0.00183291459946136
TGME49_chrIX:3495476:3495702:clu_1841_NA	0.758057749232148	7.17002087495878	14.7238614987843	0.00056051608359284	0.00186411341615734
TGME49_chrXI:3047516:3048077:clu_2413_NA	-1.78544352354241	4.60683995751945	14.6792198559125	0.000571824521955388	0.00189998367212782
TGME49_chrX:489772:489982:clu_1960_NA	0.542901808545179	8.33183821013509	14.6396171661313	0.000577821618227922	0.00191815669612648
TGME49_chrXI:5747081:5747553:clu_2521_NA	1.95493943108036	5.23159634155865	14.6272826445648	0.000581233141577345	0.00192772123141756
TGME49_chrVI:1437908:1438352:clu_749_NA	-1.00683511007156	6.07475839512547	14.5974089436987	0.000586809558252285	0.00194362856287578
TGME49_chrII:2079946:2080175:clu_309_NA	1.09426816246209	6.40130957923866	14.5958604066699	0.00058709880661282	0.00194362856287578
TGME49_chrVIII:3826612:3826998:clu_1498_NA	0.9445640937423	6.80284377221176	14.5904281540367	0.000588222924996685	0.00194557810042125
TGME49_chrVI:2066580:2067413:clu_787_NA	1.45418536184649	5.56889964438018	14.582878627935	0.000590281576855287	0.00195061230169906
TGME49_chrIX:3999417:3999939:clu_1870_NA	1.30803958679754	5.87102322242512	14.5788215971515	0.000590877505060473	0.00195080811162109
TGME49_chrXII:5032159:5033083:clu_2839_NA	-0.870944532009292	6.55878874619922	14.5687404920384	0.000592873248361274	0.00195562092358733
TGME49_chrIb:270031:270557:clu_117_NA	-0.722278537572087	6.94803561697208	14.5546163578738	0.000595894436430803	0.00196380442105709
TGME49_chrX:2487325:2487588:clu_2068_NA	1.5149660872262	5.53239317175878	14.5434339920496	0.000598849683076045	0.00197175597643245
TGME49_chrII:1421953:1423167:clu_272_NA	1.27659787880993	5.90569050402641	14.5201572580672	0.000603549407454823	0.00198491784588218
TGME49_chrX:6248310:6248925:clu_2236_NA	-1.94448844335716	4.36268671026815	14.5197072857836	0.000603939240040081	0.00198491784588218
TGME49_chrXI:1982988:1983213:clu_2369_NA	-1.90681833676818	4.41436261088328	14.4794159524013	0.000613540719576214	0.0020144339949043
TGME49_chrXII:4439474:4439991:clu_2812_NA	-1.71672284536675	4.62922216664176	14.4825244995253	0.000614028298859411	0.0020144339949043
TGME49_chrXI:2103018:2103298:clu_2375_NA	0.557026529557439	8.23968623150092	14.4675745795781	0.000614989107883986	0.00201576682340693
TGME49_chrIX:4711029:4711460:clu_1891_NA	1.880120187006	5.17356752165714	14.4474333418351	0.000620389259400185	0.00203163509722493
TGME49_chrII:2227627:2228055:clu_316_NA	1.13642460237427	6.23756175648819	14.4389335024073	0.000621504694163425	0.0020334559525509
TGME49_chrVIII:3925415:3925852:clu_1501_NA	-1.84119960687925	4.51328909558851	14.4426604976694	0.000622617916962022	0.00203526630229942
TGME49_chrX:84339:84992:clu_1937_NA	2.97449210901523	4.30428989266317	14.3138729361343	0.000624586020666573	0.00203986539543845
TGME49_chrXII:1092036:1092378:clu_2653_NA	1.85946006689017	5.15721957341777	14.4039095664387	0.000630283773714146	0.00205662613774769
TGME49_chrXII:5672567:5673025:clu_2879_NA	0.569657319353659	8.01146043068227	14.3939913348834	0.000631659938435635	0.00205926805041572
TGME49_chrX:1380239:1380873:clu_1994_NA	1.54458076826444	5.55640278162646	14.3709992283648	0.000637542707551305	0.00207658399816218
TGME49_chrIa:603643:604359:clu_33_NA	-1.01321799756971	5.98522058982037	14.3411519132476	0.00064404934905769	0.00209589917978935
TGME49_chrXI:1852823:1853702:clu_2362_NA	2.41581298763481	4.62690535855319	14.2770444020516	0.000652798534292533	0.00212247108421588
TGME49_chrVIIb:3507595:3508445:clu_1270_NA	-0.655641682303887	7.50670400692458	14.2630950930347	0.000662526602551317	0.00215217533536554
TGME49_chrVIII:668926:669189:clu_1366_NA	-0.391923264861733	8.98457888079696	14.2564381289993	0.000664129526745676	0.00215545609796476
TGME49_chrX:4880458:4880593:clu_2163_NA	-0.77098011812504	6.96151880569166	14.2176911474365	0.000673618155966251	0.00218430151377103
TGME49_chrII:426294:427256:clu_221_NA	3.11670677258218	4.41090016103241	14.1012602832873	0.00067544924471395	0.00218802846647973
TGME49_chrXII:770437:770705:clu_2641_NA	-1.94371628012476	4.36252396181623	14.2101587740478	0.000675971380428262	0.00218802846647973
TGME49_chrX:84962:85549:clu_1937_NA	-1.10241421225719	5.70693596416462	14.1676831431796	0.000686258390477666	0.00221934986600206
TGME49_chrVI:3034645:3035074:clu_822_NA	0.65138298736105	7.58406065014195	14.1550597656642	0.000689210208222514	0.00222691476167897
TGME49_chrVIII:2242402:2242595:clu_1428_NA	1.08985749241918	6.50349158033617	14.1327312845095	0.00069491656101132	0.00224211965375373
TGME49_chrX:1479101:1479936:clu_2001_NA	-0.606817593319266	7.5660330341252	14.1316245358591	0.000695149614795172	0.00224211965375373
TGME49_chrIa:1302062:1302502:clu_62_NA	-0.701483187180537	7.27480434302443	14.0880111418032	0.000706354927727678	0.00227624127862598
TGME49_chrVIII:3261769:3262336:clu_1474_NA	-0.687927459522663	7.09548386558763	14.0527779333237	0.000715547314950311	0.00230382151447686
TGME49_chrVIIb:129810:129998:clu_1080_NA	-1.61306197595743	4.73788682436107	14.0520959597654	0.000718189184047464	0.00231028113629428
TGME49_chrIa:1198922:1199242:clu_51_NA	1.19907122993327	6.19836727588439	14.0187510097603	0.000724632722559625	0.00232894778647589
TGME49_chrVIII:5291186:5291471:clu_1557_NA	0.873278045642928	6.89240375871969	14.0040104565375	0.000728485049156133	0.00233926073646868
TGME49_chrVIII:24079:24380:clu_1342_NA	0.324814466935904	10.0005535027336	13.9982573916601	0.000729997278907977	0.00234204775713195
TGME49_chrXII:56365:56850:clu_2578_NA	1.1819873867187	5.99480302500076	13.976666590673	0.000735975852748537	0.00235861219078874
TGME49_chrX:4266503:4267368:clu_2141_NA	1.44032643193575	5.55795411386812	13.9763693936797	0.000736458001800611	0.00235861219078874
TGME49_chrIV:2473016:2473633:clu_530_NA	1.18219909394908	5.99517891124581	13.970541133779	0.000737635349478891	0.00236030325295402
TGME49_chrVIIa:2524328:2524527:clu_984_NA	-1.89953775418612	4.60743599357437	13.9732506386307	0.000739273981459608	0.00236346607089329
TGME49_chrVIII:6850667:6851515:clu_1660_NA	1.31194312968199	6.04498953237582	13.9369305325224	0.000746821950721498	0.00238549893749793
TGME49_chrIX:2297266:2297608:clu_1776_NA	-0.497017390834743	8.15596074297019	13.9170412016947	0.00075214180071507	0.00240038230517935
TGME49_chrVIII:5886090:5886712:clu_1589_NA	0.511492252514533	8.52076473140029	13.911359648972	0.000753716070600927	0.00240269354899583
TGME49_chrVIIb:3349784:3350422:clu_1258_NA	-1.85619194818156	4.91336979451776	13.9184307093964	0.000754187988831977	0.00240269354899583
TGME49_chrXII:4649936:4650948:clu_2815_NA	0.93373875281029	6.54399321173121	13.9011479827808	0.000756605124435107	0.00240828338644625
TGME49_chrX:6115530:6116117:clu_2231_NA	-0.432430440829892	8.68820359340272	13.8840096087394	0.000761349254374045	0.00242126381421667
TGME49_chrXII:3678875:3679469:clu_2766_NA	1.65539151814026	5.35749630057343	13.8825839645996	0.000762731704712722	0.00242353998831359
TGME49_chrV:1248957:1249376:clu_608_NA	0.972453788192112	6.44690575221164	13.8759876188372	0.000763663750480188	0.00242438229955937
TGME49_chrIX:4830851:4831115:clu_1895_NA	-0.806274417164218	6.84836558725581	13.8396370283392	0.000773940017537733	0.00245486209751279
TGME49_chrXI:4237645:4238376:clu_2459_NA	0.66311052562373	7.48650404030036	13.8190349137231	0.00077982605088513	0.00247137549692018
TGME49_chrXII:153968:154357:clu_2592_NA	0.704035506104192	7.26500102021735	13.7847560864217	0.000789766939238887	0.00250069932415797
TGME49_chrXII:5755740:5756322:clu_2882_NA	-2.08160107193372	4.09911702954593	13.7509307986943	0.000792229427800497	0.00250631328986493
TGME49_chrXII:1878997:1879337:clu_2682_NA	0.798475685214764	6.98926461144202	13.7668757050634	0.000795013140874996	0.00251293284093966
TGME49_chrIb:865693:866518:clu_145_NA	1.60395336498866	5.31782062928705	13.6803436064215	0.000821908868510074	0.00259540418268327
TGME49_chrXII:4055913:4057041:clu_2793_NA	1.47154582986662	5.49926579547441	13.6771738808854	0.000822532494759595	0.00259540418268327
TGME49_chrXI:4980290:4980987:clu_2495_NA	3.01187030129813	4.33211628148162	13.5636568670991	0.000825678616122808	0.00260307178630218
TGME49_chrV:481746:482496:clu_562_NA	-0.59770896529279	7.47140554099138	13.6534609684079	0.000829093365387319	0.00261157225579108
TGME49_chrX:4880975:4881626:clu_2164_NA	-0.819742950657865	6.54487550294685	13.6434998506301	0.000832202220352674	0.00261909529955149
TGME49_chrII:300254:301051:clu_210_NA	-0.269706416757813	10.5441044354896	13.6222079574757	0.000838746860695257	0.00263740902995438
TGME49_chrXI:3804583:3804877:clu_2433_NA	-1.00982423213848	5.93100224840025	13.6128000396144	0.000841848148910744	0.00264487296567896
TGME49_chrXI:2349425:2349899:clu_2388_NA	0.632823626203906	7.55550515056761	13.5626392389475	0.000857520262967171	0.0026917842451517
TGME49_chrX:3454620:3454745:clu_2107_NA	0.393939879061155	8.95478935428582	13.5406423230263	0.000864552866681578	0.002710101887678
TGME49_chrV:3103312:3103695:clu_676_NA	-1.95583561318973	4.44050141116524	13.5444615719862	0.000864846819726681	0.002710101887678
TGME49_chrV:11594:11907:clu_540_NA	-1.19948408415128	5.57456735863075	13.510794509717	0.000874598129888032	0.00273829819306029
TGME49_chrIII:189941:191014:clu_335_NA	2.2973634812565	4.79100713936282	13.494639012699	0.000876004118719634	0.00274033990666598
TGME49_chrV:1784505:1785117:clu_627_NA	0.862469712311158	6.92948692559171	13.4705840092379	0.000887423089715579	0.00277367405942917
TGME49_chrX:1653931:1654438:clu_2010_NA	0.460661048953534	8.57221007310699	13.4665710503127	0.000888722733753044	0.00277528314952363
TGME49_chrVIIb:4108722:4109231:clu_1287_NA	-0.340592236407783	9.50205454693013	13.4643213570605	0.000889464888361768	0.00277528314952363
TGME49_chrVIII:2660487:2661266:clu_1449_NA	-1.46333920301653	5.19284871479292	13.439430231273	0.000898974165675608	0.00280058765304477
TGME49_chrVIII:6796987:6797500:clu_1639_NA	-0.921177093278861	6.18444615687521	13.4356883440913	0.000899115760963754	0.00280058765304477
TGME49_chrXI:5983823:5984182:clu_2542_NA	0.398831616513563	9.04851668145649	13.4289881269697	0.000901260415768599	0.00280486439325245
TGME49_chrIII:2284648:2284799:clu_432_NA	0.675148861000611	7.29185213920595	13.4229142787827	0.000903318750400973	0.00280886540436915
TGME49_chrII:811874:812946:clu_230_NA	-1.36609450882106	5.17613838467525	13.4145388235391	0.000907278568336648	0.00281876717598608
TGME49_chrIII:1884694:1885100:clu_411_NA	-0.481200622881487	8.56910566211161	13.4078671145635	0.000908391263205866	0.00281981404077995
TGME49_chrXI:6243154:6243835:clu_2556_NA	-2.29044367538357	3.99949562986503	13.3353084318323	0.000914652739668569	0.00283682824973997
TGME49_chrVIIb:1210188:1210796:clu_1150_NA	0.454771508828409	8.5166301999843	13.3553836361567	0.000926370158580757	0.00287072082390542
TGME49_chrIb:1045119:1045426:clu_153_NA	0.932366625974859	6.54369337325447	13.338844675205	0.000932170701483275	0.0028862355194989
TGME49_chrVIIb:624040:624514:clu_1109_NA	1.42944766309322	5.84130521969978	13.3294011019399	0.000935771174080649	0.00289491763215588
TGME49_chrX:1582421:1582639:clu_2007_NA	2.68137343406786	4.51012074658101	13.2768246693218	0.000936910008899171	0.00289597609043239
TGME49_chrX:5771731:5771952:clu_2207_NA	0.955998712187584	6.43410145708344	13.2847204625269	0.000951250934507418	0.00293780556239122
TGME49_chrVIIb:1577526:1577892:clu_1167_NA	0.878530289952731	6.67404233703718	13.2535677270326	0.000962389137210325	0.00296968125106921
TGME49_chrIX:2611822:2612446:clu_1789_NA	1.12234479391623	6.26795468690244	13.2374864634474	0.000968269862830385	0.00298529342781039
TGME49_chrIX:606856:607529:clu_1686_NA	0.909426220223745	6.75131344950098	13.2273792829911	0.00097187778310295	0.00299387774710104
TGME49_chrVI:70699:70946:clu_693_NA	0.580749019203448	7.9241624443412	13.2186228913393	0.000975036190447166	0.00300106397313755
TGME49_chrXI:3478352:3478949:clu_2427_NA	1.93258033576666	4.9080462052094	13.2154877090515	0.000976453291025356	0.00300288300581825
TGME49_chrVI:1345752:1346175:clu_745_NA	0.608210565268789	7.98240921887168	13.1633287433898	0.000995481603131098	0.00305881287183562
TGME49_chrV:500954:501306:clu_568_NA	-1.2831098617737	5.2678219556214	13.1617036001488	0.000997005812112199	0.00306090889107081
TGME49_chrVIII:6393332:6393486:clu_1615_NA	0.822993437506643	6.80843911913555	13.1424450632017	0.00100335590913109	0.00307757694909667
TGME49_chrV:1767204:1767330:clu_625_NA	0.511899986144995	8.45039471994913	13.1403027405826	0.00100412827004915	0.00307757694909667
TGME49_chrXII:4810896:4811576:clu_2828_NA	-1.85759809940373	4.58393219217465	13.1270580825184	0.00101230564209716	0.00310002612386115
TGME49_chrVIII:23162:23282:clu_1341_NA	0.356973837344079	9.49661169714501	13.0961006846275	0.00102095433621957	0.00312387963986375
TGME49_chrIa:506778:507297:clu_25_NA	0.687394653849848	7.36148978864965	13.0518227517756	0.00103813179177953	0.00317376708420402
TGME49_chrXII:155674:155973:clu_2593_NA	0.867278756399757	6.74346613569565	13.0315602960279	0.00104611784606331	0.00319408996588462
TGME49_chrXI:3328888:3329640:clu_2423_NA	-0.6963811782176	7.09939523517504	13.0304474063977	0.00104653676736412	0.00319408996588462
TGME49_chrXI:1854223:1854477:clu_2363_NA	1.20742984727008	5.79327021307389	12.9475155944704	0.00108010488092208	0.00329377620985887
TGME49_chrVIIa:1645608:1645819:clu_923_NA	1.50770511609414	5.61010177095495	12.8834157528331	0.00110700359372879	0.00337297406806719
TGME49_chrIX:3318616:3319272:clu_1819_NA	-1.12605663839057	5.71782446893821	12.8782393205828	0.00110876079178635	0.00337549872541321
TGME49_chrIII:312284:313048:clu_341_NA	0.843780026474966	6.69956378182257	12.8714100751219	0.00111135266549531	0.00338055810801294
TGME49_chrVIII:666300:666583:clu_1364_NA	-0.4494436420375	8.23760267373525	12.8625671697015	0.00111503357539333	0.00338891893524646
TGME49_chrVIIb:915911:916363:clu_1139_NA	1.48429411408194	5.50831015771309	12.8609936973812	0.00111656786016278	0.00339074701060294
TGME49_chrVIIa:1888859:1889292:clu_947_NA	-0.518724530718494	7.72726611388661	12.8047000304621	0.0011397567842653	0.0034582770540938
TGME49_chrX:6026895:6027382:clu_2225_NA	0.610981389384753	7.66280280462574	12.8003599814978	0.00114163538995003	0.0034610881088143
TGME49_chrX:6295628:6295741:clu_2242_NA	-0.328226323091032	9.87070310480288	12.7745062760938	0.0011528756465953	0.00349225247947827
TGME49_chrX:1660707:1661234:clu_2012_NA	-0.633821231744865	7.11778466863796	12.7375866029573	0.0011691785692252	0.00353868784274239
TGME49_chrXII:2151075:2151579:clu_2710_NA	-0.448776158989472	8.57263821907663	12.7313788980167	0.0011719161578025	0.00354402265691523
TGME49_chrX:2315265:2315504:clu_2052_NA	0.849155159352968	6.82906495665455	12.7258063873776	0.00117443980945961	0.00354870216740289
TGME49_chrIX:3359165:3359565:clu_1827_NA	-1.58706826978616	4.67418157921716	12.6993406346977	0.00118995582215483	0.00359259918067508
TGME49_chrVI:1344244:1344415:clu_744_NA	0.56300337258318	7.74920440116593	12.6556809144363	0.00120615324242593	0.00363847886823092
TGME49_chrVIIb:3398018:3398688:clu_1261_NA	1.03352981113238	6.15817618721094	12.561901779594	0.00125019182556194	0.00376819841286705
TGME49_chrVIII:2282278:2282666:clu_1433_NA	-0.364717462394186	8.9478209775224	12.5088032180227	0.00127565753319149	0.00384176895870015
TGME49_chrV:540216:540618:clu_574_NA	-1.02622896014282	5.92267989239028	12.4908708972507	0.00128466114126768	0.00386568149710928
TGME49_chrII:98441:99443:clu_199_NA	1.16037069908749	6.02874998721121	12.4715194973852	0.00129419335579062	0.00389114379511904
TGME49_chrVIII:27020:27519:clu_1343_NA	0.330373538926304	9.54982899752935	12.4064060438021	0.00132664782051499	0.00398542547733223
TGME49_chrVIIb:1646295:1646886:clu_1174_NA	1.35399179003732	5.71521858966876	12.3844697423214	0.00133840434203082	0.00401742343788774
TGME49_chrVIIa:1964827:1965541:clu_948_NA	-0.279406180768432	9.95083071710666	12.3809410816467	0.00133966448933024	0.00401788813425364
TGME49_chrXI:4205441:4207518:clu_2453_NA	-1.15301269715083	5.40250133615614	12.3708264620533	0.00134561230401433	0.00403239960848482
TGME49_chrX:2315750:2315856:clu_2052_NA	0.774600054116936	6.88519960778874	12.3508455629636	0.00135526957896627	0.00405799416766258
TGME49_chrVIII:3407112:3407496:clu_1481_NA	1.15001950430689	6.0211943512868	12.3362865781544	0.0013630522249164	0.00407447418814285
TGME49_chrIa:1530341:1530896:clu_85_NA	1.75790124452147	5.07843864226331	12.3381303216694	0.00136346319968444	0.00407447418814285
TGME49_chrXI:5961492:5962126:clu_2537_NA	-0.549030009918961	7.62971109830041	12.3338069656085	0.0013641361999917	0.00407447418814285
TGME49_chrVIII:1647765:1648459:clu_1396_NA	2.64925301183566	4.48547788104413	12.2889578504948	0.00136570207150837	0.00407580215922245
TGME49_chrIb:707426:708055:clu_132_NA	-0.562199962239289	7.50613686450992	12.2946962393559	0.00138479686752065	0.00412939837033435
TGME49_chrIV:551021:552285:clu_459_NA	-0.182822144467692	12.4431135346274	12.2793073436148	0.00139299835794056	0.00415045002550324
TGME49_chrV:68269:71046:clu_553_NA	-1.25472557476639	5.22311017672641	12.2602214546294	0.00140452545304472	0.00418136774923633
TGME49_chrXII:3833904:3834104:clu_2776_NA	0.653705763728528	7.35084314344831	12.2415535728676	0.00141340791468771	0.00420436806046629
TGME49_chrVIII:1774697:1775253:clu_1402_NA	0.321385933462018	9.67181993317569	12.2305818848221	0.00141937221808579	0.004218657410255
TGME49_chrIa:703403:703665:clu_41_NA	-1.42845662931935	4.87451881242914	12.2064322290623	0.00143568263005141	0.00426364898712163
TGME49_chrIa:48197:48615:clu_5_NA	-0.474437341132876	8.1335134735692	12.1655877661392	0.00145539292935268	0.00431865575363021
TGME49_chrVIII:6406510:6406951:clu_1617_NA	0.420142679363778	8.62683214848996	12.1557905452404	0.00146090337984803	0.00433147127711874
KE139811:9413:9969:clu_2967_NA	-1.39076591589986	5.04950655967195	12.1385628289092	0.00147281000643951	0.00436321464825397
TGME49_chrXII:5528961:5529438:clu_2876_NA	-0.238253420644007	10.9764296747194	12.1217405871659	0.00148023328601536	0.00438001543664773
TGME49_chrVIII:6796719:6796841:clu_1639_NA	-0.924142935589229	6.13523667480776	12.1208792210533	0.00148089105134527	0.00438001543664773
TGME49_chrXII:4758497:4759130:clu_2822_NA	-0.234956431975578	10.7196542821029	12.1122964118538	0.00148564470780891	0.00439050285600438
TGME49_chrX:4806586:4806845:clu_2161_NA	-1.24909759997448	5.30701898675155	12.1119800574732	0.00148690119771119	0.00439064650989455
TGME49_chrVIII:2707617:2708241:clu_1455_NA	1.11753288857262	6.13616540368918	12.0552977621452	0.00151895063399858	0.00448164411898121
TGME49_chrXII:3003256:3003561:clu_2742_NA	1.04209755333525	6.24757112414697	12.0479640331123	0.00152322468639836	0.00449060967969022
TGME49_chrXII:1530326:1531277:clu_2668_NA	-0.257780576842819	10.7950467216061	12.0454637549946	0.00152454999465081	0.00449087457905648
TGME49_chrV:499579:499833:clu_566_NA	-1.93112629686064	4.27848381029954	12.0332054372489	0.00153082198712862	0.00450569872324901
TGME49_chrII:1250605:1250909:clu_254_NA	-0.322208761036571	9.35727143482926	12.03227902224	0.00153235603108785	0.00450656486489024
TGME49_chrIa:812590:812800:clu_44_NA	0.604007183593354	7.70510029431701	12.0288858051548	0.00153438316801894	0.00450887858993441
TGME49_chrXII:6053480:6053815:clu_2895_NA	-0.616950435675374	7.59475615149534	12.0051821241219	0.00154854265270645	0.00454366056360901
TGME49_chrIa:345615:346099:clu_16_NA	2.61794974302381	4.46227870298615	11.9651266512481	0.00154871951535394	0.00454366056360901
TGME49_chrVI:993499:994061:clu_729_NA	-0.30851282476749	9.75921888863446	12.0014628361039	0.00155076002800996	0.00454506459784904
TGME49_chrVIIb:3626805:3627079:clu_1275_NA	1.16809493018881	5.87710482564201	12.0004645117182	0.00155169880768381	0.00454506459784904
TGME49_chrIII:2367679:2368234:clu_437_NA	-1.69484702038204	4.67416501785021	12.0000112891582	0.00155615795063706	0.00455445583781458
TGME49_chrXII:241662:242131:clu_2598_NA	1.2822100060552	5.96575432301989	11.976369444023	0.0015662495469362	0.00458030338142645
TGME49_chrIV:1891775:1892495:clu_509_NA	0.738008015520016	6.98362821560136	11.9626409766206	0.00157432644606537	0.00460022237254633
TGME49_chrVIIb:653196:653599:clu_1113_NA	1.56298188025687	5.57129188696886	11.9443257708536	0.00158661374016574	0.00463240236586544
TGME49_chrII:405472:406226:clu_219_NA	0.33362596101269	9.43122740025415	11.9397924593118	0.00158831204154953	0.00463363906182386
TGME49_chrX:1477998:1478632:clu_2000_NA	-0.569771581900901	7.65637343023199	11.9082447638855	0.00160791065132751	0.00468705310150401
TGME49_chrVIII:437983:438437:clu_1356_NA	1.85893323758172	4.85184876429224	11.9050289492407	0.0016103634873976	0.00469044172811721
KE138874:1084:9215:clu_2953_NA	-1.77046511800542	4.41403222652744	11.8955710281987	0.00161920748499005	0.00471242530659634
TGME49_chrIX:909288:909537:clu_1719_NA	0.385479474069854	8.90423544379617	11.789310002319	0.00168409493235946	0.00489734806330132
TGME49_chrVIII:6823075:6823551:clu_1650_NA	-2.02434096511947	4.16273218125408	11.7670354636523	0.00169124886336111	0.00491422031839938
TGME49_chrIX:3619854:3620135:clu_1849_NA	0.777412006292026	6.72533418217574	11.7246273722765	0.00172721102021006	0.00501470611698367
TGME49_chrVIIb:3081915:3082266:clu_1242_NA	-0.410065439159508	8.50435291409122	11.7199333943398	0.00173032311398135	0.00501973225803849
TGME49_chrX:7178541:7178988:clu_2273_NA	-0.69184645547576	6.7893195240151	11.7159356936778	0.00173308065177543	0.00502372262296945
TGME49_chrVIII:4257064:4257264:clu_1512_NA	0.225795577909031	10.9088029835556	11.6650320658063	0.0017678613039714	0.00511675185872525
TGME49_chrXII:3762933:3763724:clu_2770_NA	-0.688025922758407	7.07590765453055	11.664906342549	0.00176798908791167	0.00511675185872525
TGME49_chrXII:2523788:2524345:clu_2726_NA	-1.66542757749664	4.49060202987687	11.6663835128958	0.0017716454384554	0.00512325470865982
TGME49_chrXII:5239839:5240808:clu_2854_NA	-0.234848728539618	10.5408046630311	11.6454795744708	0.00178144292600016	0.00514749207949968
TGME49_chrXII:1117432:1118177:clu_2654_NA	0.862568735374176	6.52002556267311	11.6241837089648	0.00179645757394209	0.0051846811646314
TGME49_chrVI:2899778:2900470:clu_814_NA	-1.80029188438192	4.36239440900671	11.6267124744362	0.00179716596078007	0.0051846811646314
TGME49_chrIX:3360796:3361139:clu_1828_NA	-0.432095576798783	8.23354089496944	11.6110762059845	0.00180562123974339	0.0052049430661913
TGME49_chrXII:725115:725584:clu_2637_NA	-1.9609987702842	4.13139807095532	11.579592685957	0.00182015714630634	0.00524268718448774
TGME49_chrXII:6036513:6037000:clu_2893_NA	-0.394836817222322	8.60544906256531	11.5872613326819	0.00182255577631439	0.00524543962541789
TGME49_chrVIIa:3893110:3894571:clu_1039_NA	1.04426739159293	6.0797108569516	11.5829664783815	0.0018258478678505	0.00525075711996562
TGME49_chrIII:1280974:1281399:clu_393_NA	-1.06367843985526	5.7884559274281	11.5502995047727	0.00184956166879316	0.00531474835261908
TGME49_chrVIIb:4881359:4881463:clu_1326_NA	0.881513815379741	6.47437762419677	11.543676597872	0.00185409416517466	0.00532356421043435
TGME49_chrIa:1722712:1723235:clu_90_NA	2.38637137159366	4.60419898816553	11.5199111448665	0.00185826794076477	0.00533133698869765
TGME49_chrIb:1814369:1814992:clu_189_NA	-0.477475707959652	8.09468046842896	11.4790166883031	0.00190171635127373	0.00545168685873817
TGME49_chrII:2245960:2246322:clu_322_NA	-1.81148874038603	4.22141986671621	11.4619465414851	0.00191347017044369	0.00547691691486347
TGME49_chrIa:21043:21163:clu_2_NA	-1.74487467960262	4.33480598555141	11.4668652593971	0.00191353080656853	0.00547691691486347
TGME49_chrIII:2122781:2123651:clu_418_NA	0.503449233154153	7.85874483845584	11.4522249809963	0.00192187520315885	0.00549647235521827
TGME49_chrXII:6053109:6053360:clu_2895_NA	-0.651362675816314	7.31871715328569	11.4491089024575	0.00192425266376283	0.00549894530878764
TGME49_chrVIII:2242915:2243095:clu_1429_NA	0.892301949315827	6.5126887472092	11.4336048105563	0.0019361085604965	0.00552847966803202
TGME49_chrVIIb:4573466:4574028:clu_1318_NA	-1.59240853834439	4.51478567356079	11.4258076457026	0.00194724338197184	0.00555572682777323
TGME49_chrVIIa:4428183:4428722:clu_1074_NA	0.385101491208568	9.10091108814579	11.4170129309837	0.0019487074842946	0.00555572682777323
TGME49_chrX:5642868:5643306:clu_2198_NA	2.13919002492105	4.67130583134181	11.4067750992149	0.00195078529887476	0.00555729197602645
TGME49_chrIa:1727463:1727972:clu_92_NA	1.61385883792143	5.21546496450694	11.4123566035389	0.0019543834615044	0.00556119433134641
TGME49_chrIV:933059:933930:clu_469_NA	-0.502940346262022	8.15029141270679	11.4085610329416	0.0019552149533592	0.00556119433134641
TGME49_chrX:1045694:1046433:clu_1984_NA	-0.433865398634849	8.18344564441665	11.3748304367829	0.0019813968148385	0.0056312567802486
TGME49_chrXII:4916611:4916995:clu_2832_NA	0.991670177546949	6.49606985148833	11.3672146580054	0.00198746618416296	0.00564409342143152
TGME49_chrX:79346:80108:clu_1936_NA	-0.514426526156969	7.64997839621912	11.3573264875403	0.00199514011080465	0.0056614631559523
TGME49_chrVIIb:1115857:1116286:clu_1144_NA	2.13643452157694	4.66809842341535	11.329131616791	0.00201154141356407	0.0057035515119387
TGME49_chrIa:1813492:1814354:clu_102_NA	0.838636359012805	6.77233182497471	11.3177819170003	0.00202659841741479	0.00574176558636224
TGME49_chrXII:356289:356925:clu_2615_NA	-0.528322993649531	8.11756391660593	11.3044480788064	0.00203724799493337	0.0057674427270894
TGME49_chrIV:934103:936155:clu_470_NA	-0.522819854950362	7.91180835063508	11.2940642361753	0.0020456327270333	0.00578667312277513
TGME49_chrXI:6227645:6228419:clu_2553_NA	-0.934361374844835	5.80792227079043	11.2922056290316	0.0020474888787693	0.00578741996448398
TGME49_chrVIII:2129941:2130897:clu_1414_NA	1.34712151643793	5.48587402533334	11.2752289591956	0.00206209188498228	0.00582416783365237
TGME49_chrX:2000157:2000591:clu_2031_NA	0.91926848283061	6.43840201562564	11.2696815311603	0.00206557002271162	0.0058294619817987
TGME49_chrIa:1667561:1668100:clu_87_NA	0.725861906973925	7.18281451705401	11.2370975596334	0.00209230211401517	0.00590032442548112
TGME49_chrVIIa:2338:4696:clu_848_NA	-1.26282860834946	5.16280738413483	11.2304474678228	0.00209969232373543	0.00591657488122347
TGME49_chrVIII:4614385:4614614:clu_1528_NA	0.596065967830209	7.7727253997586	11.2234447708775	0.00210363037305702	0.00592077719652145
TGME49_chrX:1144967:1145595:clu_1988_NA	1.60968777553177	5.42460555728261	11.2245685298138	0.00210444130341285	0.00592077719652145
TGME49_chrX:78876:79245:clu_1936_NA	-0.390252624646364	8.48500266540101	11.200364182705	0.00212295699076588	0.00596825109159625
TGME49_chrII:959958:960428:clu_243_NA	1.04127247897241	6.16372585882492	11.1939488594572	0.00212857240386738	0.0059794132056089
KE138874:303:608:clu_2952_NA	-0.569607778975719	7.50894800174895	11.1897827759937	0.00213190070482347	0.00598413827184039
TGME49_chrIb:392676:393256:clu_121_NA	-1.27274678840039	5.06680368315618	11.1883795139164	0.00213546582448193	0.00598952027159862
TGME49_chrVIII:23905:24041:clu_1342_NA	0.290470532494491	9.97784591997768	11.1483960327148	0.0021671850358678	0.00607379923313759
TGME49_chrV:486960:487166:clu_563_NA	1.04417122328392	6.39972465165919	11.1194263752363	0.00219242042378921	0.00613979063210614
TGME49_chrVIIa:4360953:4361392:clu_1065_NA	0.399800279168256	8.76673204306308	11.0823812867649	0.00222481537850415	0.00622571508919367
TGME49_chrVIIa:2711521:2712041:clu_991_NA	0.706116488543334	7.00095482559638	11.0642097792443	0.00224100774488679	0.00626620242512574
TGME49_chrVIII:3012568:3013108:clu_1465_NA	0.936319129273275	6.35228626272414	11.0311050932676	0.00227085249718679	0.00634477234994156
TGME49_chrVIII:3933696:3934085:clu_1502_NA	-0.727909922714378	6.58171817901297	10.9925598824523	0.0023059675684521	0.00643793556937279
TGME49_chrXI:4780497:4782202:clu_2490_NA	0.812241276275786	6.64991756339424	10.9731283818441	0.00232390853511279	0.00648304491568302
TGME49_chrIb:879571:880107:clu_146_NA	1.56897419953987	5.06408932915433	10.963522589598	0.00233527631744769	0.00650976182049259
TGME49_chrX:6273538:6274437:clu_2240_NA	-0.984663334651989	5.86442582704568	10.92721069664	0.00236720858687077	0.00659371893737566
TGME49_chrVIII:1229733:1230886:clu_1387_NA	-0.192653781864718	11.7072832531103	10.9239822512805	0.00236988920909778	0.00659613114477062
TGME49_chrVIIb:904686:904798:clu_1138_NA	0.639436115347489	7.38464906744021	10.9139545178727	0.00237943881252557	0.00661764352221151
TGME49_chrXI:6609428:6609796:clu_2572_NA	-0.821950078723822	6.18560201301494	10.903059825137	0.00238999787284804	0.00664192833929865
TGME49_chrVIII:6566598:6567154:clu_1623_NA	1.65418125356558	5.12934048030922	10.8841594821695	0.00241045751574289	0.00669366926640597
TGME49_chrVIIb:2701071:2702277:clu_1218_NA	-0.441988658107791	8.15944200101242	10.8673667638833	0.00242419190496697	0.0067266699042404
TGME49_chrVIII:3436147:3436946:clu_1485_NA	0.992583168877254	6.12686989103695	10.8534497513243	0.0024379715993505	0.00675723688192493
KE139826:4579:6302:clu_2988_NA	-1.74450393312636	4.33461472746511	10.8554857791767	0.00243892566412256	0.00675723688192493
TGME49_chrXI:5204174:5204710:clu_2501_NA	2.47689199605014	4.35765960032671	10.7848968302325	0.00247333806766095	0.00684736014923652
TGME49_chrVIIb:297023:297523:clu_1090_NA	-0.749167514999178	6.57016216256414	10.8066096492104	0.00248403968677213	0.00687175362360479
TGME49_chrVIII:4914797:4915149:clu_1542_NA	-0.389072469855329	8.43877538575196	10.7964253681082	0.00249411186329081	0.00689437005556052
TGME49_chrX:2718795:2718999:clu_2079_NA	1.08536978250643	5.86815944745195	10.7764685664537	0.00251459418049796	0.00694570656999247
TGME49_chrVI:1695854:1696172:clu_770_NA	-0.853086394926393	6.0991410840579	10.7550489468586	0.00253612166923846	0.00699984986156553
TGME49_chrVIIb:937138:937383:clu_1141_NA	1.33775940815897	5.39637731989564	10.7356823920896	0.00255728460130728	0.00705290555823366
TGME49_chrXI:3036387:3037407:clu_2411_NA	-0.457681308292055	8.25395137214882	10.6765036400796	0.00261728237126825	0.00721269337392409
TGME49_chrX:6245620:6246034:clu_2235_NA	-0.921745493148489	6.11698360226676	10.6749181870079	0.00261918989094355	0.00721269337392409
TGME49_chrVIIa:2125578:2125874:clu_961_NA	0.42700688526566	8.34396548844192	10.6404075702363	0.00265562173717197	0.00730748297851636
TGME49_chrXI:4777418:4778218:clu_2489_NA	0.746314414752424	6.79804361323401	10.6360784378154	0.00266032708291671	0.00731489330287613
TGME49_chrVIII:2605890:2607158:clu_1445_NA	0.291242845814757	9.79392370827314	10.6094921186373	0.00268892934938461	0.00738795025322226
TGME49_chrVIIa:1804753:1805373:clu_940_NA	1.36408796867098	5.5001495829511	10.5969841155044	0.00270393034510545	0.00742355498826156
TGME49_chrXII:4589714:4590187:clu_2814_NA	-0.493859845209071	7.70184905928764	10.5828096614704	0.00271806573699857	0.00745673128603003
TGME49_chrXII:154615:154815:clu_2592_NA	0.609587196156486	7.33322072701254	10.5785697958893	0.00272273642630085	0.00746391169653364
TGME49_chrX:778858:779411:clu_1968_NA	0.835631304998352	6.69364696729786	10.5619053986926	0.00274118806264154	0.00750883090256366
TGME49_chrX:6022396:6022641:clu_2223_NA	-1.27942665953744	5.00003301224695	10.5542578411661	0.00275286382656027	0.00753513554935738
TGME49_chrVIIa:1646016:1646271:clu_923_NA	0.988160103833384	6.0369928959617	10.5448248232589	0.00276038561196837	0.00755003890105722
TGME49_chrXI:959177:959627:clu_2329_NA	1.7805584886377	4.79337262656759	10.5356973139811	0.00277106497955782	0.0075735497749569
TGME49_chrVIIa:2615660:2616346:clu_989_NA	-1.46908078724148	4.71674770989339	10.5078715706374	0.00280770842061855	0.00766793396615209
TGME49_chrXII:2329607:2330016:clu_2719_NA	0.702642818865563	6.87495516606142	10.4956963304674	0.00281555597316089	0.00768359306489478
TGME49_chrVIII:3925943:3926121:clu_1501_NA	-0.41581369595586	8.19475317069463	10.4910238609305	0.00282082895686938	0.00769220799566405
TGME49_chrXI:4223598:4223829:clu_2456_NA	1.51889535794387	5.14381612074416	10.4812892098396	0.00283470700356553	0.00772425783955075
TGME49_chrIII:977294:977408:clu_381_NA	-0.415890328573824	8.46072897143639	10.4675003343814	0.00284783296170963	0.00775421184705206
TGME49_chrVIIa:3328962:3329873:clu_1015_NA	1.13873122265028	5.68022267475308	10.4606789381092	0.00285644869225259	0.0077718495481573
TGME49_chrV:5243:5608:clu_542_NA	-0.960468927278591	5.6626597569007	10.4008935246115	0.00292642458990643	0.00795628525378451
TGME49_chrXII:3828091:3828181:clu_2773_NA	-0.288924999486742	9.55537147737763	10.3906940563562	0.00293795190375347	0.00798165558306717
TGME49_chrVIIa:157190:157507:clu_860_NA	0.286365753228102	9.5021403649653	10.3267093307759	0.0030153753131125	0.00818587697024939
TGME49_chrIII:939658:939863:clu_373_NA	0.821738498271959	6.42820176636402	10.321019713711	0.00302251283490212	0.00819912996632029
TGME49_chrVIIa:3268531:3268941:clu_1011_NA	0.942902334898793	6.17124827301742	10.3166621323205	0.00302797491754417	0.00820782164449893
TGME49_chrIV:497172:497954:clu_456_NA	0.95210916828747	6.3965294019576	10.2539260244152	0.0031062890540163	0.00841383063438842
TGME49_chrXII:6674680:6675246:clu_2924_NA	-1.96078655263908	4.13160335197996	10.2415964087752	0.00311059119929417	0.00841920998468674
TGME49_chrVIII:713988:714359:clu_1370_NA	1.02854057218535	6.27523432002996	10.2369168736884	0.00312796786899243	0.00845994285996093
TGME49_chrVIIa:3681909:3682672:clu_1031_NA	2.40419173690419	4.3054477483516	10.1820504865179	0.00316110874285126	0.00854321953922999
TGME49_chrIII:370634:371196:clu_347_NA	-1.18989993762552	5.25036175492167	10.2049613027278	0.00317071124646966	0.00856280488924014
TGME49_chrII:1250983:1251304:clu_255_NA	-0.283512595931572	9.45906517285155	10.1611459520946	0.00322606730565475	0.00870583122201559
TGME49_chrX:4174029:4174385:clu_2137_NA	0.441149739758455	8.33451171027844	10.151867728675	0.0032383429920821	0.00873247535327776
TGME49_chrVIIa:513388:513736:clu_875_NA	1.42151744593428	5.3721306226326	10.1143787846087	0.0032905421975881	0.00886665744123998
TGME49_chrVIIb:2196809:2197239:clu_1197_NA	0.881113451052223	6.37845846256098	10.0613550277684	0.00336083898122077	0.00904015223957814
TGME49_chrVIIa:3044051:3044298:clu_1003_NA	-1.00487877121079	5.6652471341504	10.0611588690228	0.00336162372144593	0.00904015223957814
TGME49_chrXI:4611767:4612800:clu_2477_NA	-0.409429686445259	8.38934058703585	10.0601077398504	0.00336238949873718	0.00904015223957814
TGME49_chrV:11768:11907:clu_540_NA	1.83447068075854	4.83377704616727	10.0339973542157	0.00339939180119861	0.00913288189013816
TGME49_chrVIIa:1969322:1969810:clu_950_NA	-0.269026327292986	9.66759898340999	10.0291997818753	0.00340530533206558	0.00914201246828536
TGME49_chrIX:3159148:3159945:clu_1809_NA	-0.497012854322412	7.58903169086216	10.0232256657058	0.00341369565081764	0.00915777394149233
TGME49_chrIa:1302067:1302502:clu_62_NA	-0.275953313378076	9.64308002315274	10.0053160138138	0.00343887885958868	0.00921852850634575
TGME49_chrVI:140855:141301:clu_694_NA	1.30515397604772	5.60656880942152	9.97192556833335	0.00348763795403583	0.00934234632492279
TGME49_chrIX:802114:802620:clu_1704_NA	2.38679877127712	4.6053537194765	9.95531519025781	0.00349059212290756	0.00934337434960896
TGME49_chrVIII:6796114:6796654:clu_1638_NA	-0.599907082636761	7.07922803214296	9.93078643596212	0.00354601305831973	0.00948473691463739
TGME49_chrXI:1352048:1352970:clu_2347_NA	1.08685663789935	5.92104290739531	9.92380587814004	0.00355665083306619	0.00950619542514382
TGME49_chrXI:567444:567877:clu_2315_NA	0.503649960463725	7.81934479411443	9.88475076699628	0.00361389655734373	0.00965210432472039
TGME49_chrVIIb:726977:727309:clu_1115_NA	1.96846865590469	4.75279554096323	9.86416121887188	0.00364221660497746	0.00972060011680841
TGME49_chrVIIb:1937531:1938021:clu_1181_NA	-0.492480152361938	7.75573991946251	9.86378394557233	0.00364529828159902	0.00972168690653883
TGME49_chrX:2945139:2945917:clu_2085_NA	-0.916728875783436	5.95722642879004	9.85380354914537	0.00366072744742684	0.00975567761832592
TGME49_chrIa:1296060:1296700:clu_61_NA	-1.27857472445123	5.00186749469012	9.84587638716117	0.00367626546807273	0.00978990840765155
TGME49_chrXII:6690493:6698882:clu_2926_NA	0.185942585182628	11.5678594364718	9.82265092511514	0.00370772780503962	0.00986646454708567
TGME49_chrVIII:3055854:3056149:clu_1470_NA	0.917067398352614	6.06980770644382	9.79474166725881	0.00375108960109339	0.0099745506217809
TGME49_chrVI:2302724:2303053:clu_792_NA	1.33004365641441	5.30263690466542	9.75574324547027	0.00381418582114783	0.0101318740768407
TGME49_chrIII:1877945:1878233:clu_410_NA	0.6305130715184	7.05643990199	9.75322558702941	0.00381582822866435	0.0101318740768407
TGME49_chrXI:4224508:4224961:clu_2457_NA	1.56596283488419	5.0617493971343	9.73030162344996	0.00385566795522075	0.0102301846841076
TGME49_chrII:1207032:1207878:clu_253_NA	0.783697234924432	6.48981663498368	9.72264740524284	0.00386457293429883	0.0102463330533744
TGME49_chrX:1656877:1656973:clu_2011_NA	-1.41800858882312	4.9124907068271	9.72072241041568	0.00387293465778997	0.0102610185722059
TGME49_chrXI:2297264:2297897:clu_2384_NA	1.07985362458529	5.75530448998152	9.69868425282438	0.0039037339251611	0.0103350858106049
TGME49_chrVIIa:2234498:2234734:clu_970_NA	0.419114344411481	8.1696116693717	9.68457975364973	0.00392593769587136	0.0103863053307805
TGME49_chrVIII:5312363:5312758:clu_1559_NA	-1.48686527593097	4.46508691482638	9.68340787580213	0.00393622081714306	0.0104059364875018
TGME49_chrVIIa:1851953:1852798:clu_942_NA	2.44213760038286	4.3332558896674	9.64709899809834	0.00394421214458512	0.010419484844162
TGME49_chrIX:4567710:4568160:clu_1886_NA	-0.191613219689137	11.3509185935852	9.66466194934415	0.00395852219921974	0.0104496936776788
TGME49_chrXI:845268:845492:clu_2326_NA	1.12974585223039	5.73443093813375	9.6463769716728	0.00398951559185654	0.0105238673268494
TGME49_chrVIIb:4560660:4560761:clu_1316_NA	1.47504460329173	5.21970303467222	9.62907013578738	0.00402063368459666	0.0105982621055177
TGME49_chrIX:3045743:3046655:clu_1808_NA	0.983176090713032	6.12006222391588	9.61867320792311	0.00403524453509486	0.0106290680326593
TGME49_chrVIIb:1617027:1617210:clu_1170_NA	1.5255358984669	5.03195069240023	9.60279007606126	0.00406531601758461	0.0107005240578712
TGME49_chrIV:2004029:2004663:clu_513_NA	-0.597679652323741	6.97674918106166	9.58827603746992	0.00408634748794573	0.0107480992175707
TGME49_chrV:843917:844557:clu_582_NA	-0.926777239173478	5.74760367857782	9.57233337656112	0.00411412304251767	0.0108133313518089
TGME49_chrII:1127807:1128227:clu_250_NA	0.664865662064256	6.84695600211795	9.55483240113681	0.00414368182149662	0.0108831527609395
TGME49_chrIb:1045457:1045648:clu_153_NA	0.801112173981821	6.69478195107618	9.53673259569929	0.00417509449215613	0.0109577389739982
TGME49_chrX:6753091:6753701:clu_2258_NA	0.768671702117884	6.6940439572021	9.47411200116735	0.00428565735948048	0.0112398012277861
TGME49_chrXI:2294441:2295098:clu_2383_NA	0.672728607794692	7.05098745273821	9.46790158138309	0.00429674130775049	0.0112588723641149
TGME49_chrIX:1249478:1249964:clu_1740_NA	1.16879400749582	5.63938546211186	9.46714253197516	0.00429912375278996	0.0112588723641149
TGME49_chrXII:257624:259253:clu_2602_NA	0.618348551100744	7.08190230823669	9.45800217429362	0.00431455205528715	0.0112911423477097
TGME49_chrVIIb:4259088:4259751:clu_1293_NA	1.09767749476308	5.87824323520411	9.40835746303229	0.00440564655005905	0.0115212411578882
TGME49_chrX:3375480:3376047:clu_2104_NA	1.45348397603741	5.0947817496858	9.4017805410187	0.00442088443678126	0.0115527785245865
TGME49_chrVIIb:1147179:1148301:clu_1149_NA	-0.962979393974781	5.48992056284946	9.38680597158449	0.0044461096987579	0.0116103511170869
TGME49_chrX:903167:903544:clu_1976_NA	-0.40961327323848	8.44195268037625	9.35985511999128	0.00449548454393715	0.0117308588063256
TGME49_chrVIII:4319864:4320400:clu_1515_NA	1.47792359177997	4.99562879007438	9.35794279780111	0.00450303935823411	0.0117421435202159
TGME49_chrXII:4240395:4241309:clu_2803_NA	1.80839192713881	4.81395218298656	9.34896221456353	0.00451705158102375	0.0117702383491192
TGME49_chrVIIa:304440:305191:clu_864_NA	-0.706637935694521	6.42308222104481	9.34301575711762	0.00452752801979282	0.0117890862119963
TGME49_chrXII:5352965:5353586:clu_2866_NA	-0.831649425325172	5.92214695628116	9.33809444695334	0.00453716111544846	0.0118057127091304
TGME49_chrV:3117:3662:clu_540_NA	-0.760097151411931	6.26838351199396	9.32661949094727	0.00455885021666542	0.0118536627593554
TGME49_chrVIII:2298087:2298633:clu_1439_NA	-0.867144044219157	5.79886366868202	9.32507695765072	0.004562143764038	0.011853747378326
KE140801:2257:2521:clu_3004_NA	-0.547721944060458	7.35430215396878	9.31494863541371	0.00458103961917383	0.0118943421540692
TGME49_chrXII:51901:52165:clu_2575_NA	1.45426858270477	5.09461978735798	9.3001826138236	0.00461329474017247	0.0119695405999478
TGME49_chrV:1230032:1230580:clu_606_NA	1.27102477757634	5.34683127564978	9.28608462068744	0.00463923985470038	0.012028271663221
TGME49_chrIII:318598:319866:clu_342_NA	0.963596704986539	6.01831022807683	9.27612923399003	0.00465675761387105	0.0120650847658028
TGME49_chrVIII:3599045:3600218:clu_1490_NA	-0.606401208604855	7.20012105992032	9.21297001540276	0.00478183223288699	0.0123803135089346
TGME49_chrVIII:4130062:4130488:clu_1511_NA	0.896676786939506	6.09591546394418	9.2031132594508	0.00480203508101984	0.0124237704765175
TGME49_chrXI:6233446:6234105:clu_2554_NA	-1.4574250310577	4.56291732779188	9.20170722821593	0.00481401889027103	0.0124377579595964
TGME49_chrVI:1692356:1693308:clu_767_NA	-1.52158976425637	4.36134913023708	9.2009881083442	0.00481428485533759	0.0124377579595964
TGME49_chrX:2156283:2156466:clu_2043_NA	1.19625550620984	6.15255032867065	9.17799835262538	0.00485321634664982	0.0125294328267557
TGME49_chrX:3984207:3984634:clu_2135_NA	1.50061478152702	5.0122852798006	9.17577520173652	0.00486145736604169	0.0125418009407818
TGME49_chrXII:4650700:4650948:clu_2815_NA	0.700876165002196	6.9358037299871	9.12469368632099	0.0049633221948101	0.0127955150199537
TGME49_chrVIIb:4569701:4569861:clu_1317_NA	0.823871429627303	6.46006780901853	9.09547375780025	0.0050251126743186	0.0129369338749795
KE138874:11257:11748:clu_2954_NA	-0.466756291378562	7.75319244060461	9.09530908841636	0.00502529590962063	0.0129369338749795
TGME49_chrVI:1313594:1313786:clu_736_NA	0.722323601937348	6.68426593762391	9.08411719827802	0.00504924817150623	0.0129893963930822
KE138874:9613:9947:clu_2953_NA	-0.30325405185104	9.10629350960638	9.06857825094715	0.0050824361804596	0.0130655272390174
TGME49_chrVIIa:3368298:3369575:clu_1016_NA	0.450154518513919	7.8953765045005	9.03076143176924	0.00516451496830228	0.0132609760181009
TGME49_chrVIII:6671877:6672476:clu_1632_NA	-1.16030958509929	4.98307692577341	9.03226138318824	0.00516576122190671	0.0132609760181009
TGME49_chrXI:5334955:5335116:clu_2507_NA	-1.62341630903971	4.28061304598102	9.03017436520674	0.00517106679612872	0.0132652278079943
TGME49_chrX:2154355:2154551:clu_2041_NA	1.47881601231981	4.99702948889013	9.00596358442935	0.00522341226404131	0.0133900589420241
TGME49_chrXI:3048654:3049144:clu_2414_NA	-0.793805914514524	6.37708527010096	8.99972684349751	0.00523314005472785	0.0134055420006594
TGME49_chrXI:4203289:4205418:clu_2452_NA	-0.986264464794393	5.45205582733687	8.99710293949799	0.00524011840741775	0.0134139650781433
TGME49_chrIX:3860208:3860787:clu_1862_NA	0.906531759397483	6.10265236180305	8.99498818764769	0.00524381880247773	0.0134139910957119
TGME49_chrV:179928:180533:clu_555_NA	2.22653291009986	4.48497598867947	8.95945790672826	0.00529832588534139	0.0135438921189986
TGME49_chrVI:1687695:1688000:clu_759_NA	-0.207700775291098	10.8049674483807	8.9311826181662	0.00538749117147082	0.013762143646027
TGME49_chrIII:370134:370529:clu_346_NA	-0.705795907599094	6.45174071738483	8.90027140050451	0.0054590124536571	0.0139350493462384
TGME49_chrVIIa:2010018:2010382:clu_954_NA	-0.710556490302572	6.34411479924963	8.89055365475103	0.00548168093243735	0.0139791266122409
TGME49_chrVIII:5216956:5218217:clu_1553_NA	-0.615858568302541	6.87861484370167	8.88951418911138	0.00548397099011154	0.0139791266122409
TGME49_chrVIII:6817208:6817757:clu_1646_NA	0.749221304266956	6.75360948226587	8.87790768114899	0.00551116689863518	0.014037881709217
TGME49_chrX:2314719:2314915:clu_2051_NA	0.801766314155759	6.56135394909652	8.87640422745888	0.0055147441762756	0.014037881709217
TGME49_chrVIII:667083:667684:clu_1364_NA	-0.413644792111336	8.4403988582524	8.86701296331836	0.00553669219867835	0.0140816813558534
TGME49_chrVIIb:125190:125988:clu_1079_NA	-1.52139261443308	4.36118044852207	8.86858012600228	0.00554202529078177	0.0140816813558534
TGME49_chrVIII:1604143:1605180:clu_1395_NA	1.1776574043445	5.35850049110688	8.86507199031579	0.00554357249524792	0.0140816813558534
KE140801:1017:1585:clu_3003_NA	-0.4124661373615	8.34051546163337	8.85999371541503	0.00555328018571723	0.0140964898569009
TGME49_chrXII:355319:356177:clu_2614_NA	-0.534868492538904	7.50101515865996	8.85527928113989	0.00556447803145013	0.0141150576722409
TGME49_chrIb:1639739:1640095:clu_180_NA	-0.221546801132935	10.431358701483	8.84173342455236	0.00559666558605117	0.0141868057219637
TGME49_chrVIIa:4420216:4421916:clu_1073_NA	-0.484534540986583	7.81518032205973	8.79789734173851	0.00570238284053413	0.0144447119340359
TGME49_chrX:5339093:5339325:clu_2183_NA	1.49951447933492	5.12906465807748	8.78336959615523	0.00574213604618721	0.0145352817046591
TGME49_chrIX:2940474:2940706:clu_1806_NA	-0.394533324346012	8.10905478910869	8.77596198410281	0.00575606749980051	0.0145535881676887
TGME49_chrIb:895664:896005:clu_147_NA	1.79585942351072	4.62483235983863	8.77432587207199	0.00575737545670875	0.0145535881676887
TGME49_chrVIIb:2466446:2467102:clu_1211_NA	-0.684046225935187	6.50829879277069	8.7395918178845	0.00584647207725338	0.0147685378740904
TGME49_chrXII:589381:590015:clu_2629_NA	0.49380236875884	7.73008663577987	8.73015510490082	0.00586997031470541	0.0148132782157509
TGME49_chrX:7425508:7426230:clu_2287_NA	-0.311265652022878	8.89263943129325	8.72920632170885	0.00587233395017802	0.0148132782157509
TGME49_chrVIIb:1534259:1534633:clu_1161_NA	0.236062143075743	9.99962962926961	8.72206643183012	0.00589030056720044	0.0148332571096727
TGME49_chrVIIa:2033877:2034319:clu_957_NA	-0.166051010721618	12.1329612559491	8.72150727535136	0.00589170988205206	0.0148332571096727
TGME49_chrXII:1922019:1923318:clu_2694_NA	0.966554901156824	5.88176220736008	8.72144935719579	0.00589249608428265	0.0148332571096727
TGME49_chrXII:5824563:5824942:clu_2884_NA	0.492797112703302	7.61057509465927	8.71292519947418	0.00591344099776185	0.0148693776952278
TGME49_chrVIII:2103559:2103829:clu_1413_NA	0.91604454872992	6.06850722414709	8.71245718656291	0.00591502617532308	0.0148693776952278
TGME49_chrX:4031300:4032047:clu_2136_NA	1.50206703343859	5.01458918373466	8.7059396723416	0.00593576029203666	0.0149111877412255
TGME49_chrVI:3013542:3014254:clu_821_NA	-1.12443741920303	5.19113785276284	8.70113842616671	0.00594634796768018	0.0149274688277054
TGME49_chrVIIb:4107850:4108666:clu_1287_NA	-0.273277787903261	9.42932981271317	8.69297159250227	0.00596417833446509	0.0149618966499521
TGME49_chrVIII:6578971:6579976:clu_1625_NA	0.493247859072407	7.69787950430454	8.68142555097955	0.00599380028725635	0.0150166612708064
TGME49_chrXII:5306966:5308413:clu_2856_NA	1.32082349701511	5.20342942889865	8.68265256462359	0.00599427111525173	0.0150166612708064
TGME49_chrII:1437502:1437907:clu_274_NA	-0.781817020917065	6.15579325578115	8.67605987648123	0.00600793423129361	0.0150405240569919
TGME49_chrIb:637889:638105:clu_127_NA	-0.384916381886354	8.26692411112636	8.65742427319345	0.00605580714723386	0.0151499373573263
TGME49_chrVIIb:282207:282510:clu_1086_NA	0.587267288422096	7.19285835343361	8.64150145804863	0.00609738454700612	0.0152434613675153
TGME49_chrIa:1464656:1464910:clu_78_NA	-1.16300895938379	4.94686732726815	8.63433542887158	0.0061215447656535	0.0152907566407754
TGME49_chrXII:139290:139715:clu_2589_NA	1.02377354506978	5.71274536168379	8.63143045782926	0.00612471572736422	0.0152907566407754
TGME49_chrV:4748:5608:clu_542_NA	-0.345617632914906	8.46172032637623	8.62473591577826	0.00614139265053011	0.0153218684177604
TGME49_chrXII:1344462:1345379:clu_2666_NA	-0.838186850162696	6.10842476536244	8.61606690400771	0.00616470137479212	0.0153694715345469
TGME49_chrX:1302994:1303442:clu_1992_NA	-0.935634542497727	5.65238323692756	8.59979343477986	0.00620854347872153	0.0154681669260814
TGME49_chrX:3579274:3579998:clu_2117_NA	0.77943933118683	6.59743339346812	8.57355427198364	0.00627819287730701	0.0156309802116514
TGME49_chrVIII:22354:22557:clu_1340_NA	0.347385574393162	8.62234955462034	8.57044847270222	0.00628642513738645	0.0156407634321696
TGME49_chrVIII:6171173:6171368:clu_1602_NA	-1.34348834362401	4.56213010816622	8.56421387977483	0.00631426679201672	0.0156992885013548
TGME49_chrVI:1882322:1882670:clu_783_NA	0.758628274850815	6.44250171068111	8.54657108772348	0.00635159178587354	0.0157812960640125
TGME49_chrXII:1087666:1088027:clu_2652_NA	0.555139583389367	7.30753065565429	8.53837982649524	0.006373876728308	0.0158258482974041
TGME49_chrXI:3248187:3248875:clu_2420_NA	0.677326835434255	6.72349711415781	8.5208343385282	0.00642233779184813	0.0159352886507631
TGME49_chrIa:1838600:1839106:clu_104_NA	1.35276040803977	5.12766737754105	8.51496693191756	0.00644276979377787	0.0159750806278189
TGME49_chrVI:1691591:1700255:clu_764_NA	-0.784644628993388	6.04390347845819	8.50487602490217	0.00646698970554409	0.0160188991780541
TGME49_chrXII:1852982:1853470:clu_2681_NA	0.367007531603058	8.50346181292176	8.50298804021771	0.00647182280747154	0.0160188991780541
TGME49_chrII:1940199:1941328:clu_303_NA	-0.520675322937387	7.21129124540424	8.50234956833661	0.00647366241886148	0.0160188991780541
TGME49_chrIV:541352:542017:clu_458_NA	-0.508991225696255	7.43613488313842	8.48324151320119	0.00652723795520774	0.016129997060401
TGME49_chrVIII:667830:668859:clu_1365_NA	-1.0852192262797	5.08319255576883	8.48454504171153	0.00652743484892705	0.016129997060401
TGME49_chrVI:1333909:1334083:clu_741_NA	-0.319048255593337	9.03956421980783	8.48074746397635	0.00653422619720285	0.0161358099367068
TGME49_chrXI:4694738:4695156:clu_2485_NA	0.565514085939408	7.12852325742035	8.46275723988373	0.00658525049961228	0.0162507709206318
TGME49_chrV:1044946:1045257:clu_588_NA	-0.292829950119248	9.51433212581388	8.45892863756442	0.00659607377791774	0.0162664370303467
TGME49_chrXI:2350131:2350573:clu_2388_NA	0.515320190550701	7.42942068637736	8.44502506203403	0.0066358670433966	0.0163534757306757
TGME49_chrIX:1589130:1590044:clu_1749_NA	0.949142019728509	5.91559143947152	8.44159821155409	0.00664628477827601	0.0163680522825429
TGME49_chrX:5642284:5642601:clu_2198_NA	2.7288867382644	4.1266040612296	8.3913379776089	0.00667199602622334	0.0164202474985253
TGME49_chrIII:931130:931417:clu_371_NA	1.31144615016234	5.0966761156902	8.42505593444782	0.00669782450487501	0.0164726604027204
TGME49_chrXII:3872144:3872687:clu_2785_NA	0.471835501486928	7.90319708883253	8.41009429425434	0.00673684154658782	0.0165574165124048
TGME49_chrV:498170:498720:clu_566_NA	-0.421359684557716	7.81159291535527	8.40727738925993	0.00674506130598293	0.0165664174643567
TGME49_chrII:1123575:1124476:clu_248_NA	1.10338974435379	5.52331171972153	8.39610591273487	0.00677941199926866	0.0166395426180564
KE139130:7605:8096:clu_2961_NA	-1.09539282943822	5.40021731045683	8.37108876687802	0.00685354742865401	0.0168101517565164
TGME49_chrX:1009549:1009953:clu_1982_NA	1.58817680494182	5.07921519616012	8.36996530365467	0.0068597974464253	0.0168141360200647
TGME49_chrIX:4332072:4333113:clu_1873_NA	0.482049031616064	8.20707833061278	8.36421250893498	0.00687202608946261	0.0168327593229088
TGME49_chrIX:3644043:3644723:clu_1850_NA	0.336650762080622	8.6617346330297	8.32701941157359	0.00698375777433446	0.0170949222287581
TGME49_chrV:1212112:1212535:clu_602_NA	-0.301804875684948	8.85611028670293	8.32217822038837	0.00699844423957617	0.01711330410116
TGME49_chrVIIb:3275412:3275956:clu_1256_NA	1.45269648193331	4.97669132341211	8.32314875396207	0.00700068313574275	0.01711330410116
TGME49_chrII:223651:224579:clu_207_NA	0.586757438848127	7.05908914222186	8.31945805089611	0.00700678923175494	0.0171167196622508
TGME49_chrXII:3675563:3676085:clu_2765_NA	-0.582181171425368	6.90728863639301	8.31724767199265	0.00701354158939763	0.0171180381892647
TGME49_chrVI:3425442:3426249:clu_838_NA	-0.371045812831742	8.26097979494255	8.31616283951277	0.00701674742833685	0.0171180381892647
TGME49_chrVIIa:4361570:4362088:clu_1065_NA	0.34811304296644	8.54132938722685	8.30565103149176	0.00704884080528762	0.0171847996829111
TGME49_chrVIIb:4541014:4541375:clu_1310_NA	0.553062413045055	7.13641612543092	8.29878054977227	0.00706997107285773	0.0172247619636983
TGME49_chrIa:1656078:1656510:clu_86_NA	0.681396596120586	6.65362045223062	8.29094832649074	0.00709415286610736	0.0172721002466847
TGME49_chrVIII:966539:968083:clu_1380_NA	-1.3534895059818	4.51330350946997	8.2890046593002	0.00711204701541165	0.0173015575169484
TGME49_chrX:84339:84862:clu_1937_NA	-0.786554033911719	5.963974964735	8.28407099011427	0.00711577124837357	0.0173015575169484
TGME49_chrVIIb:1348427:1349088:clu_1154_NA	0.696945849651801	6.66550222709271	8.23275325451276	0.00727599085576611	0.0176792959630413
TGME49_chrXII:6264874:6264971:clu_2904_NA	0.886600636526244	6.04709319969139	8.21583343254402	0.00733013339162463	0.0177989544946931
TGME49_chrX:6112990:6113374:clu_2230_NA	-0.244921471802387	9.66711206205507	8.21058721877735	0.00734640337163005	0.0178265529077939
TGME49_chrX:1774030:1774765:clu_2020_NA	0.6608425695108	6.71002310614145	8.20407505733236	0.00736743205219833	0.0178656541092334
TGME49_chrXI:665016:665407:clu_2318_NA	-0.941783341300904	5.52657507936449	8.19512194712827	0.00739748273545549	0.0179163391500393
TGME49_chrVIII:4349590:4349889:clu_1517_NA	0.270185254310852	9.57666076532541	8.19446844298787	0.00739819121436288	0.0179163391500393
TGME49_chrIV:2451685:2451884:clu_528_NA	-1.08411139628164	5.04943356365856	8.19028967151726	0.00741622260609755	0.0179480487171535
TGME49_chrVI:1343167:1343324:clu_743_NA	0.486240145474957	7.80627656264739	8.18239250137326	0.00743727645797481	0.0179870258980296
TGME49_chrVI:1622593:1623162:clu_754_NA	0.67177977273681	6.74208104397473	8.17695582488511	0.00745505113970117	0.0180180258595836
TGME49_chrX:5998074:5998248:clu_2221_NA	-1.2149423965142	4.77678958279515	8.12836077905342	0.00762359139793959	0.0184131260674488
TGME49_chrII:2222289:2222798:clu_315_NA	1.4767782970707	4.99416344057649	8.12359668307474	0.0076360248407084	0.0184309098910857
TGME49_chrIb:177801:178685:clu_111_NA	0.52844496451243	7.24383562291329	8.08658972717658	0.00775516724138922	0.0187028290400802
TGME49_chrVIIb:1312817:1313102:clu_1153_NA	0.833908930842224	6.27482759360484	8.08554819069472	0.0077589728177279	0.0187028290400802
TGME49_chrIb:864118:864338:clu_144_NA	1.43077079967696	5.18486788221773	8.07836396960696	0.00778775823064759	0.0187597754595123
TGME49_chrVIII:6389568:6389675:clu_1614_NA	0.681373941346857	6.74841809979199	8.07413776225801	0.00779762965330538	0.0187711150925596
TGME49_chrII:1775250:1775687:clu_291_NA	-1.35185513563833	4.51502703030421	8.06612834084521	0.00783761668160034	0.0188548885755243
TGME49_chrIX:1056737:1057454:clu_1733_NA	-0.224189879406702	10.3144890922214	8.05745951305365	0.00785463004268715	0.0188833202415131
TGME49_chrIX:1517323:1517752:clu_1744_NA	0.457235621571935	7.77617800843323	8.04962362622025	0.0078816731691199	0.0189358109515868
TGME49_chrXII:5103656:5104550:clu_2849_NA	1.38337148347539	4.92657341950781	8.04178340250884	0.00791450019891589	0.0190021190376877
TGME49_chrVIIa:1475794:1476224:clu_915_NA	-0.347550854756746	8.56607384488969	8.03556283907945	0.00793037206920457	0.0190266717436291
TGME49_chrX:6921463:6921871:clu_2262_NA	-0.279252278407892	9.16647603178875	8.03417428079205	0.00793519514809952	0.0190266717436291
TGME49_chrV:4748:5204:clu_542_NA	-0.904803880563533	5.46484675698322	8.01809113712725	0.00799295984713768	0.0191525438657518
TGME49_chrVIII:2444454:2444874:clu_1441_NA	-0.837779431294587	5.74660627783245	8.00355688492848	0.00804335660008262	0.019260606878327
TGME49_chrXI:1568590:1569461:clu_2351_NA	1.11459177932809	5.72125881208773	7.98562860902721	0.0081072516832854	0.0193889006867061
TGME49_chrX:4392729:4392864:clu_2149_NA	-0.761494449716192	6.33236592744375	7.98527040476725	0.00810760083735718	0.0193889006867061
TGME49_chrVIIb:1312304:1312699:clu_1153_NA	0.885289178693846	5.91523721910049	7.9616094342355	0.00819267055676564	0.0195794592201467
TGME49_chrX:7183181:7183337:clu_2278_NA	-0.546853805306553	6.9817503721345	7.95566710466068	0.00821353307087705	0.0196164209675677
TGME49_chrXI:3041570:3041909:clu_2412_NA	-0.659136486647748	6.81647241490922	7.95294779515289	0.00822339180607771	0.0196270710539018
TGME49_chrIX:1477184:1477215:clu_1743_NA	1.06044834435082	5.55781489125188	7.92644836695007	0.00832132192974086	0.0198477724505302
TGME49_chrIX:3893804:3894428:clu_1864_NA	-0.915421254167806	5.70924046379434	7.92176114167376	0.00833785867437404	0.0198741746107211
TGME49_chrVIIa:4429072:4429603:clu_1075_NA	0.315998699798506	9.07641347912958	7.91841022127456	0.00834914308546398	0.0198880308752697
TGME49_chrVIIb:915516:915835:clu_1139_NA	1.10419660386216	5.58930789596339	7.90047722789957	0.00841697329770179	0.0200364754008815
TGME49_chrXII:6275465:6275756:clu_2905_NA	1.21216328560195	5.30148736717211	7.89349843405176	0.00844464049531334	0.020089180759466
TGME49_chrXII:6083652:6084467:clu_2897_NA	0.92186770187041	5.89533531770771	7.87239147664861	0.00852085288717566	0.0202572271058754
TGME49_chrX:2105495:2105957:clu_2036_NA	-0.312281315275808	8.85909770614368	7.8696412086152	0.00853046611527838	0.0202668263588476
TGME49_chrX:7174314:7174722:clu_2271_NA	-0.638952464439516	6.53167634026818	7.86661305551671	0.00854207737625616	0.0202811569318688
TGME49_chrIII:2262959:2263160:clu_424_NA	1.89119892129459	4.48853759968925	7.85745152174083	0.00856337102414037	0.0203184423451372
TGME49_chrVIIb:4882194:4882468:clu_1327_NA	0.996913014080141	5.85423265279112	7.85466468772961	0.00858784872563524	0.0203632290395852
TGME49_chrIb:1349319:1349561:clu_164_NA	0.944497089465136	5.76286948805393	7.84653874874358	0.00861881099830442	0.020423323323883
TGME49_chrVI:924330:924833:clu_717_NA	0.552206003184667	7.19995839257719	7.83820591526069	0.00864965887501493	0.020483068410866
TGME49_chrVIIa:3681404:3681807:clu_1030_NA	0.364786265558793	8.4096708551141	7.83408384468763	0.00866535219702042	0.020505334690757
TGME49_chrXII:6335035:6336335:clu_2910_NA	-0.321048526413265	8.57985529118354	7.83277905955657	0.00867034371931047	0.020505334690757
TGME49_chrVIIb:2112052:2112890:clu_1189_NA	0.447067824526569	7.75771411569961	7.8111822240104	0.00875346360127799	0.0206884526597175
TGME49_chrXII:301377:301408:clu_2608_NA	-0.521038083512658	7.00884586935667	7.80733752130418	0.00876842412184353	0.0207103454729703
TGME49_chrX:2486846:2487588:clu_2068_NA	-1.44363160834507	4.38991862161932	7.79671369198795	0.00882260456174455	0.0208247841441178
TGME49_chrIII:1353399:1354281:clu_395_NA	-1.12037446967057	5.06795377463884	7.79284054424941	0.0088296563867312	0.0208279045851836
TGME49_chrVIIa:2234817:2235186:clu_971_NA	0.382276397148981	8.29105576948612	7.78550104615857	0.00885338584064562	0.0208703356230524
TGME49_chrVIIb:1623992:1624459:clu_1172_NA	0.843945937918801	6.09681266353336	7.78099831843084	0.00887151254121107	0.0208995126942983
TGME49_chrVIII:6143263:6143639:clu_1600_NA	-0.298962640519733	8.91323135984512	7.77234768012861	0.00890504134031905	0.0209649127409713
TGME49_chrII:1423284:1424237:clu_273_NA	1.85630487642061	4.46375644805075	7.74671000657261	0.00899351595253712	0.0211595019336391
TGME49_chrIX:5075186:5075545:clu_1898_NA	-0.493774668665522	7.30020263577838	7.73903987765986	0.0090373928433738	0.0212489799389805
TGME49_chrX:3006057:3007189:clu_2089_NA	0.505324467633391	7.35563206812135	7.69352064415722	0.00922161655443037	0.0216681164675853
TGME49_chrXII:6275465:6275666:clu_2905_NA	1.9350345687057	4.2762465060826	7.68030806873415	0.00924424001083218	0.0217072431778908
TGME49_chrIX:1290868:1291342:clu_1741_NA	-1.08131406975459	4.98220402909832	7.68488639975244	0.00926291303861337	0.0217370489963587
TGME49_chrV:546973:547500:clu_575_NA	-0.725231008802731	6.25365866275042	7.67602568774894	0.00929382163139517	0.0217955107291106
TGME49_chrIa:1455558:1456590:clu_77_NA	1.0681634955691	5.6279816092571	7.67285261598319	0.00930808861512309	0.0218148949812846
TGME49_chrVI:2918377:2919108:clu_815_NA	-0.685387400827976	6.30911891146357	7.65934268548	0.00936289488139518	0.0219292028955357
TGME49_chrVIIa:1155806:1157524:clu_899_NA	-1.26273778474743	4.7568881567872	7.65585754155457	0.00938764991112551	0.021973024743684
TGME49_chrVIIa:4427437:4428103:clu_1074_NA	0.279368851307921	9.11202123924445	7.64950033465934	0.00940359801040237	0.0219860216102972
TGME49_chrXI:4641515:4642094:clu_2481_NA	-1.16544930563869	4.83506914250233	7.65116473247191	0.00940529947840776	0.0219860216102972
TGME49_chrVIIb:2796175:2796544:clu_1228_NA	0.908591937048842	6.18240735530695	7.6422508130438	0.00943440232377443	0.0220331430020692
TGME49_chrII:1471448:1471938:clu_281_NA	-0.37570900669386	7.974996680106	7.64138936376081	0.00943758009744754	0.0220331430020692
TGME49_chrIa:1491035:1492256:clu_82_NA	0.392359925510093	8.02589843695486	7.63328274709934	0.00947165455576033	0.0220985008409428
TGME49_chrIb:1348923:1349183:clu_164_NA	1.42911675080024	4.95912496728799	7.62929487332713	0.00949466724051504	0.0221379829501425
TGME49_chrX:3955331:3956004:clu_2133_NA	0.394212053316662	8.48579711332018	7.62612739669866	0.0095018364981122	0.0221404972247679
TGME49_chrXI:805130:806264:clu_2324_NA	0.745394221421172	6.37179171945742	7.59843021507506	0.00961997471534263	0.0224014145357274
TGME49_chrVIII:651339:651824:clu_1362_NA	-1.43084803487927	4.44066368359259	7.59987014487949	0.0096277361665478	0.0224044212171452
TGME49_chrV:980664:981308:clu_585_NA	0.727053118277943	6.55901245882904	7.59454558774754	0.00963654756640089	0.0224044212171452
TGME49_chrIV:2433614:2434511:clu_527_NA	-0.508104856319693	7.34491203385384	7.59376082120902	0.00963975647417195	0.0224044212171452
TGME49_chrIV:894681:895437:clu_466_NA	1.54231695928806	4.77591797798756	7.58695344590121	0.00967398109387523	0.022469598259576
TGME49_chrXII:4099727:4100748:clu_2797_NA	-0.171569664566605	11.2227316605545	7.57720058089913	0.00971105509629178	0.0225413060504602
TGME49_chrVIIa:645748:646318:clu_881_NA	-0.324666329185021	8.45464706361146	7.5641779632159	0.00976760482732305	0.022658100540727
TGME49_chrIV:1439401:1440382:clu_494_NA	1.93482273219338	4.27585670865045	7.55414509972808	0.00977884366868558	0.0226697045508113
TGME49_chrII:1439261:1439720:clu_275_NA	-0.481000390633685	7.23330644631127	7.54760107600034	0.00984014397607657	0.0227972742849193
TGME49_chrIX:3337224:3337705:clu_1821_NA	0.431508240866309	7.77726548395953	7.52959764710101	0.00991946308535026	0.022966400200795
TGME49_chrX:4233209:4233897:clu_2139_NA	-0.99492298272433	5.24983923239359	7.52318650291335	0.00995099390414616	0.0230111965750058
TGME49_chrIX:5075636:5076415:clu_1898_NA	-0.469650606110101	7.33993319279052	7.52238915239979	0.00995147208140552	0.0230111965750058
TGME49_chrX:6439865:6441090:clu_2249_NA	1.07108399084494	5.49999146334477	7.51114759416958	0.0100036084563278	0.0231170481492382
TGME49_chrIV:2381039:2381413:clu_525_NA	-1.28437531956352	4.58407337828534	7.47986107682598	0.0101561723758313	0.0234546928755698
TGME49_chrXII:354728:355271:clu_2614_NA	-0.584144753636745	6.62064034201637	7.46959692779849	0.0101891939872303	0.023516012789576
TGME49_chrVI:1333607:1333850:clu_741_NA	-0.297420455672532	9.15747597970341	7.46531873895265	0.0102085122740751	0.0235456485509283
TGME49_chrVIIa:2127726:2128127:clu_962_NA	0.454435833788528	7.84099713662247	7.42598693191199	0.0103899043204768	0.0239488282846754
TGME49_chrIX:3340603:3340931:clu_1822_NA	-0.809011571649796	5.73882907381188	7.41947333069906	0.0104212690158907	0.0240059016937659
TGME49_chrIV:268449:269320:clu_447_NA	0.779422398940405	6.0877256416526	7.41746638527365	0.0104301484979926	0.0240069137928183
TGME49_chrVIIa:4362288:4362685:clu_1065_NA	0.315054270667246	8.68679357248194	7.41633674380069	0.0104349171369059	0.0240069137928183
TGME49_chrVIII:4482123:4482956:clu_1521_NA	0.990702868164677	5.74398892788399	7.40312587287772	0.010498081245619	0.024136954666556
TGME49_chrXI:1808270:1808916:clu_2361_NA	1.29776930309316	4.97981064655391	7.39640814884304	0.0105350303912575	0.0242065963794065
TGME49_chrVIII:3409534:3409858:clu_1483_NA	0.875355356917586	5.81328857241856	7.38702455732172	0.0105739137062679	0.0242805914859658
TGME49_chrX:1978690:1979303:clu_2030_NA	-1.29739563116356	4.4894281206215	7.37484472116015	0.0106461061427969	0.0244309317102693
TGME49_chrVI:3086038:3086760:clu_825_NA	0.941030368111018	6.00250632206254	7.36215568651646	0.0106923782846935	0.0245216372648964
TGME49_chrIb:863355:863786:clu_143_NA	0.520814867957821	7.28206376727803	7.34294300265186	0.0107844494410953	0.0247171965437463
TGME49_chrVIII:1427291:1427657:clu_1392_NA	-0.49885632766675	7.04343011370182	7.33469126778219	0.0108245684648301	0.0247935137805025
TGME49_chrVIIb:2481416:2482396:clu_1213_NA	1.43282110925026	4.96230704639339	7.32153312924719	0.0108953839157796	0.0249400003361832
TGME49_chrIX:735625:735993:clu_1697_NA	0.642500178161366	6.67221958300416	7.31206728714482	0.0109353590439958	0.02501575212393
TGME49_chrXII:2096123:2096508:clu_2708_NA	-1.16974899148302	4.67302353869782	7.30764527700922	0.0109693128157677	0.0250776428209532
TGME49_chrX:2379303:2380038:clu_2056_NA	0.514897153773187	7.59116059956071	7.3021065813481	0.0109843408073232	0.0250917147854759
TGME49_chrVIIa:3920313:3921004:clu_1045_NA	-0.398010509261655	7.68999226441786	7.30110755851615	0.0109892737107229	0.0250917147854759
TGME49_chrIa:278857:279769:clu_15_NA	0.37580283848106	8.05432371248381	7.29328271889682	0.0110280375357576	0.0251574708606095
TGME49_chrX:5408658:5410462:clu_2184_NA	-0.258832293107558	9.45098128077108	7.2924972546778	0.011031914319618	0.0251574708606095
TGME49_chrXI:4394894:4396091:clu_2466_NA	0.633283404290377	6.77971654934211	7.28759363464897	0.0110564733462393	0.0251976680962883
TGME49_chrII:959130:959824:clu_242_NA	0.878491011833716	6.19888307418895	7.23036642943617	0.0113457689490406	0.0258407707579965
TGME49_chrVIII:5710011:5711361:clu_1579_NA	-0.575059600174543	6.65311129719083	7.22838492910555	0.011355647826427	0.0258470756725499
TGME49_chrVIIa:1446438:1446835:clu_913_NA	0.710399995922874	6.28272201286662	7.21641985117625	0.0114173295640584	0.0259712096153645
TGME49_chrX:371828:372191:clu_1959_NA	1.02293272489906	5.59286581967684	7.20083206935375	0.0114993844496472	0.0261415024855957
TGME49_chrII:1822344:1822819:clu_298_NA	-0.365358949506131	8.07725936211456	7.17927236866033	0.011610240291558	0.0263770146623834
TGME49_chrXII:3863456:3864152:clu_2784_NA	-0.492022024797696	7.19818730490669	7.17682398202776	0.0116231743064207	0.0263899054365018
KE138874:3483:3976:clu_2954_NA	-0.521303760622751	7.2206107677841	7.1741490306331	0.0116372428793871	0.0264053544735158
TGME49_chrIII:1884478:1884616:clu_411_NA	-0.380590769888586	8.19636059502884	7.15889746746593	0.0117177483966794	0.0265714381920958
TGME49_chrX:6025570:6026009:clu_2224_NA	0.570086806802227	7.02834023499108	7.14725915635577	0.0117797401774093	0.0266953588185056
TGME49_chrXII:6238095:6238882:clu_2899_NA	-0.556375623327849	6.71489715592576	7.14477660612984	0.0117930650220677	0.0267089042711627
KE138874:6919:7877:clu_2955_NA	-1.29093499693965	4.53768366521204	7.1435441244151	0.011815049551214	0.0267420330751326
TGME49_chrXII:6051867:6052911:clu_2894_NA	1.28384135223953	5.17576383523867	7.12656980590096	0.0118959472560243	0.0269081074352584
TGME49_chrXII:4037517:4037851:clu_2789_NA	0.431167617817633	7.59830315324589	7.12422268944255	0.0119032288186783	0.0269081074352584
TGME49_chrVIIb:2172690:2172941:clu_1195_NA	-0.383173399588782	8.00777243447389	7.11623341601192	0.0119463858605881	0.0269888829106513
TGME49_chrIII:391760:392094:clu_352_NA	0.529821341931995	7.27277586807431	7.1125197525984	0.0119665672251174	0.0270176843871439
TGME49_chrIV:389799:390532:clu_452_NA	-0.717890320942595	6.16969019035699	7.10647833850313	0.0119998101140833	0.0270759216416466
TGME49_chrVIII:4522730:4523494:clu_1523_NA	0.861500355342216	5.94199281890639	7.10082082790602	0.0120309117760375	0.0271292582542781
TGME49_chrVIIb:1534770:1535033:clu_1161_NA	0.240531079716596	9.59131190210132	7.09283217985322	0.0120738116427358	0.0272091167522285
TGME49_chrVIII:6340560:6340700:clu_1611_NA	-0.526477570432302	7.03900902718769	7.07693022851701	0.0121613887378967	0.0273894969406781
TGME49_chrVI:506237:507276:clu_702_NA	2.15039957150947	4.1267287813003	7.04782087448843	0.0122440567038232	0.0275580415199989
TGME49_chrIII:490306:490670:clu_356_NA	-0.648836926272192	6.40712040971295	7.06073042682954	0.0122513879219583	0.0275580415199989
TGME49_chrXI:6149178:6149653:clu_2547_NA	0.711346064178898	6.34683579353225	7.04940058551384	0.0123146464936977	0.0276747624002904
TGME49_chrX:7179806:7179956:clu_2274_NA	-0.470611355344647	7.37521331172699	7.04866010520672	0.0123185049693727	0.0276747624002904
TGME49_chrVI:15566:16082:clu_691_NA	1.13859761700677	5.24852243769833	7.04254471725722	0.0123570088625455	0.0277441181070741
TGME49_chrXII:359034:359211:clu_2616_NA	-0.367252794654446	8.39347178571283	7.03286172849611	0.0124072365294095	0.0278396943113601
TGME49_chrVIII:5212506:5215706:clu_1553_NA	-0.406613893319449	7.73306297788559	7.02189371964662	0.0124693106390609	0.0279617175650748
TGME49_chrXI:1808986:1809354:clu_2361_NA	0.340743122601527	8.28890763601122	7.0177879059442	0.0124926025462428	0.0279966770996256
TGME49_chrVIIa:1872460:1873350:clu_944_NA	-0.75189931150831	5.98178826396311	7.01200608749365	0.0125262038497262	0.0280546832986782
TGME49_chrXI:5087811:5088383:clu_2498_NA	0.756972527100007	6.0711084927115	6.9673624920243	0.0127833969962738	0.0286130837939995
TGME49_chrIX:666455:666824:clu_1694_NA	-0.69275178440449	6.38426212718414	6.93343880467659	0.0129825200825196	0.0290408987692053
TGME49_chrVI:1709444:1724517:clu_764_NA	-0.455592123832894	7.34819915131648	6.917300395667	0.0130782599016359	0.0292370693372979
TGME49_chrVIIb:2129932:2130486:clu_1190_NA	-0.939958894160204	5.33711344437425	6.91145374962542	0.0131160103099622	0.0292941706897015
TGME49_chrVIII:5545185:5545417:clu_1567_NA	-1.11842584002701	4.77763063609116	6.91218036761128	0.0131199201878498	0.0292941706897015
TGME49_chrVI:950712:950875:clu_724_NA	1.93396389056458	4.27502889043361	6.88541347981924	0.0132320323048784	0.029526358151156
TGME49_chrV:1715027:1715803:clu_621_NA	-0.321614106130661	8.52964443388526	6.88524843792864	0.0132711925020519	0.0295955734631649
TGME49_chrIb:1571161:1571394:clu_176_NA	0.21024161769772	10.2265342610577	6.87925549419101	0.0133075970140422	0.0296585623213019
TGME49_chrIX:1052485:1052960:clu_1731_NA	-0.199808845518091	10.5151750958232	6.86293680801065	0.0134073382200843	0.0298625456066216
TGME49_chrX:7344097:7344752:clu_2282_NA	-0.516802510989914	6.94514530805516	6.86021478900805	0.0134242097476625	0.0298818141045641
TGME49_chrXI:2818843:2819227:clu_2402_NA	-0.260076814507089	9.48818150891855	6.84158369258193	0.0135390826628873	0.0301190731209274
TGME49_chrVIII:1587001:1587935:clu_1394_NA	-1.23352282271085	4.51421595152449	6.84257477709967	0.0135497578581583	0.0301243852075874
TGME49_chrXII:5350415:5350844:clu_2863_NA	-0.66891674452396	6.29940675381908	6.83756922434136	0.0135644221574262	0.0301385541211762
TGME49_chrVIIb:417235:418037:clu_1096_NA	1.02849576021687	5.39824144734805	6.82517332039029	0.0136442407592349	0.0302973825044709
TGME49_chrIb:305591:305909:clu_119_NA	0.712591007153252	6.28410252550297	6.8182325329565	0.0136851831230841	0.0303697439880408
TGME49_chrXII:134570:134914:clu_2588_NA	-0.360606923968428	8.04796531001814	6.81213449097844	0.0137231097152648	0.0304353287461792
TGME49_chrX:815359:815842:clu_1969_NA	0.77119898129398	6.12038515208607	6.80031610884471	0.0137982570416081	0.0305833319184424
TGME49_chrVI:2885444:2885625:clu_813_NA	0.406572826890773	7.80752737903841	6.78908423637847	0.0138690303301399	0.0307214657221562
TGME49_chrII:39125:39748:clu_195_NA	0.249564000861907	9.29308973743769	6.77438130513825	0.013962946885372	0.0309106649989813
TGME49_chrIV:1572687:1573156:clu_498_NA	-0.359519262532335	8.08161304946276	6.7637501253384	0.0140313333193379	0.0310431507095515
TGME49_chrII:1408407:1408785:clu_268_NA	-0.496794408622775	6.95633332600801	6.76109409607483	0.014048592698484	0.0310624297195799
TGME49_chrXII:5864198:5864632:clu_2889_NA	-0.538362824502071	6.84015592856754	6.74892355269939	0.0141274337893971	0.0312177640270263
TGME49_chrX:5709734:5710793:clu_2204_NA	0.578831240606543	6.78308153888422	6.72991020690443	0.0142515301017871	0.031472850498175
TGME49_chrIa:48740:49064:clu_5_NA	-0.320154434006476	8.47863970103233	6.71171182146318	0.0143712365882597	0.0317179386753636
TGME49_chrVIII:1880787:1881127:clu_1404_NA	-0.799619053217912	5.69515876945155	6.70128499580276	0.0144417004003607	0.0318541146573491
TGME49_chrXI:5355028:5355269:clu_2508_NA	-0.695928900112901	6.05293992015105	6.69504437284755	0.0144826280727961	0.0319163517319073
TGME49_chrV:3349:11907:clu_540_NA	-0.93611125140876	5.30717516048202	6.69469749600807	0.0144874774023788	0.0319163517319073
TGME49_chrVIIa:540938:541802:clu_880_NA	0.682588961420567	6.324960213639	6.67634037567385	0.014607762398427	0.0321618511921756
TGME49_chrVIIb:2060552:2061169:clu_1186_NA	0.414416921726193	7.74363205680869	6.66396152277626	0.0146910388186977	0.0323256211295194
TGME49_chrIb:840617:840737:clu_142_NA	0.522779586309868	7.01267844466148	6.65733412035654	0.0147361229190609	0.032405206782085
TGME49_chrVIIb:799753:800624:clu_1122_NA	-1.07970877855306	5.01794129689964	6.6520169336818	0.0147792270623991	0.0324803448439061
TGME49_chrXI:4611315:4611702:clu_2477_NA	-0.340960702312121	8.26871861984875	6.64743318979488	0.0148035001963367	0.0325140321532833
TGME49_chrIb:1573657:1574654:clu_177_NA	0.402056778198034	8.11329045510183	6.64184507628305	0.0148417426134818	0.0325783420289894
TGME49_chrVIIb:752472:752887:clu_1116_NA	0.921880822693212	5.69269921588527	6.63490684370345	0.0148908205102932	0.0326663443300639
TGME49_chrIX:3443436:3443849:clu_1840_NA	1.29822109972568	4.980419168662	6.63101064611056	0.0149238988837017	0.0327060165880499
TGME49_chrVIIb:3405740:3405884:clu_1264_NA	0.159496344253824	12.5625090120689	6.62945226336557	0.0149269000053851	0.0327060165880499
TGME49_chrVIIa:3007117:3007355:clu_1001_NA	-1.35029810206462	4.51614541189396	6.62958554656879	0.0149439507827786	0.0327236512622892
TGME49_chrX:3856417:3856839:clu_2124_NA	1.24705576386115	4.94274750340584	6.61807038933	0.015013543981032	0.0328562506749255
TGME49_chrIX:1791596:1792496:clu_1756_NA	-1.24314411235135	4.41427363575283	6.59740943575387	0.0151681931961862	0.0331416378365681
TGME49_chrVIII:1118006:1118321:clu_1384_NA	-0.256997136917514	9.4393114685152	6.59467938067414	0.0151687886938034	0.0331416378365681
TGME49_chrVIIa:1970497:1970870:clu_951_NA	-0.208550531356721	10.0601324870312	6.59312638566652	0.0151796856669187	0.0331416378365681
TGME49_chrIX:2611267:2611711:clu_1789_NA	0.796687573854908	6.02144474056439	6.59312568673998	0.0151804200819493	0.0331416378365681
TGME49_chrIII:1106208:1106487:clu_384_NA	0.384476909806874	7.86650414344581	6.58057173959488	0.0152681693489552	0.0333132026311237
TGME49_chrIX:5081951:5082716:clu_1899_NA	0.485573200882621	7.35394144082158	6.56975049275593	0.0153448962453642	0.0334605266058182
TGME49_chrXII:2989472:2989852:clu_2741_NA	-1.3725415566811	4.41473052013991	6.56742255527742	0.0153796335228767	0.0335161677791706
TGME49_chrVIII:2020054:2020900:clu_1409_NA	-0.316834884769224	8.68304898201728	6.54394690745927	0.0155293747641016	0.0338222152591427
TGME49_chrVI:3592105:3592493:clu_843_NA	0.661389225251294	6.68726165845679	6.51543417936803	0.015736322404007	0.0342524143344704
TGME49_chrIX:857581:857747:clu_1705_NA	-0.388357765817222	7.71712529278802	6.50768664139772	0.015792824336694	0.0343548273272787
TGME49_chrII:1316753:1316999:clu_259_NA	1.22169623530176	5.13032175831731	6.50147110540069	0.0158448160069896	0.0344473123118465
TGME49_chrV:12993:13854:clu_547_NA	-0.503024646957949	7.16293685430791	6.49885655789809	0.0158577740493475	0.0344548766702798
TGME49_chrIV:103913:104385:clu_441_NA	0.875034640742369	5.81281031800907	6.48713688204009	0.0159453609902231	0.0346233877056752
TGME49_chrX:2773593:2774174:clu_2080_NA	0.359915528123537	8.14913161518274	6.48576823576943	0.0159543808547472	0.0346233877056752
TGME49_chrII:31636:32245:clu_193_NA	-0.603778715226416	6.36950272330429	6.48063831974962	0.0159928251719698	0.0346861094869392
TGME49_chrV:3108548:3108906:clu_678_NA	0.323050770019585	8.49652503123723	6.47491694015076	0.0160350331810118	0.0347453829579337
TGME49_chrIb:469037:469478:clu_124_NA	0.749708585969784	6.10405818295022	6.47442974366203	0.0160392716928233	0.0347453829579337
TGME49_chrVIIa:721317:722471:clu_884_NA	0.308085601610928	8.64034625384278	6.47219013611071	0.0160553690761545	0.0347595393638009
TGME49_chrVIIa:524582:524993:clu_876_NA	-0.660201070477402	6.09110966419007	6.45904457815944	0.0161544334030382	0.034953193702407
TGME49_chrX:6402073:6402901:clu_2248_NA	-0.771258640328324	5.75650691401285	6.44161073322503	0.0162865798632706	0.0352181545526405
TGME49_chrII:189094:189522:clu_204_NA	0.834295192601907	5.78240301786712	6.43593295751817	0.0163296587161405	0.035290314764073
TGME49_chrX:2486353:2486719:clu_2067_NA	0.231530319158735	9.70459806888075	6.43420891772654	0.016341572074985	0.0352950769415155
TGME49_chrVIII:6170742:6171120:clu_1602_NA	-0.219026504759377	9.89450053351021	6.43199931412765	0.0163583927765925	0.0353104262131318
TGME49_chrIX:246225:246532:clu_1679_NA	1.07995259148872	5.43611867360229	6.4303078238588	0.0163744617807922	0.0353241356517386
TGME49_chrVIIb:4539427:4539638:clu_1309_NA	0.620506911055641	6.63261558736489	6.41966959541639	0.0164528649113281	0.0354525008940602
TGME49_chrIa:726920:728152:clu_43_NA	0.268279274542783	8.97531692837143	6.41955854824698	0.0164534715291003	0.0354525008940602
TGME49_chrVIIb:3101027:3101348:clu_1244_NA	0.981035156834359	5.50004923963026	6.41487353515102	0.0164918903025518	0.0355142305982084
TGME49_chrX:72428:73658:clu_1933_NA	-1.00523640661615	5.05114771507302	6.41034690263871	0.0165307044489173	0.0355767381123826
TGME49_chrIV:2383455:2384473:clu_526_NA	-0.728423338275029	6.16597261822616	6.37203149054469	0.0168227887560246	0.036183927294763
TGME49_chrIb:1496887:1497515:clu_170_NA	-0.629741101226047	6.23627142861902	6.35646811316126	0.016945386918591	0.0364260682726661
TGME49_chrIX:1051976:1052371:clu_1731_NA	-0.206333775051635	10.4993985493169	6.34221119621199	0.0170581215845105	0.0366255961392404
TGME49_chrVIIb:2969745:2970101:clu_1238_NA	-0.786983019514412	5.81719560316287	6.34232344482763	0.0170583588070795	0.0366255961392404
TGME49_chrVIIa:303551:304260:clu_864_NA	-0.708303138423323	5.90194599763742	6.31661079854444	0.0172644907310643	0.0370438953199343
TGME49_chrXI:6033724:6034110:clu_2544_NA	0.512830212384204	7.18595144025859	6.31538507292419	0.017273563292239	0.0370438953199343
TGME49_chrVI:1351501:1352066:clu_747_NA	-0.233454357537444	9.45729774559459	6.31337703784898	0.0172896902508183	0.0370566179609225
TGME49_chrXII:4948275:4948658:clu_2834_NA	0.343995281419488	8.14545186336172	6.30991445198641	0.0173177555113631	0.0370948976333558
TGME49_chrX:6347925:6348126:clu_2246_NA	0.552311090502818	6.80608288531847	6.29335629142532	0.0174526858934871	0.0373489396072064
TGME49_chrX:2490802:2491699:clu_2072_NA	-1.00424030767004	5.01729297084828	6.29369122583216	0.0174569046472197	0.0373489396072064
TGME49_chrIb:1695321:1695841:clu_181_NA	0.37508245449985	8.19505459181313	6.28001123613862	0.0175619526434089	0.0375515869757595
TGME49_chrX:7175650:7175954:clu_2272_NA	-0.448607976975028	7.28960136397624	6.26045916961266	0.0177237198359886	0.0378732996051084
TGME49_chrIa:1818308:1818570:clu_103_NA	0.365628488050734	7.90636879259058	6.25930503316419	0.017733247848114	0.0378732996051084
TGME49_chrX:3004791:3005194:clu_2088_NA	0.708426168157676	6.109952053108	6.25599688139853	0.0177613789745692	0.037900188787934
TGME49_chrVIIb:226171:226600:clu_1081_NA	-0.423266040689412	7.52759079855353	6.25529116300019	0.0177666909751416	0.037900188787934
TGME49_chrIb:1766149:1766429:clu_186_NA	-0.200628021029173	9.94355786533982	6.2484117537528	0.017824046813544	0.0380002405672918
TGME49_chrVIII:373498:374476:clu_1355_NA	-0.15161403095425	11.9632816639552	6.24616959991575	0.0178428051379608	0.0380179347458896
TGME49_chrVIII:6761972:6762257:clu_1635_NA	-0.715280580452312	5.92056464667385	6.24240422322313	0.017875294940386	0.0380648489210914
TGME49_chrX:2857334:2857938:clu_2082_NA	0.950236169145421	5.41090173642302	6.2374070836789	0.0179193527113472	0.0381363273452852
TGME49_chrVIIa:1151208:1152203:clu_902_NA	-1.51430398266443	4.16259333297642	6.23420491942283	0.0179483912680363	0.0381731362658365
TGME49_chrV:10478:11031:clu_546_NA	-0.224713261941903	9.39436114096227	6.23250084356447	0.0179576514483027	0.0381731362658365
TGME49_chrIV:540615:541120:clu_457_NA	-0.402220431376527	7.60895031645304	6.19460965787848	0.0182802691588161	0.0388362234905298
TGME49_chrIX:5661484:5662050:clu_1913_NA	0.673468620758903	6.25565638091588	6.17736246026879	0.018429618379314	0.0391306441640225
TGME49_chrIV:1852016:1852316:clu_506_NA	0.223418742247377	10.0848192804199	6.17598140924883	0.0184410911365658	0.0391321461070734
TGME49_chrVIII:6393807:6393931:clu_1616_NA	0.435986937583772	7.39877895616307	6.16104247697063	0.0185713173572001	0.0393854950953456
TGME49_chrX:5606962:5607483:clu_2196_NA	0.605270850984427	6.54788591832828	6.14963571538842	0.0186715851304527	0.0395750506992394
TGME49_chrVIIb:3626344:3626657:clu_1275_NA	0.760530975432163	5.99577607708058	6.13688858777101	0.0187845889140996	0.0397913640458928
TGME49_chrXI:4398998:4399687:clu_2467_NA	0.70471453327921	6.34032364511808	6.13468791691249	0.0188037119641627	0.0398086738437575
TGME49_chrVIIb:1578025:1578307:clu_1168_NA	0.584777995878539	6.70129587751443	6.11788992363518	0.0189530473403746	0.0401014709442734
TGME49_chrVI:1807258:1807784:clu_776_NA	-0.726708167910956	5.75643523371868	6.11090861625963	0.0190166079621027	0.0402125479594201
TGME49_chrVI:1683343:1684539:clu_758_NA	0.973349134495771	5.35818772652184	6.09993859573586	0.0191176118385476	0.0403848018171514
TGME49_chrIb:393318:393789:clu_122_NA	-0.950578114307724	5.17710747217829	6.09979547492654	0.0191202871877077	0.0403848018171514
TGME49_chrIX:866028:866640:clu_1708_NA	0.984503093229602	5.43550559471462	6.0969852135007	0.0191437791882318	0.0404109392271909
TGME49_chrV:500073:500634:clu_567_NA	-0.282909139181933	8.62714526093265	6.09419011581494	0.0191660082525466	0.0404343818908919
TGME49_chrIX:3743658:3744890:clu_1856_NA	2.10417185075309	4.09553269492035	6.07642530528151	0.0192297123325258	0.0405452461303546
TGME49_chrIX:6240296:6241217:clu_1928_NA	0.355493144928825	7.95042172097	6.08401753470369	0.0192583310610031	0.0405798787483046
TGME49_chrII:1831452:1832431:clu_300_NA	-0.282976254333771	8.58724676533987	6.08290215775106	0.0192684651223036	0.0405798787483046
TGME49_chrIV:1851022:1851397:clu_505_NA	0.211313516045387	9.87408128509198	6.06660845769419	0.0194173852438515	0.04086982939282
TGME49_chrIX:2616292:2616746:clu_1790_NA	0.610459775606495	6.47346943738269	6.06346537095587	0.0194466188305363	0.040907673292245
TGME49_chrIX:1791596:1792441:clu_1756_NA	0.539738378616284	6.79676548431221	6.05538560181968	0.0195209238066877	0.0410399965914119
TGME49_chrIX:2939909:2940309:clu_1806_NA	-0.430977723058474	7.26445734643969	6.05332070996043	0.0195398978134633	0.0410399965914119
TGME49_chrVI:1705474:1706414:clu_770_NA	0.823306799143521	5.82280268017483	6.05200039269729	0.0195531832960005	0.0410399965914119
TGME49_chrV:71224:88812:clu_554_NA	-1.2436688214632	4.41377145312558	6.05397430009274	0.019554683382758	0.0410399965914119
TGME49_chrVIII:3570530:3571417:clu_1487_NA	1.08054363347154	5.20629541913799	6.0459403930181	0.0196136388813179	0.0411399753800291
TGME49_chrVIII:3055615:3055806:clu_1470_NA	0.748753318278197	5.98612391614129	6.04237307393823	0.0196421027329817	0.0411759189356336
TGME49_chrVI:926497:927519:clu_719_NA	0.398421101376074	7.71253786476041	6.0311751094453	0.0197456978595279	0.0413575639973659
TGME49_chrVI:565471:566207:clu_706_NA	1.15218083567434	5.07921109214116	6.03107053641072	0.0197539221001049	0.0413575639973659
TGME49_chrIII:1885522:1885670:clu_412_NA	-0.280442418656667	8.79338680032792	6.02933364636398	0.0197628854644909	0.0413575639973659
TGME49_chrVIIb:1566377:1566764:clu_1163_NA	0.401361339789758	7.95821737146443	6.02598053503786	0.0197943097757426	0.0413994913894272
TGME49_chrX:5042599:5043433:clu_2171_NA	-0.537187580781584	7.022945505088	6.01844787036531	0.0198651872428565	0.0415238387738834
TGME49_chrVIII:5885489:5885734:clu_1589_NA	0.348400234651538	8.10353622727294	6.00931560004337	0.0199511954234767	0.0416796525082402
TGME49_chrX:5437712:5437960:clu_2186_NA	-0.237826373487668	9.29498850574222	6.00481777686419	0.0199937494968494	0.0417445602648176
TGME49_chrIV:1396294:1396637:clu_490_NA	-0.503972135805718	6.75933446434863	5.9934661621417	0.0201018715976875	0.0419462131214662
TGME49_chrVIIb:2684033:2684563:clu_1216_NA	-0.407162559712717	7.44678799135355	5.99017928864817	0.02013307905938	0.04198723028161
TGME49_chrXI:4577886:4578049:clu_2475_NA	0.302591045079082	8.49969941576123	5.98434321663422	0.0201888305306785	0.0420793572127388
TGME49_chrII:1315635:1315896:clu_258_NA	0.845864385635615	5.63675717723376	5.97606079599461	0.020270084739883	0.0422116449469713
TGME49_chrVIIa:2609943:2610470:clu_987_NA	-0.777187247058451	5.6080213093849	5.97549671999426	0.0202755246430294	0.0422116449469713
TGME49_chrV:1211587:1211775:clu_601_NA	-0.289735227704675	8.48055126988587	5.97291421361813	0.0202986216613323	0.0422355407778722
TGME49_chrVIII:22980:23115:clu_1341_NA	0.270562088495751	8.95537443136683	5.97152283025756	0.0203120233095591	0.0422392475573496
TGME49_chrV:1045101:1045257:clu_588_NA	1.66874985737121	4.33139383777629	5.94987670505109	0.0205045303794096	0.0426151903540044
TGME49_chrVIIb:844020:844508:clu_1130_NA	0.318942525492473	8.35668041983858	5.94117274823151	0.0206069685998242	0.0428036176344919
TGME49_chrXII:1886219:1886491:clu_2686_NA	0.239119075042642	9.36476764662821	5.92613017741544	0.020754855549168	0.0430861792811113
TGME49_chrX:5160850:5161946:clu_2176_NA	-1.07294629962464	4.79580254715699	5.92556056363878	0.0207734638568575	0.0431001947030119
TGME49_chrII:881514:882155:clu_239_NA	-0.498992325217989	6.84956246300976	5.92093183724182	0.0208064441612131	0.0431439957364573
TGME49_chrVIIb:2853993:2854936:clu_1233_NA	1.28043446151832	4.8514298412024	5.92014373202193	0.02082392329904	0.0431556221163115
TGME49_chrX:7180040:7180395:clu_2275_NA	-0.406021495087708	7.4619504971161	5.91776945491379	0.0208376393925588	0.0431594411350149
TGME49_chrXII:146637:147519:clu_2590_NA	0.974160608636144	5.35932408902932	5.89933237312482	0.0210249486314006	0.0435226015234288
TGME49_chrX:5507691:5508005:clu_2194_NA	1.08664649185884	5.29243778968023	5.89493687945722	0.0210701118011603	0.0435912671583482
TGME49_chrIII:1101703:1102312:clu_383_NA	0.460778868189921	7.32410861359216	5.89005923358006	0.0211143621022895	0.043657967145519
TGME49_chrX:2158226:2158649:clu_2045_NA	1.1718805639647	4.88896074256594	5.87487270367719	0.021277302504178	0.0439698661754901
TGME49_chrVIIa:492023:492468:clu_872_NA	-0.447148096389911	7.19668305562802	5.86978690780957	0.0213193649756335	0.0440317566400158
TGME49_chrIX:1050548:1050991:clu_1729_NA	-0.172460862749881	10.6610111735244	5.86837842232272	0.0213335493552832	0.0440360317469928
TGME49_chrIX:1596348:1597321:clu_1750_NA	0.742798112355165	6.1350875884548	5.86647314377176	0.021353620551349	0.0440524464836286
TGME49_chrVIIb:808105:808382:clu_1128_NA	0.513517537459028	6.95227046952544	5.82057781845058	0.0218260488837798	0.0450015244994552
TGME49_chrX:935491:936145:clu_1979_NA	0.636049452885369	6.35072770025953	5.81389091699995	0.0218961777824141	0.0451205250788408
TGME49_chrIa:525795:525912:clu_26_NA	0.364061304287373	7.86974114499723	5.80334880908849	0.0220063864816484	0.0453219347653212
TGME49_chrVIII:4389940:4390540:clu_1518_NA	2.00678416272126	4.03005098878551	5.75627058827614	0.0224049924544662	0.0461167313544646
TGME49_chrX:6348230:6348446:clu_2246_NA	0.52053006876284	6.88258271667138	5.75972364465418	0.0224708497299001	0.0462261113572082
TGME49_chrVIII:5221715:5222383:clu_1554_NA	-0.207699095513025	9.72573449002161	5.75250003945612	0.0225485533405117	0.0463597236384389
TGME49_chrVI:3001379:3002321:clu_819_NA	0.831544762384799	5.68017199552301	5.74436708949813	0.0226383181841225	0.0465179686824676
TGME49_chrX:1925935:1926373:clu_2028_NA	-0.200998880155856	9.74223770387211	5.74176239721008	0.022664906775531	0.0465462915983362
TGME49_chrVIIb:4273471:4273626:clu_1296_NA	1.26010966252783	4.71204254494451	5.73375316172867	0.0227628265405992	0.0467125465777252
TGME49_chrII:2007469:2008115:clu_307_NA	0.437422424652425	7.26542988375607	5.73198277312812	0.0227715632835568	0.0467125465777252
TGME49_chrX:5643843:5644581:clu_2199_NA	1.25206783543241	4.83114165989607	5.73093396861088	0.0227933622524034	0.0467308921531227
TGME49_chrIb:1046149:1046847:clu_154_NA	0.845096471828494	5.69016439007265	5.71347980678265	0.0229762215604308	0.0470792363991917
TGME49_chrXII:425936:426681:clu_2620_NA	0.83600455827168	5.78541633857132	5.70500121625741	0.0230696455986593	0.047244034789367
TGME49_chrVIII:2056406:2057061:clu_1411_NA	0.679584413231682	6.16023771151271	5.69889697534484	0.0231366272530355	0.0473545270635044
TGME49_chrXII:3734052:3734677:clu_2769_NA	1.03502051783642	5.17284948001475	5.69457761199324	0.023190089856903	0.0474372406470694
TGME49_chrXII:4240395:4241857:clu_2803_NA	1.84958801250333	4.21685621957877	5.66482512321056	0.0234696039183823	0.047982008010866
TGME49_chrVIII:6475365:6475699:clu_1622_NA	-0.637915790726682	6.36580721715101	5.66426204384317	0.0235248934466968	0.0480680088132337
TGME49_chrVIIa:2998851:2999637:clu_999_NA	0.493029055576991	7.21638857167351	5.66242622942956	0.023545320268442	0.0480827186380824
TGME49_chrVIIa:4363073:4363270:clu_1066_NA	0.908102370460537	5.50806415666525	5.63999445624477	0.023803478548969	0.0485826190485695
TGME49_chrX:1067102:1067515:clu_1985_NA	-0.28615600184331	8.7003116876574	5.63597973630678	0.0238469101251436	0.0486439496660477
TGME49_chrVIII:5112097:5113154:clu_1548_NA	0.865052116762996	5.70522317076242	5.63205584857397	0.0238937111069581	0.0487120806919756
TGME49_chrIX:4618332:4619499:clu_1890_NA	0.333933406987305	8.12331907670913	5.62535954380822	0.0239692591077687	0.0488357902568074
TGME49_chrIII:361501:361918:clu_345_NA	-0.888275602516237	5.2055251156607	5.62473944581539	0.0239812615153786	0.0488357902568074
TGME49_chrIX:5439176:5439599:clu_1911_NA	1.31948713106834	4.75423226938155	5.62243223159116	0.0240135665479774	0.0488741961936717
TGME49_chrVIIa:957874:958421:clu_888_NA	-0.389137388143212	7.4478963903311	5.61874867642723	0.0240458141788807	0.0488922866910016
TGME49_chrVIII:2236071:2236396:clu_1427_NA	-0.125376764710952	12.4083243345415	5.61843479414449	0.0240493558744184	0.0488922866910016
TGME49_chrXII:4364120:4364521:clu_2806_NA	0.230789531209344	9.46490799374815	5.61100351724435	0.0241356918452512	0.0490403800209549
TGME49_chrX:6022396:6023225:clu_2223_NA	0.510182712645803	6.89284663033874	5.59986047651736	0.0242659706252637	0.049277543699907
TGME49_chrXII:5491386:5492524:clu_2872_NA	1.26101994391259	4.71309641884576	5.57098527626611	0.0246174820718979	0.0499634546797034
TGME49_chrV:1687839:1688209:clu_619_NA	1.25996255265992	4.71226725143069	5.54706217891794	0.0249037394017636	0.050516234779805
TGME49_chrX:4427051:4427252:clu_2153_NA	0.340536858467314	8.00559939101847	5.54334114377986	0.0249374940922252	0.0505564924847957
TGME49_chrIV:1658485:1659335:clu_501_NA	0.218267282478476	9.64475924469623	5.53940731160693	0.0249849561324839	0.0506244791201667
TGME49_chrXI:5959368:5960219:clu_2534_NA	0.615972839738907	6.70047978677082	5.51968842822379	0.0252248463314938	0.0510820704261726
TGME49_chrXII:4722179:4722699:clu_2819_NA	0.30768714546856	8.37924285699465	5.49878325962813	0.0254813584759467	0.0515453916881529
TGME49_chrV:1744850:1745052:clu_623_NA	1.03655913371467	5.17377867345709	5.49813353489952	0.0254956609077615	0.0515453916881529
TGME49_chrVIII:5781500:5782680:clu_1580_NA	0.701664942877373	5.95205679448932	5.49676306482491	0.0255072745627704	0.0515453916881529
TGME49_chrX:5805977:5806865:clu_2213_NA	0.554309432274222	6.58434567700103	5.49646093271238	0.0255103602880294	0.0515453916881529
TGME49_chrX:7392699:7393022:clu_2286_NA	1.14866975217748	4.97844028512583	5.49512232557844	0.0255359907957949	0.0515685147459525
TGME49_chrVIIb:367935:368775:clu_1094_NA	0.664314028908501	6.14830738873186	5.49284393290161	0.0255554856157976	0.0515792283250552
TGME49_chrVIIa:3894200:3894571:clu_1039_NA	0.58973922392225	6.79230912701326	5.48958485571434	0.025595462812977	0.0516312471282859
TGME49_chrVIII:3803433:3804381:clu_1495_NA	1.49401955924825	4.41090062841094	5.48803356869415	0.0256123051616973	0.051636566424165
TGME49_chrIII:128011:129059:clu_330_NA	0.580417642268246	6.58055045236511	5.48126322700195	0.0256990600172419	0.0517827511988216
TGME49_chrXII:4748489:4748884:clu_2821_NA	-0.602046922847556	6.12298088015368	5.47409582874099	0.0257889768803096	0.0519119636396016
TGME49_chrIX:6239878:6240188:clu_1928_NA	0.320213565861928	8.32185645507542	5.4738180979326	0.0257917486473509	0.0519119636396016
TGME49_chrVI:909478:909801:clu_715_NA	-0.372960576265428	7.54936787604333	5.47005124944384	0.0258389861494575	0.0519782593543321
TGME49_chrV:2705536:2706375:clu_657_NA	-0.706665983212865	5.69465937290562	5.45078361604274	0.0260834013982956	0.0524409093378344
TGME49_chrVI:1609038:1609966:clu_753_NA	0.578005387551887	6.71638948658512	5.44792561313302	0.0261182892007409	0.052482023905303
TGME49_chrVIIa:3449084:3449586:clu_1023_NA	-0.575755808323517	6.49540245775369	5.41965451568453	0.0264798522279133	0.0531791507450083
TGME49_chrX:372214:372312:clu_1959_NA	0.986316622410861	5.2181657588104	5.38532257735713	0.0269313827941124	0.0540560886011036
TGME49_chrIV:2637076:2637508:clu_535_NA	0.684451629574701	5.97979259064789	5.3690074751211	0.0271416749569135	0.0544481172562806
TGME49_chrIV:115610:115768:clu_443_NA	0.606591033823402	6.41667847181944	5.35144733380196	0.0273746536389623	0.054885199105145
TGME49_chrIX:1932784:1933221:clu_1761_NA	0.816688069554899	5.61591123621579	5.34039248081039	0.0275243855308873	0.05515498423637
TGME49_chrVIII:5215778:5216851:clu_1553_NA	-0.583546096504543	6.20925806307987	5.32471601256757	0.0277345099879721	0.0555454235847265
TGME49_chrXI:763176:763565:clu_2322_NA	0.94422214751457	5.47096144623751	5.31925436752358	0.0278111765643978	0.0556682967024151
TGME49_chrVIIb:2684763:2685201:clu_1216_NA	-0.513168077172803	7.08675680263387	5.31493521385682	0.0278669232169638	0.0557491832106018
TGME49_chrVIII:4074345:4074760:clu_1509_NA	0.994178916965322	5.14404456794803	5.30058815267765	0.0280696213608323	0.0561238028859325
TGME49_chrXI:5519081:5519421:clu_2511_NA	0.260597452899702	8.99158599802493	5.29220926352138	0.0281782314035711	0.0563099896382524
TGME49_chrV:486389:486818:clu_563_NA	0.607307124708308	6.3309552498436	5.28954744683889	0.0282154622646123	0.0563534095230032
TGME49_chrXII:58162:58618:clu_2579_NA	0.682651240466635	5.97793214316708	5.28680063598312	0.0282538681934018	0.0563991273382841
TGME49_chrXI:5913287:5914423:clu_2532_NA	1.12775002124437	4.96400673918349	5.2839924571118	0.0283016718039873	0.0564635439119067
TGME49_chrIV:1657485:1658365:clu_500_NA	0.171865545773248	10.5197681056753	5.27332394376295	0.0284399410361867	0.0567082751873497
TGME49_chrVIIb:2700591:2700952:clu_1217_NA	-0.331273646415035	8.01312936735338	5.2491707922628	0.0287786208310465	0.0573521308776612
TGME49_chrXII:1913195:1914548:clu_2693_NA	-0.127972448101015	12.1476823362286	5.23931349358433	0.0289180402427762	0.057574619610139
TGME49_chrXII:3830984:3831099:clu_2774_NA	0.133699105854767	11.8354463728014	5.23903855548911	0.0289219409650932	0.057574619610139
TGME49_chrXII:4714211:4714877:clu_2818_NA	-0.443368847874613	6.96489304676377	5.23618971380538	0.0289626043873724	0.0576240103711541
TGME49_chrV:757798:758480:clu_578_NA	-0.844793059038828	5.32181618612003	5.22933478613439	0.0290639330618888	0.0577939806783183
TGME49_chrIX:3995260:3996071:clu_1869_NA	0.948933896699031	5.40931364778767	5.21289524646819	0.0292992459753391	0.0582300487262753
TGME49_chrXI:4238531:4238907:clu_2459_NA	0.416790085818918	7.27724141849093	5.20215591195308	0.0294506046130972	0.0584988785620811
TGME49_chrXI:119342:119865:clu_2298_NA	0.89824302649522	5.30421296574297	5.19054999044039	0.0296234578805571	0.0588100870539734
TGME49_chrXI:2518358:2518757:clu_2395_NA	0.518361723848582	6.71748589861657	5.18866090184774	0.0296467957849512	0.058824291854966
TGME49_chrVIIb:937481:937795:clu_1141_NA	1.22715972919543	4.81439973343556	5.18537597887067	0.0297062769973353	0.0589101565113551
TGME49_chrVIIb:645930:646407:clu_1112_NA	-0.168580579668519	10.2413536690641	5.18133421202963	0.0297535301462645	0.0589716914294827
TGME49_chrVIII:518516:519018:clu_1358_NA	-1.11442467581198	4.46526387123604	5.17200925136157	0.0299147891470424	0.0592589964847407
TGME49_chrIX:801904:802620:clu_1704_NA	0.557325218265862	6.58810700732067	5.15066697017291	0.0302064848665273	0.0598042333822587
TGME49_chrII:1323545:1323962:clu_260_NA	0.351063196843036	7.77832837578645	5.1481477720501	0.0302437030075345	0.0598453241330365
TGME49_chrXII:4111679:4111975:clu_2798_NA	0.771177029787666	5.921053530897	5.14054311577052	0.0303583587753784	0.0600395180350927
TGME49_chrIb:1695321:1695844:clu_181_NA	-0.36697063447896	7.51948517777292	5.13669230465048	0.0304149622879664	0.0601187536252082
TGME49_chrIV:495947:496251:clu_455_NA	0.763397840148519	5.86981575443276	5.09881099300047	0.0309899950419012	0.0612220825963646
TGME49_chrXI:6238702:6239224:clu_2555_NA	-0.470139727249053	6.91618786611716	5.09266843871614	0.03108311997847	0.0613727002290811
TGME49_chrVIIa:3274431:3274846:clu_1011_NA	0.198858114103927	10.1051696269424	5.08658863533092	0.0311764019364344	0.0615234641905206
TGME49_chrII:1470217:1470472:clu_280_NA	-0.420065425401023	7.18169972656496	5.06285448072467	0.0315445879237104	0.0622162653839866
TGME49_chrIX:2937381:2937661:clu_1803_NA	-0.324869671126693	8.01231728566212	5.06135522804227	0.0315678828054375	0.0622284457688532
TGME49_chrIII:1106589:1107140:clu_384_NA	0.336237012708767	7.84083236148651	5.05895704518193	0.0316053723169935	0.0622685790635618
TGME49_chrVI:1345479:1345615:clu_745_NA	0.432479695250995	7.35747137357464	5.04872195835317	0.0317659475939124	0.0625510398179152
TGME49_chrII:257420:257915:clu_208_NA	0.570372345109028	6.54696031877994	5.04191731069282	0.0318734328018398	0.062715475069612
TGME49_chrIX:5404024:5404904:clu_1910_NA	0.68443479518351	6.05527093498063	5.04128230427608	0.0318839609157202	0.062715475069612
TGME49_chrIV:2350020:2350386:clu_524_NA	0.528046804328991	6.61345790802668	5.03556152823124	0.0319738899834572	0.0628583505083109
TGME49_chrVIIb:3977989:3978488:clu_1285_NA	0.551713216280724	6.43100870908707	5.03427525992248	0.0319943852841764	0.0628646435178276
TGME49_chrII:2240962:2241796:clu_319_NA	-0.57322752933185	6.17578708972173	5.02636285695819	0.0321203414515138	0.0630577144743363
TGME49_chrXII:589381:589917:clu_2629_NA	-0.919379249796072	4.98293109897875	5.02646685268463	0.0321273417349301	0.0630577144743363
TGME49_chrIa:577228:577819:clu_32_NA	-0.462311741051011	6.7829103071565	5.02187140387927	0.0321914780674062	0.0631494996087542
TGME49_chrVIII:5214515:5216851:clu_1553_NA	-1.26064860342535	4.2502393268354	5.0087393513257	0.0324244583718519	0.0635722255564626
TGME49_chrII:2135897:2136580:clu_310_NA	0.771549156395798	5.78465225786013	4.99172796980488	0.0326777438045101	0.0640342850293231
TGME49_chrII:966881:967732:clu_244_NA	-0.153535368323049	10.6658587399861	4.984314761717	0.0327967056047766	0.064232772022286
TGME49_chrIII:1878426:1878519:clu_410_NA	0.395878453063095	7.36951383959513	4.97803041349032	0.0328993592478116	0.0643991227064056
TGME49_chrX:2929404:2930161:clu_2083_NA	-0.528877333959861	6.36220051492366	4.95999566518491	0.0331960020596972	0.0649448156550051
TGME49_chrVIIa:2124937:2125272:clu_960_NA	1.19937550765581	4.66969077234994	4.95887330427691	0.0332270853190078	0.0649706590288291
TGME49_chrVIII:2153895:2154695:clu_1415_NA	0.671842736401813	6.04725175332113	4.95267504624075	0.0333174547631962	0.0651123376689345
TGME49_chrIX:5039325:5039679:clu_1897_NA	0.46593320539478	7.25871535453583	4.93949126405356	0.033535951988493	0.0655041297572122
TGME49_chrVIIa:2217969:2218270:clu_968_NA	0.428008088619157	7.15566152811882	4.9305267428365	0.0336859850419566	0.0657618451275576
TGME49_chrVI:2172935:2173542:clu_789_NA	0.510278482034981	6.77432418747801	4.92275103033322	0.0338168129588861	0.0659818116508593
TGME49_chrIa:541231:541787:clu_27_NA	0.165026287181904	10.6222071954993	4.91088672039495	0.0340170470515352	0.066336891648246
TGME49_chrIX:3371412:3371608:clu_1832_NA	0.596500828695295	6.3518899109385	4.90865921371207	0.0340553798808941	0.0663760353174531
TGME49_chrIII:391552:391682:clu_351_NA	0.428148546496279	7.29837198253598	4.90278907142808	0.0341547851689579	0.0665341072289185
TGME49_chrX:2039396:2040371:clu_2033_NA	-1.0678716172763	4.67178083907418	4.89862241537245	0.0342454363244834	0.0666577842343861
TGME49_chrX:3004808:3005194:clu_2088_NA	1.33208485223454	4.6244036995787	4.89755274163077	0.0342549493672168	0.0666577842343861
TGME49_chrXI:3363352:3363650:clu_2425_NA	0.760691241084057	5.86762616104553	4.89494891564951	0.0342897958550101	0.0666898918849448
TGME49_chrXII:2094067:2094956:clu_2707_NA	-0.751393164346024	5.4289555510725	4.88452245399589	0.0344704692152705	0.0670054308008065
TGME49_chrXII:1901138:1901727:clu_2692_NA	0.742718335206137	5.7651020940215	4.87051949946626	0.0347107476700665	0.0674149498070326
TGME49_chrIII:2290584:2290886:clu_434_NA	0.780550359846576	5.79105520436394	4.87008539801295	0.0347182354989725	0.0674149498070326
TGME49_chrVIIa:3007483:3008094:clu_1002_NA	0.672963439073735	5.9719606810001	4.86520962329879	0.034802388424383	0.0675422754525533
TGME49_chrXI:6057976:6058280:clu_2545_NA	0.619924898908878	6.50504745707314	4.85168409152889	0.03503780380234	0.0679482285792655
TGME49_chrIX:2175144:2177270:clu_1771_NA	-0.237756421989044	8.84851615882258	4.85102453642352	0.0350489487169526	0.0679482285792655
TGME49_chrVIIb:4545194:4545537:clu_1311_NA	-0.967661987502729	4.71568694706208	4.83402009719727	0.0353657916537915	0.0685259342545481
TGME49_chrX:1275752:1276571:clu_1991_NA	0.351951137339258	7.628140858476	4.82502434315065	0.0355078739445171	0.0687645827321895
TGME49_chrX:7174060:7174273:clu_2270_NA	-0.643213764685147	5.8919389739965	4.82289838117078	0.0355468624267211	0.0688034318003894
TGME49_chrVIIb:752972:753309:clu_1116_NA	0.860753705269419	5.34677827310648	4.82182002832524	0.0355690180748445	0.0688096757328685
TGME49_chrVIIb:1617707:1618148:clu_1171_NA	1.80815603017485	4.1897158798284	4.81649289833256	0.0356036066389219	0.0688399521981282
TGME49_chrXI:2099655:2100012:clu_2374_NA	1.27691031473729	4.84842138167569	4.80690867104617	0.035843778045482	0.0692674817625343
TGME49_chrVI:407242:407715:clu_699_NA	0.439349383808022	7.00436642734656	4.79812135389866	0.0359897689524577	0.0695126515101932
TGME49_chrV:934511:935066:clu_584_NA	1.5012357236989	4.21822709267462	4.78104587874431	0.0362808776876606	0.0700377006875445
TGME49_chrXII:4321883:4322073:clu_2805_NA	-0.285003219088338	8.26621484611022	4.77282968521278	0.036449090239354	0.0703250759129787
TGME49_chrXI:1020021:1020864:clu_2335_NA	0.247619259876973	8.81147678000342	4.77150802714856	0.0364732651752534	0.0703278166578287
TGME49_chrXII:5031224:5031949:clu_2838_NA	-0.481807255920371	6.92010976761605	4.77064941013205	0.0364892055616685	0.0703278166578287
TGME49_chrII:380364:381517:clu_218_NA	0.259746631232702	8.64275356266795	4.74702208342964	0.0369246121956115	0.071129287403841
TGME49_chrVIIa:1738079:1738441:clu_933_NA	0.767686522735624	5.73578694193141	4.74078108531431	0.0370423678832524	0.0713183301142068
TGME49_chrVI:1333274:1333524:clu_741_NA	-0.234098795918337	9.09583561504974	4.72707418110245	0.037296850080897	0.0717702753012497
TGME49_chrX:6061427:6062285:clu_2228_NA	-0.385104790326989	7.51156454587665	4.72032233195633	0.0374238567024381	0.071976570959451
TGME49_chrV:1211842:1212048:clu_602_NA	-0.257694282158846	8.39248371547465	4.71816553784959	0.0374644436457066	0.0720165270503139
TGME49_chrIX:211889:212781:clu_1668_NA	-0.32606236150122	7.8700565474892	4.71459375106435	0.037531887654499	0.0721080399704565
TGME49_chrII:1421953:1422964:clu_272_NA	1.54481573355864	4.24684275470714	4.70467290219899	0.0377002916133555	0.0723933227757778
TGME49_chrVIIa:3436431:3437029:clu_1021_NA	0.459358342430618	7.01983316220704	4.70461087047926	0.0377211794430668	0.0723951886354529
TGME49_chrX:7181202:7181529:clu_2276_NA	-1.11501496558237	4.56303138063485	4.70467586381434	0.0377440658220222	0.0724008861546441
TGME49_chrVIIa:3043265:3044298:clu_1003_NA	-0.307418993898115	8.01884583956818	4.69829993214501	0.0378411377635407	0.0725488057861131
TGME49_chrIX:5698096:5698721:clu_1916_NA	1.03701412190867	4.99715296881996	4.69492221080016	0.0379155805896397	0.0726532079300687
TGME49_chrVIIa:1963817:1964169:clu_948_NA	-0.178091021125489	9.84869341950134	4.69268920372809	0.0379482293565507	0.0726774571712655
TGME49_chrII:1466797:1467414:clu_279_NA	-0.852380747786384	5.05148084682517	4.69168151055242	0.0379756091408744	0.0726915951696043
TGME49_chrIX:3442607:3443370:clu_1840_NA	1.05038838406154	4.90916332287108	4.68644210393975	0.038079442338712	0.0728519857374832
TGME49_chrXII:308640:309078:clu_2609_NA	0.408431224565426	7.36456803891268	4.68324795349171	0.0381293972086127	0.0729091840364583
TGME49_chrVIIa:1137459:1157524:clu_899_NA	-1.0024556582996	4.56145228466351	4.67812500095217	0.0382513427340827	0.073103906855095
TGME49_chrXII:1895954:1896586:clu_2689_NA	0.351999458077922	7.81636297712526	4.67200542215793	0.0383461689658374	0.073211286169841
TGME49_chrIa:1762927:1763186:clu_98_NA	0.711615663143749	5.83259009183284	4.67199132467784	0.038347809867229	0.073211286169841
TGME49_chrVIIb:3681847:3682503:clu_1276_NA	0.85909018111396	5.34448681228731	4.66682792844163	0.0384507672832074	0.0733693118501096
TGME49_chrVIIb:4738398:4738925:clu_1321_NA	-0.698797646852543	5.67424181458683	4.66316100063911	0.0385195993665042	0.0734620900824988
TGME49_chrXII:3179707:3180011:clu_2747_NA	-0.228473621941474	9.32226400002446	4.64325743895136	0.0389067841711494	0.0741615943692335
TGME49_chrX:4630536:4631088:clu_2158_NA	0.452968803344611	6.94373734219817	4.63118604028437	0.0391451160448507	0.0745767803055725
TGME49_chrIV:1361738:1362044:clu_489_NA	0.538160450006187	6.44748925737656	4.6153213272369	0.0394607551992094	0.0751387350178766
TGME49_chrV:1211312:1211480:clu_601_NA	-0.234159390228666	8.85972499010033	4.61294591045469	0.0395077644433258	0.075188860602874
TGME49_chrIa:658268:658782:clu_35_NA	-0.500672430623021	6.52251560303575	4.61030993275728	0.0395609236524296	0.0752506318558773
TGME49_chrX:6269185:6269384:clu_2239_NA	-0.812203651099048	5.30717775133206	4.6030252269614	0.0397111058379033	0.0754967937870181
TGME49_chrVIIa:2125308:2125442:clu_960_NA	0.327156031460815	7.79726560878256	4.59985824958151	0.0397704433666444	0.0755340231517554
TGME49_chrX:1417608:1418252:clu_1996_NA	0.24461378236056	8.972449788423	4.59976667335324	0.039772247678806	0.0755340231517554
TGME49_chrXII:1595927:1596564:clu_2669_NA	1.45811583306355	4.3867339711928	4.59070158860449	0.0399533951738355	0.0758384289592125
TGME49_chrVI:950712:951232:clu_724_NA	1.06118589719127	5.01341154416397	4.58015133720108	0.0401796208464477	0.0762280385056563
TGME49_chrVI:3291532:3291887:clu_833_NA	0.479677290341327	6.89005262825538	4.56978442534604	0.0403814807346197	0.0765710393689841
TGME49_chrV:2663325:2664073:clu_655_NA	0.663220480500015	5.8415047598759	4.56173650694699	0.0405478416389826	0.0768409777806655
TGME49_chrXI:3133380:3133901:clu_2416_NA	-0.217345039814553	9.01053640476227	4.56078193811082	0.0405661172932867	0.0768409777806655
TGME49_chrVI:2260800:2261755:clu_791_NA	-1.00759546992978	4.60593986601929	4.5472824742102	0.0408675965687128	0.0773445568631966
KE140588:816:1478:clu_3002_NA	-0.408362763219175	7.10629852214744	4.54543150314756	0.0408836669716185	0.0773445568631966
TGME49_chrXII:4537578:4537905:clu_2813_NA	1.01351485621765	5.15662126327913	4.54520493256548	0.0408958014555884	0.0773445568631966
TGME49_chrVIIb:3534010:3534456:clu_1272_NA	0.431701991689969	7.24574867688822	4.53953299388961	0.0410063001501376	0.077513209072153
TGME49_chrIb:787731:788447:clu_138_NA	-0.337551512063389	7.74253677407615	4.52071466654182	0.0414003549623121	0.078217406594597
TGME49_chrXII:1087402:1087518:clu_2652_NA	0.367276193471119	7.51933862050835	4.51935091890483	0.0414291058691135	0.0782310648489493
TGME49_chrX:1445671:1446077:clu_1999_NA	0.550138551813401	6.53242890461516	4.50591576104429	0.041713602166316	0.0787273851892827
TGME49_chrVIII:5212506:5218217:clu_1553_NA	-0.331644707406605	7.73794964745206	4.50475960622744	0.0417377958455937	0.078732168084449
TGME49_chrXII:6317192:6317459:clu_2907_NA	-0.571686017140566	6.10170857386153	4.50154005691618	0.0418070871037603	0.0788219717957306
TGME49_chrXII:2656601:2657186:clu_2734_NA	0.678285005772762	5.76440938382614	4.49350855135565	0.0419791456566093	0.0790700499557602
TGME49_chrVIIa:2235248:2235520:clu_971_NA	0.310077170955741	8.14324225043882	4.49329235335258	0.041982172328643	0.0790700499557602
TGME49_chrX:1145065:1145595:clu_1988_NA	0.608446590995939	6.41592485106825	4.4753285231774	0.042368708233751	0.0797567345570611
TGME49_chrX:3658401:3658799:clu_2119_NA	0.303503688893115	8.36678561591584	4.47078222874461	0.0424665384227935	0.0798995171671089
TGME49_chrIa:1403839:1404178:clu_72_NA	0.366246720438709	7.44722773720003	4.45845206517747	0.0427345501642979	0.0803621778826813
TGME49_chrVIII:3923239:3923763:clu_1500_NA	0.589916078343391	6.22780385151729	4.45534794567568	0.0428029009278611	0.0804490924885084
TGME49_chrX:6022732:6023225:clu_2223_NA	-0.892297669284811	4.83607127095113	4.44746197701656	0.0429888748001393	0.0807568785005201
TGME49_chrVIII:6475368:6475699:clu_1622_NA	-0.515192478163277	6.29997788744495	4.43679268347619	0.043210282882196	0.0811308772090818
TGME49_chrV:1172482:1172816:clu_598_NA	-0.304976694925736	7.86401894028969	4.43523221503647	0.0432441650407716	0.081152576109037
TGME49_chrIb:1530940:1531563:clu_171_NA	0.513083030934678	6.45570631108147	4.42612950412564	0.0434462173332871	0.0814896800859126
TGME49_chrVIIb:2234546:2234848:clu_1201_NA	-0.282554190838749	8.15178464157445	4.42508145756256	0.0434690582205638	0.0814904727342699
TGME49_chrVIII:839844:840187:clu_1375_NA	0.858506109260143	5.20392692254914	4.41403493615516	0.0437213766573072	0.0819212392522224
TGME49_chrVIII:4024658:4025380:clu_1507_NA	-0.632079314969237	5.85287161697678	4.39872816837905	0.0440604243106513	0.082513983703873
TGME49_chrVI:942444:942722:clu_721_NA	0.246642669880063	8.72501297011344	4.37237210090497	0.0446579361808129	0.0835899062910684
TGME49_chrXI:359547:361198:clu_2311_NA	-0.432693189726141	6.78864118597909	4.36858306798452	0.0447450529928563	0.0837098649660487
TGME49_chrVI:3009867:3010327:clu_820_NA	0.376089274264966	7.67853870128757	4.36552248228412	0.0448151138373218	0.0837978080240045
TGME49_chrIX:2678715:2679022:clu_1796_NA	-0.299216474337115	7.85937870199737	4.36160710071423	0.0449051829812073	0.0839230540548527
TGME49_chrXII:6575074:6575663:clu_2921_NA	-0.263740629227483	8.29215472661159	4.35396323940796	0.0450816143567723	0.0842094903324087
TGME49_chrVIIb:2154832:2155130:clu_1192_NA	1.02193975595166	4.8881543384118	4.33424359960893	0.0455527762159981	0.0850458867720355
TGME49_chrII:376596:377598:clu_217_NA	0.290389359874832	8.19796606607235	4.32574671686417	0.0457396672950995	0.0853509705429602
TGME49_chrII:87393:95398:clu_198_NA	-0.384538615617455	7.22467798213316	4.31917842066272	0.0458944974660807	0.0855959457615204
TGME49_chrXI:5984660:5985957:clu_2543_NA	0.823672742243814	5.38510847318885	4.31604081329443	0.0459725088256359	0.0856974715800956
TGME49_chrVIIa:2124937:2125442:clu_960_NA	1.33624489939047	4.30493172041281	4.3041611633392	0.0462509846486424	0.0861723881075424
TGME49_chrIX:1054291:1054628:clu_1732_NA	-0.154134915425651	10.567842956797	4.29770525348695	0.0464041410166838	0.0864134490756382
TGME49_chrVIIb:1924529:1925323:clu_1180_NA	-0.371039859790508	7.2112812904783	4.29500325174252	0.0464689135979225	0.0864691493429596
TGME49_chrVIII:1663357:1663817:clu_1398_NA	1.06317913967423	4.81275705745345	4.2950451747278	0.0464816280099431	0.0864691493429596
TGME49_chrVIIa:4379227:4379998:clu_1069_NA	0.521429292327889	6.43513680326374	4.29286091789878	0.0465205388638364	0.0864972679130667
TGME49_chrIa:1466262:1466604:clu_80_NA	-0.517561461598565	6.17013930907532	4.2917980449473	0.0465463084079463	0.0865009361262192
TGME49_chrVIIb:1533647:1534128:clu_1160_NA	0.168847881307972	10.4331442435211	4.27629758000313	0.0469186590655434	0.0871097869361131
TGME49_chrX:2486846:2487200:clu_2068_NA	-0.61959320106518	5.71547897045378	4.27624205508959	0.0469218604734276	0.0871097869361131
TGME49_chrX:3979157:3979797:clu_2134_NA	0.264862757157613	8.26113091977345	4.2689143988447	0.0470976192242625	0.0873914476162298
TGME49_chrVIIb:3446357:3446577:clu_1268_NA	0.431533072213716	6.8561622460273	4.25952652798951	0.0473264344793495	0.087771219047161
TGME49_chrXII:5866185:5866528:clu_2891_NA	-0.55686507419748	6.32955583744285	4.25802423600979	0.0473634972102659	0.0877951618354495
TGME49_chrIII:1207356:1208060:clu_390_NA	-0.595653890969311	5.8274777462313	4.24398901326277	0.0477087021712242	0.0883541734557048
TGME49_chrVIIb:3526238:3526740:clu_1271_NA	0.787835669740496	5.59513272891334	4.24382908124739	0.0477136843173448	0.0883541734557048
TGME49_chrVIIb:2702417:2702917:clu_1219_NA	-0.437841548891891	6.77238492427684	4.23017914220388	0.0480490300601613	0.0889298494239747
TGME49_chrX:6611236:6612223:clu_2254_NA	0.192014749626292	9.67132201895058	4.21823071468828	0.0483463839606427	0.0894346593877539
TGME49_chrVIII:3026405:3026796:clu_1466_NA	0.953110904543989	5.02833768140335	4.2126979237942	0.0484946339600967	0.0896632728611147
TGME49_chrXI:2726273:2727169:clu_2400_NA	-0.313889617960126	7.57619553092122	4.20871895100682	0.0485849109888358	0.0897845203072791
TGME49_chrXI:4643426:4643954:clu_2482_NA	-0.474973292376338	6.55377632981921	4.20544281283502	0.0486676871382693	0.0898917900140289
TGME49_chrVIII:3380738:3381788:clu_1480_NA	1.08264909960517	4.7133338870961	4.20175287266912	0.0487757153515021	0.0900455689703962
TGME49_chrV:2536613:2537247:clu_648_NA	0.71443291281188	5.74524471942451	4.19471503987709	0.048940057527732	0.0903031010727441
TGME49_chrIX:5711471:5712480:clu_1918_NA	-0.413629004702039	7.00485218072607	4.1676308328084	0.0496301111453865	0.0915299107120649
TGME49_chrX:3459398:3459510:clu_2108_NA	0.19808071384772	9.51680115580978	4.16591530575684	0.0496740565176982	0.0915645007311527
TGME49_chrX:4233209:4233893:clu_2139_NA	-0.804041966781677	4.99810427343056	4.1619891955065	0.0497848963405749	0.0917223001510338
TGME49_chrXII:2771703:2772181:clu_2737_NA	0.350202972571282	7.49555526564332	4.15917530939534	0.0498481311596548	0.0917922779966288
TGME49_chrIV:149735:151143:clu_444_NA	0.877282799133934	5.28981661666517	4.1519202674262	0.0500414578051153	0.0921016198084021
TGME49_chrX:580233:581028:clu_1964_NA	-0.312938325352581	7.84722723333554	4.14530882468534	0.0502081382090106	0.0923616307640454
TGME49_chrVIII:3346680:3347144:clu_1479_NA	-0.474417718951289	6.49233879912019	4.14228172458609	0.0502875463845931	0.0924609160890217
TGME49_chrVIII:4344908:4345663:clu_1516_NA	0.605635609655517	6.20775971135075	4.12870099240119	0.050643888661255	0.0930690269381507
TGME49_chrIX:2627152:2627249:clu_1793_NA	0.545285995005608	6.37166754012419	4.12639646845204	0.0507043884380346	0.0931331237858796
TGME49_chrIV:115277:115538:clu_443_NA	0.668374950865151	5.96867178648008	4.11885874135293	0.0509040945782694	0.0934338057776056
TGME49_chrVIIb:316151:316655:clu_1091_NA	0.265559951203689	8.23545338584749	4.11823343145076	0.0509194963536277	0.0934338057776056
TGME49_chrVIII:6170571:6171120:clu_1602_NA	0.881548786372144	5.06390236355851	4.11175257454735	0.0511001268881139	0.0937179420980292
TGME49_chrXII:3826243:3826419:clu_2771_NA	-0.177336891292674	9.52081364737788	4.10698715801733	0.051218225914056	0.0938674440558396
TGME49_chrIX:3371894:3372019:clu_1833_NA	0.468188684721881	6.61645273891448	4.10643672569884	0.0512332899606013	0.0938674440558396
TGME49_chrVIIa:1967331:1967536:clu_949_NA	-0.185656872645343	9.6113174970796	4.09274657172817	0.0515993424481498	0.0944728525802828
TGME49_chrII:1495411:1496026:clu_283_NA	0.77108967026815	5.41024547646082	4.09227920082779	0.0516157043258437	0.0944728525802828
TGME49_chrVIII:6362720:6362903:clu_1612_NA	0.583551147124989	6.25299460291801	4.08723370595728	0.0517484462243418	0.0946681439484058
TGME49_chrXII:4440174:4440459:clu_2812_NA	0.183915124572547	9.8302219603702	4.07831284195773	0.0519888429253068	0.095060082511816
TGME49_chrVIIb:245481:245954:clu_1084_NA	0.54579909725371	6.1946745761996	4.07299491671228	0.052133961388492	0.0952775010795216
TGME49_chrVIII:6142879:6143167:clu_1600_NA	-0.220227179702262	8.88032887408831	4.07132584103925	0.0521785948537141	0.0952947963468116
TGME49_chrII:197332:197884:clu_205_NA	0.354521327483121	7.40295526947766	4.07013554183831	0.0522110905534225	0.0952947963468116
TGME49_chrII:1459534:1459975:clu_278_NA	0.380097625702316	7.19476437964276	4.06973390754509	0.0522220727160519	0.0952947963468116
TGME49_chrVIII:5557365:5557751:clu_1569_NA	0.354517228919472	7.37850292325426	4.06643421598597	0.0523119807157135	0.0954109633224379
TGME49_chrX:6255286:6255936:clu_2237_NA	0.754109075258505	5.39855363522355	4.05499948745427	0.0526287620216041	0.0959405967645592
TGME49_chrX:1134058:1134491:clu_1987_NA	1.02278589512362	4.89005630212943	4.04827457703307	0.0528229351340935	0.0962463003571076
TGME49_chrIa:1431099:1431826:clu_74_NA	-0.325674478801793	7.51278618058609	4.04518402347518	0.0528953795293536	0.0963300123192387
TGME49_chrXII:5671796:5672338:clu_2878_NA	0.32904158029367	7.53669692033935	4.04238479694371	0.0529727660825172	0.0964226363094391
TGME49_chrVIIa:679817:680440:clu_882_NA	-0.195412852749457	9.27699516407708	4.02941959970283	0.0533327780671598	0.0970241401317744
TGME49_chrVIIb:4866588:4867187:clu_1325_NA	0.881303497349798	5.06421313837358	4.02888161253863	0.0533566041604999	0.0970241401317744
TGME49_chrVIIa:4380046:4380724:clu_1070_NA	0.481371729661407	6.64652016260367	4.02510643002946	0.0534535419388779	0.0971518124739107
TGME49_chrXII:865055:865574:clu_2644_NA	-0.243952974265147	8.86082472136194	4.01955701428191	0.0536085368069688	0.0973848232350483
TGME49_chrIb:1629896:1630260:clu_179_NA	-0.505748517559002	6.44010704035194	4.00311812308926	0.0540722084134673	0.0981780607307462
KE140100:1973:2301:clu_3001_NA	-0.368385308072491	7.19402382202162	3.99245605093967	0.0543746190323659	0.0986778533113579
TGME49_chrXI:2114544:2115197:clu_2376_NA	0.293357560165815	8.0661736751829	3.98981552318087	0.0544497569361908	0.0987649034246775
TGME49_chrXI:2084463:2084949:clu_2373_NA	0.205095697000588	9.41521886039834	3.981982568418	0.0546736953017724	0.0991216371181759
TGME49_chrXI:2084049:2084406:clu_2373_NA	0.192294827366013	9.52867584436795	3.97897374278903	0.0547600033617516	0.0992286202492358
TGME49_chrXII:2472051:2472459:clu_2725_NA	0.359337851514586	7.38196997023678	3.97778723869947	0.0547942027319072	0.0992411195468274
TGME49_chrXII:5752805:5753145:clu_2880_NA	-0.741412610902615	5.17656187594452	3.97641828574988	0.0548396703736059	0.0992740048844908
TGME49_chrIII:976677:976779:clu_380_NA	-0.248142703092714	8.31833552891727	3.96478143629031	0.0551691981247138	0.0998208238841884
TGME49_chrXI:553068:553627:clu_2314_NA	-0.793035947590958	4.96487903197727	3.95775298157461	0.0553836352454229	0.10015896224732
TGME49_chrXI:6388930:6389269:clu_2561_NA	0.29851490420757	7.91689831736118	3.95551492635086	0.0554382043119847	0.100207793472931
TGME49_chrXII:1670240:1670713:clu_2676_NA	-0.309649760296528	7.68671361010754	3.9542931965926	0.0554738061179133	0.100222308766707
TGME49_chrVI:3084003:3084220:clu_824_NA	-0.897408932775355	4.60675751040937	3.95181883889844	0.0555692924164472	0.100344946812611
TGME49_chrII:1800320:1800761:clu_295_NA	0.49303390869566	6.74255137283256	3.94484579483274	0.0557500016618123	0.100621279066876
TGME49_chrIX:1913016:1913490:clu_1760_NA	0.700884639121171	5.63626733587352	3.9432436118633	0.0557989114024059	0.100659574663894
TGME49_chrVIIb:4635004:4635279:clu_1307_NA	-0.193452135755992	9.30388972857633	3.94083155813483	0.0558673894908619	0.100733115475835
TGME49_chrIX:3321315:3322259:clu_1820_NA	-0.644607265450874	5.59795005123601	3.92965191676355	0.0561991227686049	0.101271565646003
TGME49_chrXI:179692:180487:clu_2304_NA	0.270931741852721	8.12231205945894	3.9286451674284	0.0562264693272137	0.101271565646003
TGME49_chrX:4806986:4807580:clu_2161_NA	-0.722285726233083	5.41166169641127	3.9279871849438	0.0562495986352905	0.101271565646003
TGME49_chrVIIa:2496571:2497299:clu_981_NA	0.430049590154004	6.8737118147402	3.91417992338936	0.05665623055457	0.10191943676232
TGME49_chrIX:6157037:6157508:clu_1924_NA	0.399445992123599	7.12067376361027	3.91386551499863	0.0566655245382804	0.10191943676232
TGME49_chrVIII:6900429:6900903:clu_1664_NA	0.592555410515319	6.06157071017967	3.90952335469445	0.0567960108735273	0.102103610052063
TGME49_chrXII:4401894:4402352:clu_2810_NA	-0.513175579754507	6.15194258234233	3.89851503412898	0.057126121481388	0.102646293418114
TGME49_chrX:136466:136672:clu_1954_NA	0.826845726693186	5.51080118182676	3.89575603168691	0.0572116672396373	0.102749214632451
TGME49_chrV:224961:225287:clu_556_NA	0.935555506059293	4.92552752394316	3.89264615452556	0.0573141930812903	0.102844429041194
TGME49_chrXI:1721654:1722203:clu_2358_NA	0.462556610590773	6.67821582670549	3.89202601671201	0.0573212691162198	0.102844429041194
TGME49_chrVIIb:557456:557873:clu_1103_NA	-0.567880852924492	5.91309551291142	3.88441476254685	0.0575527101394923	0.103208732785917
TGME49_chrIX:5107759:5108663:clu_1900_NA	-1.04786946487017	4.38846510230445	3.88364281039483	0.0576063354233196	0.103211877322745
TGME49_chrX:4319107:4319666:clu_2145_NA	-0.367071845969329	7.21500583351044	3.88185570227984	0.0576292519378622	0.103211877322745
TGME49_chrVI:1706638:1713436:clu_761_NA	-0.385314308209111	7.19370215584779	3.88092056916276	0.0576576852492897	0.103211877322745
TGME49_chrII:1416954:1417263:clu_271_NA	-0.325457946545948	7.68463782440564	3.88057679538545	0.0576680392964222	0.103211877322745
TGME49_chrIV:1361180:1361681:clu_489_NA	0.508184917821311	6.50125296992224	3.87851563865206	0.0577311682481544	0.103274014065965
TGME49_chrXII:1846012:1846579:clu_2680_NA	0.840227810475635	5.26259753698287	3.86915355127375	0.0580223222608572	0.103743798041424
TGME49_chrVI:1709984:1725056:clu_766_NA	-0.991660580386938	4.46411010474962	3.86884990266582	0.0580555151910799	0.103752112939811
TGME49_chrX:2417662:2418664:clu_2059_NA	0.360763494670165	7.41951264192668	3.84285046003465	0.0588283500295013	0.105081598209945
TGME49_chrVI:3188862:3189918:clu_830_NA	-0.637721011621845	5.70644701603394	3.83552699578669	0.0590584924201192	0.105440874237295
TGME49_chrVIIa:1737572:1737956:clu_932_NA	-0.578094185187717	5.83788478263251	3.82676388572774	0.0593324358107231	0.10587795982915
TGME49_chrVI:2301878:2302566:clu_792_NA	0.713611341993982	5.48669750527539	3.8237862561957	0.0594276455791995	0.105995825162115
TGME49_chrX:3328400:3328999:clu_2103_NA	0.530955385109701	6.24568432796037	3.81949849777073	0.0595601940445044	0.106180139946922
TGME49_chrXII:2617566:2618501:clu_2733_NA	0.864981935535064	5.4790215742465	3.81225338589903	0.0597921356325222	0.10654137893344
TGME49_chrVI:1483264:1483833:clu_751_NA	0.359076063879013	7.49056431852707	3.79184626011112	0.0604386194149426	0.107630255471781
TGME49_chrVIII:6340011:6340526:clu_1611_NA	-0.394629920652336	6.99516276170632	3.79110720542744	0.0604624433764448	0.107630255471781
TGME49_chrXII:383043:383469:clu_2617_NA	0.468290734184582	6.49918406022999	3.77805340638404	0.060882868796838	0.108325613351202
TGME49_chrIV:498130:499983:clu_456_NA	0.573562938748169	6.1167391260056	3.77572362619742	0.0609586445397762	0.108407374218242
TGME49_chrIb:464991:465473:clu_123_NA	0.621680133227082	5.81163709123378	3.76926358264589	0.0611687696390085	0.108727861925572
TGME49_chrVIIa:1738079:1738349:clu_933_NA	-0.583816113650146	5.68332123488453	3.76625465388063	0.0612670470276952	0.108849323531609
TGME49_chrIX:6157569:6158061:clu_1924_NA	0.378326003784203	7.26489028987505	3.75958666284411	0.061482536401277	0.109178807923127
TGME49_chrXI:174230:174758:clu_2303_NA	-0.897965104384423	4.60641443817911	3.75680197384369	0.0615975048798926	0.109329555780474
TGME49_chrX:3114446:3114841:clu_2100_NA	-0.276103170499304	8.16751278013602	3.75474280798523	0.0616409012759895	0.109353185035735
TGME49_chrVI:2874652:2875260:clu_811_NA	-0.73889097684044	5.54890570686589	3.74754790901775	0.061880009328269	0.109723821418662
TGME49_chrXII:6316305:6317031:clu_2906_NA	0.609940549409486	5.80325642768292	3.74524951133497	0.0619544100611135	0.109802184579302
TGME49_chrX:4808273:4808676:clu_2162_NA	0.29853549509998	8.02809571709095	3.71972278361392	0.0628003194656748	0.111247154609029
TGME49_chrVIIa:957874:958413:clu_888_NA	0.714648451273437	5.48732337181197	3.7112838500034	0.0630865461841735	0.111699754203347
TGME49_chrIX:237818:238331:clu_1673_NA	1.16816389116255	4.64761596794578	3.70710741875801	0.0632402518301972	0.111915837558297
TGME49_chrVIIb:887789:888333:clu_1135_NA	0.488211080929103	6.48873507937834	3.70575001182822	0.0632701640116371	0.111915837558297
TGME49_chrXII:3762507:3762743:clu_2770_NA	-0.369774808243303	7.2602188102124	3.70303612002207	0.0633614562519694	0.11202280811085
TGME49_chrIX:2446412:2446555:clu_1778_NA	-0.571630424896682	5.90931541818994	3.70004960409473	0.0634636764397375	0.112148985832983
TGME49_chrVI:1700359:1700962:clu_768_NA	-0.262456150936337	8.19248167597093	3.69808251980186	0.0635289455354857	0.112209775034738
TGME49_chrX:7481021:7481351:clu_2288_NA	0.686898797516859	5.62809733705691	3.6907519724322	0.0637802599302274	0.112598953300814
TGME49_chrVIIa:3605339:3606393:clu_1028_NA	-0.491434357213656	6.18433921215653	3.68917371154814	0.0638324579535967	0.112636400321031
TGME49_chrXI:3291520:3292350:clu_2421_NA	0.534011315960342	6.18664007723729	3.68050821209308	0.0641284287617109	0.1131037547544
TGME49_chrV:2846463:2846864:clu_665_NA	0.882731612812743	5.22256570012214	3.67812239306573	0.0642160766408526	0.113203413476964
TGME49_chrII:1638101:1638517:clu_287_NA	0.369632946216439	7.25869572135345	3.67477967778572	0.0643242685318464	0.113339174073321
TGME49_chrIa:1808911:1809280:clu_100_NA	-0.134382144574975	10.490692872603	3.67202967064586	0.0644186805781099	0.113450534835964
TGME49_chrXII:1326123:1327088:clu_2665_NA	0.455489705118754	6.85384637366532	3.66600568139225	0.0646267029286687	0.113761774888964
TGME49_chrIX:225139:225971:clu_1670_NA	0.51218327252748	6.6027530061542	3.66188386865488	0.0647693974340085	0.113957773316854
TGME49_chrXII:1601986:1602417:clu_2672_NA	0.288079242690036	8.13566766864209	3.64918964864415	0.0652102848819701	0.114677980428622
TGME49_chrXII:5759651:5760005:clu_2883_NA	0.701066559499988	5.53250193942899	3.64186025172646	0.0654695027639887	0.115078163707495
TGME49_chrXI:4576527:4577113:clu_2474_NA	0.258265116695712	8.2368279174099	3.62468166572667	0.0660717762920549	0.116059044353775
TGME49_chrX:7175125:7175457:clu_2272_NA	-0.361266895491973	7.29475976762739	3.62413096324468	0.0660913952716131	0.116059044353775
TGME49_chrIV:2004863:2005399:clu_514_NA	-0.391152951228148	6.77278302758044	3.61412636036894	0.0664470303846486	0.116627211708449
TGME49_chrVIII:2102927:2103372:clu_1413_NA	0.544290005756331	6.22636299620453	3.60553027734602	0.0667546024782003	0.117110511586997
TGME49_chrVIII:6858823:6859424:clu_1662_NA	0.415218622704316	6.72773090253426	3.59167786274561	0.0672524467780521	0.117926986993835
TGME49_chrVI:1111910:1112395:clu_733_NA	0.717390547837474	5.37305958974621	3.5787808505716	0.067723966814782	0.118696537787721
TGME49_chrVI:950981:951232:clu_724_NA	0.642145976864478	6.0612020306611	3.57682658800928	0.0677920196687105	0.11875855011844
TGME49_chrXII:133591:134391:clu_2588_NA	-0.297454007825115	7.68104789247819	3.57236693399109	0.0679537840275423	0.118984588121443
TGME49_chrIX:246552:246932:clu_1679_NA	0.710278428284716	5.59267939214539	3.57075979771124	0.0680150906570927	0.119034595348354
TGME49_chrIX:4414494:4415140:clu_1879_NA	-0.437728595742124	6.41412442090947	3.56829225996832	0.0681033715276234	0.11913173989553
TGME49_chrVIIa:2711521:2711997:clu_991_NA	-0.499551888502501	6.05959556729537	3.56128000058644	0.0683612823179791	0.119525378175014
TGME49_chrII:1459505:1459975:clu_278_NA	-0.771814497766125	4.89310731816591	3.55564538023713	0.0685807709609704	0.119851491559196
TGME49_chrVIII:669384:669872:clu_1367_NA	1.01962336733104	4.67003676993743	3.55431393456113	0.068634702784043	0.119888104094184
TGME49_chrXII:1896048:1896586:clu_2689_NA	0.319716460123325	7.48477002744538	3.54956970283613	0.0687926714016947	0.120099251904915
TGME49_chrX:3507739:3509714:clu_2112_NA	-0.517357424145894	6.29800499087523	3.54880382556942	0.0688216620957187	0.120099251904915
TGME49_chrVIII:4481532:4482028:clu_1520_NA	0.754681451307389	5.39892747786227	3.54704950562262	0.0688901221560195	0.120112372504667
TGME49_chrVIIb:3434873:3435066:clu_1267_NA	-0.847145038795909	4.62959150250458	3.54742409604368	0.0688952673101045	0.120112372504667
TGME49_chrV:12993:13604:clu_547_NA	0.814689041502446	5.17238628310928	3.53361125057567	0.0693937958856458	0.120878699612942
TGME49_chrV:2000242:2000941:clu_638_NA	-0.152076789186945	10.7090085038802	3.53321946862529	0.0694013331752982	0.120878699612942
TGME49_chrVIIa:2013885:2014496:clu_955_NA	0.948604093532233	4.73470340636912	3.52953051863526	0.0695561830935589	0.121066022639356
TGME49_chrX:6008933:6009147:clu_2222_NA	0.62120807551284	5.72360907892628	3.5286239206924	0.0695754941660563	0.121066022639356
TGME49_chrVIIa:539971:540827:clu_879_NA	0.613192278961404	5.80632298166959	3.52314298109607	0.0697812243895799	0.121365909404844
TGME49_chrVIIa:2402125:2402491:clu_976_NA	-0.530760661272097	5.95525919013005	3.51981851623613	0.0699061077923424	0.121517477704711
TGME49_chrVIII:5695053:5696128:clu_1577_NA	0.883049001912027	4.88985537655015	3.51935725878922	0.0699352306350081	0.121517477704711
TGME49_chrIX:3860208:3860841:clu_1862_NA	-0.595926067014591	5.59568579223164	3.51752013209505	0.0699941189361853	0.12156169246681
TGME49_chrVIIb:726583:727309:clu_1115_NA	0.857740878210579	5.04693476537536	3.51616513533451	0.0700523765825292	0.121604770237581
TGME49_chrX:2974540:2974925:clu_2086_NA	0.478062319111984	6.37808768411221	3.50856825320517	0.0703312940011726	0.122030670021128
TGME49_chrVIIa:3796812:3797273:clu_1034_NA	0.763771284003174	5.27825321013331	3.50399645009618	0.0705099999813351	0.122282371150836
TGME49_chrIX:638735:639513:clu_1689_NA	-0.400933575210834	6.779307383508	3.49168784709249	0.0709754735064692	0.123030923317127
TGME49_chrXII:4198758:4198894:clu_2802_NA	0.524825138851502	6.24085576967785	3.48558779972547	0.0712104154603675	0.123354016339932
KE138874:1839:9947:clu_2953_NA	-0.885023215538427	4.79715435517278	3.4855156588708	0.071229733231779	0.123354016339932
TGME49_chrV:1529254:1529789:clu_615_NA	0.508190813881609	6.28818028424716	3.47768605256671	0.0715154286028933	0.123789801415008
TGME49_chrV:3902:4444:clu_541_NA	-0.287694074799549	8.00898117163102	3.47297823179225	0.071697238502597	0.124045436438334
TGME49_chrVIIb:1533104:1533510:clu_1159_NA	0.147470666003629	10.3115652569718	3.46944077381031	0.0718346205869266	0.124223998969305
TGME49_chrII:1795007:1795374:clu_294_NA	0.560049482309129	6.1743429012571	3.46487171682971	0.0720134731546172	0.124474072713758
TGME49_chrXI:6223593:6224234:clu_2552_NA	0.978187853792212	4.75376452347147	3.45951021404669	0.072238493550782	0.124803671129797
TGME49_chrXI:4637499:4637677:clu_2480_NA	0.367626379599671	7.25642888270105	3.45324813550828	0.0724677385739791	0.125140251646752
TGME49_chrII:1409575:1410084:clu_270_NA	-0.446247274621728	6.4096765350198	3.45175753930526	0.0725267601708654	0.125182703333854
TGME49_chrXI:3804419:3804877:clu_2433_NA	-0.906089310837227	4.65139652849339	3.4510288427687	0.0725780436443427	0.12521176490137
TGME49_chrIV:1994891:1996859:clu_512_NA	-0.329292150263452	7.16565211007601	3.44533724172911	0.0727792869518138	0.125494440137778
TGME49_chrX:6492098:6492844:clu_2250_NA	0.465868826378246	6.7837559234415	3.44453879119315	0.0728109420221659	0.125494440137778
TGME49_chrIV:2282751:2283708:clu_520_NA	0.366870857817938	7.14218601033982	3.43745119819185	0.0730913100515258	0.125915500002167
TGME49_chrX:6293770:6294671:clu_2241_NA	-0.166926652387147	9.65781432166574	3.43660912728702	0.0731245173327579	0.125915500002167
TGME49_chrX:3081055:3081448:clu_2097_NA	-0.569490680406852	5.81802546663067	3.43537942231998	0.0731750193805253	0.125942800875099
TGME49_chrIV:103887:104385:clu_441_NA	0.437066222084803	6.74272377911518	3.42893774970347	0.0734300071617974	0.126277225524
KE139818:1145:1721:clu_2970_NA	0.54184593182254	6.12789560707286	3.42873187922722	0.0734388046101063	0.126277225524
TGME49_chrX:901927:902307:clu_1975_NA	0.287163093300479	7.68386480889253	3.4268965435286	0.0735111735105276	0.126341898681214
TGME49_chrVIII:4780068:4780198:clu_1536_NA	-0.899090226533737	4.60552830807234	3.42573912914434	0.0735823400770152	0.126404445264627
TGME49_chrVI:1701024:1702002:clu_767_NA	-0.301001213955357	7.61751625995918	3.42289051750441	0.0736712933120515	0.126497473400712
TGME49_chrX:2059749:2060185:clu_2035_NA	0.789493178637402	5.08006782017499	3.41448951631998	0.0740168191346693	0.127030754275034
TGME49_chrVIIa:3371324:3372926:clu_1017_NA	0.230846791876488	8.64556503034567	3.39984488548382	0.0745999777718536	0.127971174705374
TGME49_chrX:5466402:5466710:clu_2187_NA	0.428667179129003	6.63227828666969	3.38843283330281	0.0750651464604678	0.12870839970934
TGME49_chrXII:4710024:4710650:clu_2817_NA	-0.624243231020403	5.4649658218746	3.38725902550718	0.0751160872423176	0.128735019861303
TGME49_chrVIIa:2495887:2496500:clu_981_NA	0.363220479529125	6.98333654964838	3.38050538509889	0.075389771058643	0.1291431752112
TGME49_chrXI:135682:136966:clu_2300_NA	0.587989052977235	5.87069332045389	3.37729710917855	0.0755229052403347	0.129310297008298
TGME49_chrXI:1802596:1803725:clu_2360_NA	0.340840218940023	7.21024853257496	3.3754150882576	0.0755990803101092	0.129338875840097
TGME49_chrXI:2347417:2347868:clu_2387_NA	0.295068998237202	7.86384301862479	3.37512886508011	0.0756107596039081	0.129338875840097
TGME49_chrV:527900:528448:clu_571_NA	0.479567583041885	6.40579683047492	3.37147060566634	0.0757621994926518	0.129536968558697
TGME49_chrVIIb:354572:355289:clu_1093_NA	0.834170860028995	5.03092472532975	3.36597505713835	0.0759988057499917	0.129880422614584
TGME49_chrVIIb:1715004:1715742:clu_1175_NA	-0.338255021527219	7.20071584656675	3.36217848798867	0.076146647411528	0.130012737926502
TGME49_chrXII:4770287:4770516:clu_2823_NA	0.560406545271676	5.85132681313466	3.36213206410957	0.0761499119465137	0.130012737926502
TGME49_chrX:5118522:5119159:clu_2174_NA	0.789349887137941	5.07974872606473	3.36149346569845	0.0761835300642224	0.130012737926502
TGME49_chrXI:2114003:2114399:clu_2376_NA	0.311871043279586	7.68220834298202	3.35551839648574	0.0764237309189357	0.130310654994106
TGME49_chrIV:1432026:1432732:clu_493_NA	-0.301957580638597	7.5611855818719	3.35491638397134	0.0764488578017566	0.130310654994106
TGME49_chrV:494189:505104:clu_564_NA	0.576340557929814	5.97811250068459	3.35454110135508	0.0764656470708193	0.130310654994106
TGME49_chrIX:777224:777755:clu_1700_NA	0.328373518456303	7.45689710993326	3.35052733858109	0.0766322390782862	0.13053335944216
TGME49_chrVIIa:3931854:3932390:clu_1050_NA	-0.283927365213129	7.94819451747718	3.34607261737865	0.0768187899376979	0.130789836732333
TGME49_chrVIII:6207002:6207817:clu_1607_NA	0.560125004958044	5.89079095459054	3.33905255511503	0.0771152727683189	0.131233153798146
TGME49_chrXII:516348:517067:clu_2626_NA	0.668813268477281	5.39838269939246	3.3374827750794	0.0771839426245315	0.131288550042196
TGME49_chrVIIa:4146299:4146810:clu_1056_NA	0.855695584773449	5.04643125491691	3.33346672829425	0.077359333667258	0.131500711835329
TGME49_chrV:2227:2786:clu_539_NA	-1.3005006071295	4.48578905777454	3.33349436071942	0.0773810241033749	0.131500711835329
TGME49_chrIX:4557267:4557994:clu_1883_NA	0.669770066933185	5.61580303600353	3.31703249808406	0.0780503958246728	0.132576256459199
TGME49_chrVIIa:4378701:4379184:clu_1069_NA	0.506655383658065	6.13580705807188	3.30729014289046	0.078466131104045	0.133196797018791
TGME49_chrVIIb:1573292:1573518:clu_1165_NA	-0.236475913499578	8.16895818083238	3.30620676679136	0.0785118084154029	0.133196797018791
TGME49_chrII:771813:772385:clu_227_NA	0.879361803933307	4.97739846441378	3.30614748055606	0.0785256495216694	0.133196797018791
TGME49_chrIII:717878:718208:clu_362_NA	0.90757054090913	4.99800747321631	3.29719320845786	0.0789115247007051	0.133788895656279
TGME49_chrX:1273865:1274363:clu_1990_NA	0.294769142409729	7.80004275057411	3.28535381129067	0.0794141724086891	0.134578329466473
TGME49_chrVIIb:1573890:1574115:clu_1166_NA	-0.237960186868563	8.17924125996463	3.2784323629318	0.0797162337428644	0.135027264517853
TGME49_chrXI:4273029:4273719:clu_2460_NA	1.0347363275976	4.55763398733381	3.27568413640827	0.0798558216034396	0.135200704018865
TGME49_chrII:1818381:1819945:clu_297_NA	-0.347836326336167	7.09966274315817	3.27402782296538	0.0799093247230723	0.135217775565784
TGME49_chrXI:1808678:1808916:clu_2361_NA	0.223042717259164	8.44870926864554	3.27331733469152	0.0799403025284376	0.135217775565784
TGME49_chrXII:6488814:6489300:clu_2915_NA	-0.849434712148731	4.62760367175406	3.27239915158098	0.0800044498678546	0.135263337334722
TGME49_chrXI:2099658:2100012:clu_2374_NA	0.164225703596478	9.56746766436059	3.2672517600577	0.0802069152893271	0.13554260208122
TGME49_chrVIIa:3901545:3902130:clu_1041_NA	-0.317294569950399	7.65999404964421	3.26365542627906	0.0803655727369944	0.135719513565413
TGME49_chrV:1791586:1792070:clu_628_NA	-0.178959574224584	9.33082083661813	3.26318472145446	0.0803862758476847	0.135719513565413
TGME49_chrXI:6227645:6228302:clu_2553_NA	0.563337548302711	5.85391096571178	3.26148234266682	0.0804630121556657	0.135786002407542
TGME49_chrXII:1885007:1885668:clu_2685_NA	0.120736656322323	10.8650126981676	3.24133368390042	0.081357646241836	0.137232039020452
TGME49_chrXII:5823546:5824359:clu_2884_NA	0.287397081412111	7.64446253516781	3.23687755361102	0.0815574730789049	0.13750529436077
TGME49_chrVI:2364894:2365704:clu_793_NA	0.773734620966131	5.14524800311961	3.23003083409739	0.0818728407691151	0.137973007044846
TGME49_chrX:3004791:3005518:clu_2088_NA	-0.419129223016321	6.40786164895276	3.22820617045693	0.0819482332611666	0.138036064830556
TGME49_chrV:242230:242972:clu_557_NA	-0.260818307909272	8.09374789283555	3.22217705608148	0.0822202484759005	0.138430108017554
TGME49_chrVIIa:4360053:4360399:clu_1064_NA	-0.554120465291224	5.67257422725493	3.21740132477213	0.0824390483113703	0.138734231764737
TGME49_chrX:6306659:6307197:clu_2243_NA	0.361092641138768	7.30576128343921	3.21446346021894	0.0825705806597874	0.138891282137125
TGME49_chrIX:3882814:3883214:clu_1863_NA	-0.343399539661015	7.048119920403	3.21051857598158	0.0827504354999236	0.139090524435823
TGME49_chrVI:1794224:1794530:clu_774_NA	-0.552291545015391	5.72809676956647	3.21022577745965	0.0827655582818942	0.139090524435823
TGME49_chrX:1310844:1312163:clu_1993_NA	0.209900708777541	8.56152765198441	3.20574975925908	0.0829681309231299	0.139366523061727
TGME49_chrVIIa:3930915:3931248:clu_1049_NA	-0.205406754707388	8.5409267103501	3.20223488592783	0.0831291543087596	0.139572506195077
TGME49_chrX:7178875:7178988:clu_2273_NA	0.883134715369525	4.7934938605663	3.19526569437962	0.0834650821449944	0.140071825298733
TGME49_chrIV:1850812:1851008:clu_505_NA	-0.171741500068173	9.46662985438964	3.19335919795702	0.0835373079606319	0.140128340764604
TGME49_chrVIII:1664125:1664600:clu_1398_NA	-0.324757162585401	7.53228374828011	3.1852375957861	0.0839129142082454	0.140693470086242
TGME49_chrVIII:3571573:3572050:clu_1488_NA	1.1622731285778	4.35842206288882	3.17149298743776	0.0845665838070449	0.141724081207288
TGME49_chrVIII:20491:20651:clu_1338_NA	0.165047951137165	9.51975407789644	3.16731325730398	0.0847483137713902	0.141963189197697
TGME49_chrIII:311004:311428:clu_340_NA	0.496710314944061	6.09629490782471	3.16620649195277	0.0848012060286753	0.141986358320698
TGME49_chrVIIa:1051045:1051425:clu_895_NA	0.295843790679651	7.69125165899941	3.15774106945421	0.0851984423506786	0.142541751229917
TGME49_chrVIIa:455425:456153:clu_866_NA	0.499481901781593	6.22290365424783	3.1574828218102	0.085211341244184	0.142541751229917
TGME49_chrIX:1290868:1292064:clu_1741_NA	0.429793284446586	6.63186455132729	3.14219994045202	0.0859352388079457	0.143686565348152
TGME49_chrVIIa:3568907:3569831:clu_1027_NA	0.989680516789405	4.64984756181345	3.13752770197496	0.0861764757873051	0.144023673327289
TGME49_chrVIIa:1024760:1025233:clu_892_NA	0.82831720382947	4.85267687874573	3.1361667699088	0.0862366367673594	0.144057984673415
TGME49_chrX:6294933:6295506:clu_2242_NA	0.425396717973969	6.62908486914895	3.12812591785682	0.0866084114700984	0.144612574962705
TGME49_chrIb:258519:259239:clu_114_NA	0.180860791627044	9.11587071160389	3.1251129054433	0.08675289855558	0.144787321510346
TGME49_chrVI:405096:406079:clu_698_NA	0.374548638870949	7.08765365152891	3.12265042861745	0.0868717182106891	0.144919089351012
TGME49_chrVIIa:2401546:2402039:clu_976_NA	-0.414573892514491	6.47684765134601	3.11892852749424	0.0870516885458256	0.145108811774238
TGME49_chrVIII:6836790:6837266:clu_1655_NA	-0.8338471920862	4.77557615345094	3.11900946814474	0.0870652870645428	0.145108811774238
TGME49_chrXI:1060833:1061071:clu_2340_NA	0.461644512773188	6.39377837487007	3.11571626137361	0.0872071310003529	0.145278607326436
TGME49_chrX:78876:79112:clu_1936_NA	0.423976965401113	6.56163071669496	3.10611104275636	0.087673476300834	0.145988587427179
TGME49_chrXII:4067559:4068089:clu_2795_NA	0.369484312808313	6.86655579193049	3.10176567427631	0.0878852773290873	0.146269995186318
TGME49_chrII:370194:370826:clu_214_NA	0.270725792542622	7.85635913555314	3.10098971225993	0.0879229544655034	0.146269995186318
TGME49_chrX:7181202:7181493:clu_2276_NA	-0.313839278665135	7.44437678124789	3.09977865298064	0.0879822226377219	0.146301637368765
TGME49_chrV:518544:528448:clu_571_NA	1.12333336718364	4.33385935715292	3.08646905726139	0.0886508942481927	0.147346136530489
TGME49_chrVI:2727501:2728083:clu_804_NA	-0.233668909464837	8.19845989955142	3.07432346491723	0.0892371822423794	0.148252814191522
TGME49_chrVIIa:3439908:3440317:clu_1022_NA	0.461169900573562	6.39398527444512	3.07026079864967	0.089439935106885	0.148473531098114
TGME49_chrV:1832904:1833243:clu_631_NA	-0.544614411877576	5.80817764446379	3.06997992741974	0.0894550645770726	0.148473531098114
TGME49_chrVIIb:2960464:2961268:clu_1235_NA	-0.798862445283485	4.65195668364544	3.06964744796717	0.0894925740401561	0.148473531098114
TGME49_chrVIIb:556897:557323:clu_1103_NA	-0.584451934313813	5.57518493617805	3.06803842057355	0.0895528643748951	0.148505776461106
TGME49_chrXII:6092692:6093082:clu_2898_NA	0.222556148906262	8.44116933268446	3.06671763135547	0.0896161068504363	0.14850996089306
TGME49_chrVIII:4788938:4789383:clu_1539_NA	0.828595993773945	4.85239625379107	3.06657803441539	0.0896370988168842	0.14850996089306
TGME49_chrVIII:5564742:5565363:clu_1570_NA	0.305010363246712	7.74636866135192	3.06353623358086	0.0897751929083337	0.148670991445008
TGME49_chrXI:4294719:4295247:clu_2461_NA	0.609973039571907	5.6704044392806	3.05903688694549	0.0900028262972488	0.148980088155965
TGME49_chrVIIb:541107:541589:clu_1102_NA	-0.328792211092703	7.25616574631228	3.0580280831048	0.0900514207437801	0.148992678381266
TGME49_chrXI:2287940:2288627:clu_2381_NA	-0.519962760236725	6.08944388907127	3.0530246894674	0.0903039658977323	0.149294038820946
TGME49_chrVIIb:3909206:3910956:clu_1284_NA	0.121908326980519	11.0317062724416	3.05223847553125	0.0903424981695681	0.149294038820946
TGME49_chrXI:6057616:6057928:clu_2545_NA	0.502629918832831	6.59231647552945	3.05196452091025	0.0903567772781514	0.149294038820946
TGME49_chrVIIb:2475924:2477312:clu_1212_NA	0.161559886752605	9.46318279970315	3.0500938001911	0.0904506826326463	0.149342218407638
TGME49_chrVIII:27027:27519:clu_1343_NA	0.251937192187885	8.0941477465974	3.049749559823	0.0904681058964566	0.149342218407638
TGME49_chrVIIb:1986756:1987184:clu_1183_NA	0.342291522017983	7.19868323420636	3.04779028569287	0.0905672122882569	0.149437955818345
TGME49_chrV:2494003:2494434:clu_646_NA	0.176322276364822	9.22612729621203	3.04387787983022	0.0907650326953305	0.149696412816482
TGME49_chrIX:2626885:2627014:clu_1793_NA	0.42642698710372	6.4929215946763	3.03730142186848	0.0910994666283906	0.150179846346576
TGME49_chrVIIa:3931436:3931763:clu_1050_NA	-0.247359931606794	8.1135025988473	3.03223705298187	0.091357093556466	0.150536280633615
TGME49_chrXII:3698702:3699312:clu_2768_NA	0.963747159114942	4.51082992144117	3.00214516677414	0.0929290874620527	0.153024083147329
TGME49_chrIX:3372270:3372386:clu_1834_NA	0.418027673411851	6.48783340448532	3.00132587255945	0.0929510799420366	0.153024083147329
TGME49_chrIa:278857:279485:clu_15_NA	0.219808864358007	8.41861144217311	2.99476209421157	0.0932930176404848	0.153517482627054
TGME49_chrXI:257830:258672:clu_2307_NA	0.551215586053036	5.80473493074553	2.98839989252957	0.0936279772326261	0.153998958027419
TGME49_chrVIIa:3932921:3933920:clu_1051_NA	-0.915081730405163	4.38853064888901	2.98107719453451	0.0940457992403171	0.154563333370893
TGME49_chrVIIa:1476345:1476646:clu_916_NA	-0.213373937768392	8.61401425984343	2.97958902586641	0.0940900974539285	0.154563333370893
TGME49_chrIX:2937022:2937661:clu_1803_NA	-0.388650622234382	6.60413506592585	2.97943474985125	0.0940986676065436	0.154563333370893
TGME49_chrIa:1403183:1404178:clu_72_NA	0.916940395753175	4.71341833658347	2.97838493914074	0.0941715353298339	0.154613157598892
TGME49_chrVIIb:1623624:1623895:clu_1172_NA	0.442929828955608	6.37948420591382	2.97722438605692	0.0942156149317392	0.154615693127256
TGME49_chrVIIa:1760017:1760602:clu_938_NA	0.169401944614821	9.16314488151665	2.97538336903278	0.0943123880590278	0.154704661820653
TGME49_chrIX:3585917:3586459:clu_1847_NA	0.503482217850907	6.2277835708795	2.97037269560386	0.0945788263517336	0.155071733779229
TGME49_chrVI:3312191:3312796:clu_835_NA	0.410716441167375	6.93262922711331	2.96781374446305	0.094714283560749	0.155223814582201
TGME49_chrVI:172416:172937:clu_696_NA	0.232738472066134	8.08840865630734	2.95788713844907	0.0952437035332413	0.156021118676581
TGME49_chrXI:2819265:2819932:clu_2402_NA	-0.169972952962672	9.33529812348579	2.95121348908888	0.0956016440623411	0.156536926201176
TGME49_chrVIIb:1572346:1572643:clu_1164_NA	-0.332720799703383	7.19456708585264	2.94835889494196	0.0957554250471687	0.156718131493227
TGME49_chrV:494868:495503:clu_565_NA	-0.221282099468495	8.18536094673327	2.94650052345582	0.0958554072311633	0.156811163494725
TGME49_chrV:12993:13450:clu_547_NA	-0.826538857951509	4.53609882586735	2.93990811540783	0.0962397133224893	0.157369031906095
TGME49_chrVI:153004:153794:clu_695_NA	0.203863396759	8.59322251874445	2.93775554614258	0.0963282336255881	0.157442953790024
TGME49_chrVIIb:3445884:3446252:clu_1268_NA	0.372364013783403	6.88658515981286	2.93689637975918	0.0963750956689657	0.15744875180076
TGME49_chrVIIa:3930365:3930742:clu_1048_NA	-0.220476372806519	8.29659159122327	2.92986221619079	0.0967573198802913	0.158002182284303
TGME49_chrXII:2573049:2573603:clu_2730_NA	-0.450823441544894	6.24711952266403	2.91380802850795	0.0976375341912436	0.159367955449111
TGME49_chrX:187081:187673:clu_1956_NA	-0.53344099421872	5.57300106617046	2.90292521907017	0.0982407606977542	0.160280594764962
TGME49_chrIX:1118750:1119182:clu_1735_NA	0.361047951862778	6.84260255856467	2.89963958414121	0.0984207661238461	0.160489807607067
TGME49_chrX:1134058:1134537:clu_1987_NA	0.356442187259513	7.07325800659493	2.89898074462451	0.0984572960010341	0.160489807607067
TGME49_chrVIIa:2206318:2206762:clu_967_NA	0.363589517565804	6.94973792210938	2.89613365755787	0.0986157621744126	0.160676062529803
TGME49_chrXII:2208203:2208535:clu_2712_NA	0.360972657507904	7.06038138101117	2.88642081590077	0.0991583658878471	0.161487750897099
TGME49_chrX:2487209:2487316:clu_2068_NA	0.778235824941878	4.90813614575226	2.88467240030381	0.0992686790079562	0.161595005908608
TGME49_chrIV:1431273:1431717:clu_492_NA	-0.256621466311384	7.65838814280889	2.87324635514342	0.0998997333724703	0.162506300547312
TGME49_chrVIII:6435360:6435542:clu_1621_NA	-0.625079042001767	5.23597863908828	2.87249441027473	0.0999477972444983	0.162506300547312
TGME49_chrX:826948:827491:clu_1970_NA	0.461061645343977	6.5165340551388	2.87214181221679	0.0999626101853615	0.162506300547312
TGME49_chrVIIb:4559169:4559478:clu_1315_NA	0.986204468288641	4.64707356251936	2.86875317034962	0.100173194961498	0.162775844293717
TGME49_chrVI:1316038:1316162:clu_737_NA	0.359232755342638	6.89522961245029	2.86277461200982	0.100493843279967	0.163223914353297
TGME49_chrII:1368967:1369531:clu_264_NA	-0.688042932169835	5.0151704937906	2.86085977223171	0.100612317318172	0.163343355717532
TGME49_chrXI:5880557:5880922:clu_2527_NA	-0.247947409902182	7.81178896753055	2.85982700061058	0.100661528822315	0.163350293423712
TGME49_chrIX:2630329:2630430:clu_1794_NA	0.367075521343467	6.88371709646546	2.85759306005629	0.10078921531293	0.163484514798081
KE138874:10474:10898:clu_2957_NA	-0.203619584518782	8.93293756547819	2.85580523553341	0.100891084065869	0.163576757617945
TGME49_chrXI:1015431:1015612:clu_2334_NA	0.121554915807558	10.8269836740982	2.84983144344815	0.10123320566106	0.164058271323207
TGME49_chrXI:5402121:5403822:clu_2510_NA	-0.631889445849878	5.33393288693229	2.84853269957519	0.101312367466283	0.164113393823502
TGME49_chrVIII:3043465:3044203:clu_1468_NA	0.448600770460549	6.32938113925926	2.84235811958834	0.101663818203064	0.164609344841041
TGME49_chrVIII:20491:21191:clu_1338_NA	0.597166036230042	6.03064965802475	2.83573865907202	0.102046853234193	0.165155971285081
TGME49_chrXI:6447843:6448446:clu_2563_NA	0.473609791373459	6.23498683288594	2.83110565290212	0.102315199270761	0.165516577369478
TGME49_chrVI:2870987:2871802:clu_810_NA	0.207235165004489	8.54867403466136	2.81376911134938	0.103327196547158	0.167079341391868
TGME49_chrV:1172905:1173447:clu_598_NA	-0.262048285915412	7.73913285268526	2.8115330503929	0.103458704107056	0.167217603125456
TGME49_chrVIII:4751249:4751735:clu_1534_NA	0.616051084706824	5.47385028313779	2.80956052198449	0.103578099737875	0.167273031650607
TGME49_chrVIIa:1684040:1684338:clu_927_NA	0.564731457597461	5.63837315144416	2.80878466605641	0.103622802606241	0.167273031650607
TGME49_chrII:679018:680116:clu_224_NA	-0.464492814649849	6.05902032586564	2.80862413921039	0.103631050145025	0.167273031650607
TGME49_chrV:1211312:1211775:clu_601_NA	0.753739995689124	5.2017054654831	2.80671762338694	0.103749075212671	0.167389209231273
TGME49_chrXI:4529752:4530637:clu_2471_NA	-0.543625584907555	5.59646572189241	2.80512816929304	0.103838837258742	0.167459704274856
TGME49_chrX:6826018:6826145:clu_2260_NA	-0.673882426036749	4.98267029651666	2.80209109360234	0.104026280437844	0.167687596182511
TGME49_chrXI:1714388:1715214:clu_2357_NA	0.853252466621508	4.67024526590793	2.78902503544085	0.104811634018895	0.168878674494097
TGME49_chrXII:6689380:6697367:clu_2925_NA	-0.553122028837003	5.67398427718706	2.78342639540592	0.105129765290504	0.169316214812132
TGME49_chrXII:2454847:2456243:clu_2724_NA	0.462901597958231	6.31395334349663	2.77518242172717	0.105623546897936	0.169990700328208
TGME49_chrX:6267657:6268495:clu_2238_NA	-0.615122815317164	5.43982873489673	2.77492384646348	0.105642088594614	0.169990700328208
TGME49_chrVIIa:438106:438467:clu_865_NA	0.555299220548829	5.88729266446579	2.77146838993238	0.105848354702839	0.170247243072929
TGME49_chrVIII:2233074:2233227:clu_1426_NA	-0.325949259382721	6.92768360404368	2.76964856247293	0.105957128641483	0.170346821146302
TGME49_chrVIIa:695871:696477:clu_883_NA	-0.420770946879304	6.14546431094579	2.75570736543716	0.106804620222436	0.171633419322969
TGME49_chrX:3982966:3983953:clu_2135_NA	0.691576285281095	5.41551693582924	2.75342390671176	0.106947126509877	0.171786480275477
TGME49_chrVIII:5276293:5276937:clu_1556_NA	0.445839825428807	6.53184678919295	2.7463838046173	0.107374841587442	0.172397327372063
TGME49_chrX:3110596:3111207:clu_2099_NA	-0.197650210626435	8.58158051046278	2.74520466382695	0.107446792386208	0.172436684469697
TGME49_chrVIII:5133886:5134466:clu_1549_NA	0.511069797783392	6.07427087911485	2.74332638499613	0.107563301648253	0.172547485212445
TGME49_chrIb:787217:787668:clu_138_NA	-0.225558916581971	8.1040856871546	2.74165235711435	0.107665328944355	0.172634967231023
TGME49_chrVIII:6367372:6367526:clu_1613_NA	0.55716342819885	5.88799880621509	2.72582263241221	0.10864674768258	0.174131802392495
TGME49_chrVIIb:4559587:4560325:clu_1315_NA	0.74939456991113	5.12833658054328	2.72202985261475	0.108889441142011	0.174443860093086
TGME49_chrVIIa:3932921:3933486:clu_1051_NA	-0.2740936958876	7.35938363102713	2.71819645492252	0.109121189285853	0.174738115882853
TGME49_chrVIIa:1002844:1003197:clu_889_NA	0.703239713732469	5.09599473847629	2.7151191426837	0.109321815924515	0.174982298936862
TGME49_chrVIIb:228136:228715:clu_1082_NA	0.309101306160198	7.45466536455912	2.7022649255486	0.110122836504553	0.17618684449562
TGME49_chrIX:638365:638675:clu_1689_NA	-0.35418632986507	6.8471573284549	2.69867531320472	0.110350182192283	0.176472904649779
TGME49_chrVI:1112073:1112395:clu_733_NA	-0.6551643185741	5.03226074648955	2.69265653577246	0.110741141489527	0.177020250358149
TGME49_chrX:3978784:3979023:clu_2134_NA	0.191543796926816	8.66773965515168	2.68606808689236	0.111151953143362	0.17759883502247
TGME49_chrVI:1317226:1317364:clu_738_NA	0.38755450832821	6.5583324593243	2.67439715479056	0.111900882245842	0.178716918701071
TGME49_chrXII:3369165:3369697:clu_2758_NA	0.804444628563886	4.9259417356119	2.67270570623405	0.112021733656354	0.1788313578572
TGME49_chrXI:4082565:4082656:clu_2441_NA	-0.485933365532114	5.68324118756536	2.66498760210464	0.112510257586772	0.179472143790884
TGME49_chrIV:2381039:2381409:clu_525_NA	-0.695213109461986	4.93077167746644	2.66496009786071	0.112521875020475	0.179472143790884
TGME49_chrXI:3291532:3292350:clu_2421_NA	0.618729632744095	5.47480116848628	2.65067935808216	0.113442805334586	0.180861665522464
TGME49_chrX:3063801:3064340:clu_2096_NA	0.205993619197842	8.46478144949288	2.6436963761955	0.113897232656324	0.181473497917352
TGME49_chrII:283748:284446:clu_209_NA	-0.438442139062807	6.00618975037036	2.64327022273795	0.113926416024043	0.181473497917352
TGME49_chrVI:1973973:1975012:clu_785_NA	-0.102790066093044	11.3955434731215	2.638633877646	0.114230383174242	0.181877986350578
TGME49_chrX:1832608:1832937:clu_2026_NA	0.340081940930343	6.96622252336975	2.63477635914476	0.114485305878804	0.182204066054927
TGME49_chrII:223021:223497:clu_206_NA	-0.479221836062243	5.89167510542555	2.63031160133731	0.114782081983167	0.182482139030021
TGME49_chrIX:2108995:2109487:clu_1765_NA	-0.383550505578886	6.39487153697814	2.62986959154603	0.114810527624353	0.182482139030021
TGME49_chrXII:2329107:2329414:clu_2719_NA	0.391626125586048	6.86612630437741	2.62986307774281	0.114810633276935	0.182482139030021
TGME49_chrIII:2274817:2275356:clu_429_NA	0.472351124431473	6.04545709892385	2.62484805802052	0.11514454868163	0.182932882193062
TGME49_chrXI:4647405:4647655:clu_2483_NA	0.125432691898456	10.5043587822468	2.62376764181898	0.115215347415168	0.182965394431688
TGME49_chrVIIa:2823354:2824216:clu_994_NA	-0.293535151711115	7.63757413306005	2.6189292494304	0.115538131607638	0.183397863927408
TGME49_chrVIIa:2013352:2013806:clu_955_NA	0.602494116166866	5.46500690203053	2.61766063553698	0.115626220214926	0.183457577687148
TGME49_chrVIIa:4436864:4437244:clu_1076_NA	0.350091810276865	6.9897065680358	2.61357955628436	0.115896289465726	0.183805851748653
TGME49_chrXII:4393393:4394033:clu_2809_NA	-0.721446076148492	4.73662108169014	2.6092433810793	0.116205895651138	0.184216498339244
TGME49_chrIX:5039836:5040014:clu_1897_NA	0.328644927155082	7.27088814408565	2.60729498386189	0.116318384359346	0.18431444077865
TGME49_chrVIII:3184849:3185292:clu_1472_NA	0.389206235239706	6.62609865245226	2.59955305393318	0.116841190271124	0.185062190255135
TGME49_chrVIII:3147410:3148209:clu_1471_NA	-0.17999754869911	8.65791024988026	2.59745191441984	0.116983072315544	0.185206214227789
TGME49_chrVIII:5545481:5545691:clu_1567_NA	-0.453719085802769	5.99697519534884	2.58172202644268	0.118055841386354	0.186796728540042
TGME49_chrVIII:20764:21191:clu_1338_NA	0.141778897525312	9.53806275809892	2.58115341341323	0.118093553571933	0.186796728540042
TGME49_chrVIIa:2494822:2495809:clu_980_NA	0.314936470090751	7.32429094961148	2.58045056593264	0.118141864900566	0.186796728540042
TGME49_chrIV:489894:490838:clu_454_NA	-0.200971383887133	8.38959990990651	2.57915573921179	0.118230540508853	0.186855658586818
TGME49_chrXII:4185726:4186636:clu_2801_NA	-0.707428162815933	4.69443338689426	2.57436301301756	0.118580111923653	0.18732668702411
TGME49_chrVI:2641355:2641944:clu_803_NA	0.400808698934547	6.61374800918161	2.57154613821286	0.118754297604543	0.187520361334715
TGME49_chrIII:2040872:2041270:clu_417_NA	0.463239240650277	6.00550847566095	2.56576050952762	0.119154734658236	0.188070977196131
TGME49_chrXI:6365481:6366083:clu_2560_NA	0.577850774205865	5.49979533440548	2.5584930511933	0.119660969140724	0.188788030740682
TGME49_chrXI:3142911:3143311:clu_2417_NA	0.586652270454649	5.60600856779942	2.5549818164174	0.119904907107826	0.189090818801279
TGME49_chrX:3841973:3842998:clu_2123_NA	0.717568458746041	5.03037509941426	2.54891315627902	0.120335833547131	0.189624039784802
TGME49_chrVIIb:1596871:1597154:clu_1169_NA	0.495471746783151	6.09547760678576	2.54862792848465	0.120347361701111	0.189624039784802
TGME49_chrVIIb:1577168:1577310:clu_1167_NA	0.399024781566092	6.56726799364054	2.54626267266711	0.120512560323799	0.189759689477772
TGME49_chrVIIb:2702417:2702914:clu_1219_NA	-0.30271236806386	7.20415483600569	2.5458981125055	0.120537860523845	0.189759689477772
TGME49_chrVIII:6393991:6394122:clu_1616_NA	0.347581970548052	6.75943691728557	2.54194602534161	0.12081562625737	0.190114632660408
TGME49_chrV:504766:505104:clu_564_NA	-0.172819082922002	9.13870416105854	2.52352412862141	0.122119143829082	0.19208268620455
TGME49_chrXI:3985516:3986195:clu_2437_NA	-0.534745051352417	5.73627394847353	2.5217423669925	0.122248114849335	0.192174247061125
TGME49_chrXI:805130:805749:clu_2324_NA	0.551357414474215	5.58098462074135	2.52126039244864	0.12228309035829	0.192174247061125
TGME49_chrII:694144:694565:clu_226_NA	-0.708854669494789	4.69361624883687	2.51526594375884	0.122729243214262	0.192792048005117
TGME49_chrIV:920751:921029:clu_467_NA	-0.321127167842487	7.03989718322575	2.51354163242124	0.122832716111138	0.192871241064358
TGME49_chrII:1402113:1402495:clu_266_NA	-0.280555589500243	7.34625115905183	2.51061917080026	0.123042372847367	0.193106104507705
TGME49_chrIa:1738275:1738574:clu_96_NA	0.856097374666048	4.67297067101213	2.50991230168655	0.12311208988497	0.193106104507705
TGME49_chrIa:577943:578423:clu_32_NA	-0.376437708497318	6.43382247365552	2.50924387933531	0.123141664442603	0.193106104507705
TGME49_chrX:5492160:5492285:clu_2193_NA	-0.68133430365403	4.75557041632043	2.50830064576647	0.123226503368686	0.193155817052684
TGME49_chrVIII:202881:203051:clu_1348_NA	0.206656413803971	8.40684057770213	2.5045084288492	0.123482175964836	0.193473150703525
TGME49_chrX:6880622:6881123:clu_2261_NA	-0.511091289893423	5.58579800764508	2.49614500779247	0.124089827467507	0.19434145749435
TGME49_chrX:6206376:6206642:clu_2232_NA	0.279928920910575	7.35143870040786	2.49144136981872	0.124429140870375	0.19475499891568
TGME49_chrV:2735464:2736180:clu_659_NA	0.636716776249266	5.48847246661291	2.49104690474103	0.124461035070461	0.19475499891568
TGME49_chrIX:4827736:4828251:clu_1894_NA	-0.298538192094233	7.19476959535042	2.48458693055283	0.124929247811477	0.195403535195662
TGME49_chrVIIa:2998054:2998852:clu_998_NA	0.2463114640254	8.03674738235621	2.47853737587145	0.125372366112458	0.19600336543477
TGME49_chrX:1814142:1814667:clu_2022_NA	0.710280607929663	5.17273298557639	2.47797438009785	0.125420585419883	0.19600336543477
TGME49_chrXI:4530711:4532267:clu_2471_NA	-0.501687213098015	5.61902604550873	2.47474641972899	0.12565348031248	0.196282939809138
TGME49_chrX:1656877:1656991:clu_2011_NA	0.523392304409247	5.7850073487597	2.47228157494854	0.125834393814282	0.19648110889816
TGME49_chrVIII:5660947:5662238:clu_1574_NA	0.40317966648425	6.35201907500199	2.47092635903323	0.125933252041599	0.196551039575446
TGME49_chrVIIa:2312176:2312846:clu_974_NA	0.465454396022337	6.10670403721911	2.44414170708719	0.127928592619096	0.19950003714401
TGME49_chrVIIb:1791094:1792432:clu_1178_NA	0.449387207368868	6.03043363345853	2.44409153256697	0.127932485992486	0.19950003714401
TGME49_chrVIII:287427:287782:clu_1350_NA	-0.267810163741209	7.26594414530603	2.43637785217929	0.128512894684128	0.200319199046658
TGME49_chrVIII:2523930:2525093:clu_1442_NA	-0.152775732385173	9.14969432244692	2.43324346011306	0.128749844139044	0.200602521836874
TGME49_chrVIIb:540458:541002:clu_1102_NA	-0.271378168506304	7.5459477169909	2.42936118310245	0.129044320635884	0.200975195163428
TGME49_chrVIIa:1483012:1483622:clu_917_NA	0.357385525118969	6.60305951836443	2.42754876945654	0.129182358331394	0.201104013933455
TGME49_chrV:2793786:2794150:clu_663_NA	0.472329228602652	6.01181706536566	2.42540380392478	0.129346268321291	0.201257673360105
TGME49_chrIII:2284308:2284455:clu_432_NA	0.317972477854695	7.27432637111928	2.42479276452544	0.129391797150637	0.201257673360105
TGME49_chrVIIb:558016:558683:clu_1104_NA	-0.349936353036853	6.67035688510171	2.42255861968177	0.12956234940221	0.201436757945694
TGME49_chrXII:1596867:1597122:clu_2670_NA	0.246275260216953	7.69454155741523	2.42163903943452	0.129632190198188	0.201459175446949
TGME49_chrVI:943523:944036:clu_722_NA	0.168606916863226	8.9318633300629	2.41940536846496	0.129802761501568	0.201638050452222
TGME49_chrXII:6650121:6650456:clu_2922_NA	0.624626526310032	5.4244978785632	2.41841985742145	0.129881862521011	0.201674741676153
TGME49_chrXI:2276508:2276776:clu_2379_NA	0.494943883787897	5.72341886237925	2.4157106357176	0.130087509719035	0.201907812907212
TGME49_chrVIIb:4755670:4756185:clu_1323_NA	-0.25764160404229	7.51373885152045	2.41361858845715	0.130246125962447	0.20206771996308
TGME49_chrII:1994256:1994710:clu_305_NA	0.506893011368705	5.77246206510921	2.41019413574523	0.130510961840209	0.202321293152613
TGME49_chrVIII:918507:918773:clu_1376_NA	-0.327624366327871	6.88894125886024	2.41004566228605	0.130520889255262	0.202321293152613
TGME49_chrIII:2367679:2368310:clu_437_NA	0.890379111633383	4.46331881932509	2.40291168170084	0.131094068150612	0.203123161861669
TGME49_chrXI:1602261:1602703:clu_2352_NA	0.639280388617823	5.31777437013348	2.40018598060774	0.131286541407944	0.203298694401026
TGME49_chrVIII:6394311:6394451:clu_1616_NA	0.31130122546251	7.0878821084558	2.3997057657323	0.131319211679122	0.203298694401026
TGME49_chrXI:2727247:2727514:clu_2400_NA	-0.278549276585764	7.23757951157103	2.39526677015055	0.131663689936813	0.203745216228317
TGME49_chrVIIa:4364411:4364564:clu_1067_NA	0.88655198655182	4.58122690370041	2.39311909284674	0.131851687628801	0.203949312566252
TGME49_chrVIII:6911997:6912318:clu_1665_NA	0.361979600784025	6.62800663697823	2.39207365564221	0.131912392388885	0.203956421239302
TGME49_chrX:5433696:5434329:clu_2185_NA	0.177592477717893	8.66172630809814	2.39029219675222	0.132050853205299	0.204047527526537
TGME49_chrIa:1723063:1723235:clu_90_NA	0.821990665359654	4.64986306114786	2.39012370980794	0.132083585218691	0.204047527526537
TGME49_chrVIII:4524255:4524732:clu_1524_NA	0.533122278253173	5.61668693797397	2.38718818215198	0.132295590446519	0.2042882205918
TGME49_chrXII:4800645:4801604:clu_2826_NA	0.354696207773954	6.55802538118472	2.38077900788544	0.132795709462479	0.204887635777917
TGME49_chrIX:3743658:3744491:clu_1856_NA	0.821322856280155	4.64867160912903	2.38101308319661	0.132796497907228	0.204887635777917
TGME49_chrX:1437822:1438523:clu_1998_NA	0.449569532808954	5.96171070901208	2.35837319566192	0.134569198670794	0.207534593622544
TGME49_chrIX:902459:902998:clu_1717_NA	-0.543736515946683	5.34828203034664	2.35684032659307	0.134694485284494	0.207639717561126
TGME49_chrVI:1700800:1725056:clu_766_NA	-0.535792886503277	5.51178187178192	2.3555656350858	0.134795070999944	0.207648728994017
TGME49_chrVI:1711482:1720649:clu_773_NA	0.691150289530498	5.01224537986619	2.35540368706078	0.134814580584836	0.207648728994017
TGME49_chrX:2145623:2146113:clu_2039_NA	0.352358017037217	6.64130566444759	2.3535214604166	0.1349558447563	0.207778270092822
TGME49_chrVIIa:4163815:4164014:clu_1058_NA	-0.392077090800924	6.29811882663989	2.35104460842942	0.135154484710642	0.207995999967478
TGME49_chrX:5406657:5407614:clu_2184_NA	-0.153214070259845	9.41500271533749	2.34965713923579	0.135264989430346	0.20807796723627
TGME49_chrIa:526028:526201:clu_26_NA	0.229482654568129	7.84338605509714	2.34213377797299	0.135870115536384	0.208920418771047
TGME49_chrVI:2571086:2571629:clu_801_NA	0.312953840788387	6.94669957535957	2.3300182447074	0.136851368649579	0.210340264288043
TGME49_chrXI:26325:26666:clu_2291_NA	-0.571765365030083	5.11496830470446	2.31102784453877	0.138412780745804	0.21264201764945
TGME49_chrXI:2979772:2980281:clu_2406_NA	-0.257756316955522	7.68893703854143	2.31029640994213	0.138465930062242	0.21264201764945
TGME49_chrIa:702930:703331:clu_41_NA	-0.550281246251744	5.73078791455594	2.30891970662683	0.138581444081503	0.212729539373422
TGME49_chrV:2494608:2495341:clu_646_NA	0.184490417853133	8.45931161650787	2.3053849333059	0.138871467550747	0.213084754979724
TGME49_chrVI:1692356:1702002:clu_767_NA	-0.219240187734061	7.98154950785077	2.30097918431685	0.139236506022856	0.213554725482313
TGME49_chrXII:601449:601748:clu_2631_NA	-0.294684269246764	6.95882962472484	2.29677214402433	0.139586323399034	0.214000963962669
TGME49_chrIX:1668510:1668880:clu_1754_NA	-0.313819282775718	6.73659169529475	2.29422084451615	0.139798933115354	0.214236560655274
TGME49_chrIII:1128358:1128700:clu_385_NA	-0.322799092788614	6.9193265141675	2.29016899432894	0.140137132003202	0.214664338319276
KE138874:8858:9215:clu_2953_NA	-0.184847058997852	8.61829600429551	2.28552386770121	0.14052586389911	0.215169130275175
TGME49_chrVIIa:2614657:2615235:clu_988_NA	-0.303497400689273	6.96590231572047	2.28238706092393	0.140789504184537	0.215482041141386
TGME49_chrII:1649244:1649894:clu_288_NA	0.389994356419541	6.39377605719703	2.27793246319191	0.141164896031763	0.215965655334788
TGME49_chrXII:3871093:3872006:clu_2785_NA	0.244492087709288	8.1893736583912	2.27483983639887	0.141425396576462	0.216273166409524
TGME49_chrXI:2315985:2316386:clu_2385_NA	0.230273220428193	7.84533431171084	2.27307136554823	0.141574960416481	0.216410841511316
TGME49_chrX:5477561:5478067:clu_2190_NA	0.346387444410908	6.63893135679889	2.26630047208029	0.142149582041014	0.217197869154722
TGME49_chrVIIb:4090358:4090737:clu_1286_NA	0.6312180480728	5.04784855700289	2.26250891816068	0.142480479436918	0.217611992753444
TGME49_chrV:3232987:3236518:clu_683_NA	-0.638789747694987	5.00008757898517	2.2613640910135	0.142579377105674	0.2176715815956
TGME49_chrXI:4198584:4198993:clu_2448_NA	0.742758422097678	4.79565683701537	2.25631118653085	0.143016632410087	0.2182474638164
TGME49_chrVIIb:237943:238633:clu_1083_NA	0.463207959018282	6.04036838727622	2.25432335724834	0.143172810530045	0.218394110900845
TGME49_chrIV:1253254:1253627:clu_484_NA	-0.473038597772728	5.60492378191257	2.2531438129094	0.143275351594012	0.218458851948084
TGME49_chrIb:1562818:1563215:clu_175_NA	0.513950060623405	5.69311633340805	2.24965160797498	0.143574963521929	0.218776815080605
TGME49_chrVIIb:641938:642248:clu_1111_NA	-0.35214207613832	6.39595083172329	2.24929427710217	0.143604258812194	0.218776815080605
TGME49_chrXII:6574587:6575183:clu_2921_NA	-0.707590576529494	4.53651462080984	2.24866654286424	0.143684772204492	0.218807769988826
TGME49_chrIX:3580431:3580974:clu_1846_NA	0.16970964422971	8.76442289378725	2.24078428525172	0.144338043473272	0.219710547749307
TGME49_chrVIII:294400:294838:clu_1351_NA	-0.0939396377196778	11.1698490313925	2.23640339955406	0.144717780114849	0.220196371166796
TGME49_chrXII:6481288:6481879:clu_2913_NA	0.613920456556462	5.1745977565739	2.22617149582648	0.145615743419769	0.221469969594502
TGME49_chrV:729356:729938:clu_577_NA	0.511304622589923	5.691846056186	2.22134287686434	0.146034441119254	0.222013882671889
TGME49_chrVIII:3581375:3581936:clu_1489_NA	0.462660124357843	5.96993208887355	2.22059813051537	0.146098980924968	0.222019145343753
TGME49_chrXI:845567:846190:clu_2326_NA	0.478058410871166	5.75336901178368	2.21653490195909	0.146456826472338	0.222390873947823
TGME49_chrX:78876:80108:clu_1936_NA	0.372864706177745	6.47867512865259	2.21641649527938	0.146465956597273	0.222390873947823
TGME49_chrXII:4367702:4368196:clu_2807_NA	0.139386529800316	9.44136124294751	2.21444448915607	0.146639198934295	0.222433952915948
TGME49_chrVI:1712715:1713436:clu_761_NA	0.325651882239306	6.72473705269796	2.21441389391422	0.146642261209913	0.222433952915948
TGME49_chrVIIa:2822476:2822588:clu_993_NA	0.228566780267619	7.79222361588711	2.21400638528575	0.146677905127793	0.222433952915948
TGME49_chrII:1368025:1369531:clu_264_NA	0.203571614689494	8.35965907860935	2.21129142018742	0.146917584729034	0.222704512297764
TGME49_chrVIII:6171535:6171875:clu_1603_NA	-0.309655568264781	6.83541565636585	2.20801973134931	0.1472073499991	0.223050736659745
TGME49_chrVIII:1106721:1107308:clu_1381_NA	0.851591697099317	4.55857506428221	2.19957474593405	0.147979045297593	0.224126595690313
TGME49_chrX:3982966:3984634:clu_2135_NA	-0.828484617115961	4.30701869733345	2.18643259733471	0.149170406276994	0.225836912460172
TGME49_chrX:2402854:2403313:clu_2057_NA	0.476369584839715	5.79216338209837	2.18463112481734	0.149297851930948	0.225935758438383
TGME49_chrIX:2715885:2716562:clu_1797_NA	0.991201079835542	4.24919305173938	2.18162308175543	0.149586638940183	0.226278582000651
TGME49_chrXI:3047549:3048077:clu_2413_NA	-0.350822108276942	6.46552139363169	2.17909007688538	0.149796750707791	0.226502158412154
TGME49_chrIV:1131269:1132447:clu_473_NA	-0.343425564102231	6.50470076733684	2.17388186543263	0.150268529409103	0.22712104133143
TGME49_chrV:55429:57376:clu_549_NA	-0.574478797046198	5.03223331816134	2.16510178131827	0.151076057111305	0.228108515880257
TGME49_chrX:7132717:7133293:clu_2263_NA	0.353568739906762	6.62359152945988	2.1647602616961	0.151098988203317	0.228108515880257
TGME49_chrX:936294:936760:clu_1980_NA	0.393059469610359	6.31727429554697	2.16464120394719	0.151110125512974	0.228108515880257
TGME49_chrIa:1403183:1403653:clu_72_NA	0.392569613416458	6.26460735295577	2.16165056932259	0.151383696238701	0.228426623423693
TGME49_chrVI:1683387:1684539:clu_758_NA	-0.438032264032358	5.94031718683151	2.16008354100164	0.151527836393968	0.228549247009159
TGME49_chrII:2008205:2008462:clu_307_NA	0.304677306634646	6.94168741660341	2.15754326724318	0.151759809952329	0.228798018808838
TGME49_chrIX:3358140:3358333:clu_1826_NA	-0.177949838280442	8.48296287865534	2.15689995929762	0.151818657872604	0.228798018808838
TGME49_chrVIIa:1235816:1236074:clu_907_NA	0.191750612754918	8.26683677085742	2.14910425157914	0.152536815704799	0.229785049766658
TGME49_chrVIIb:4569415:4569533:clu_1317_NA	0.449931215578154	5.9959617085726	2.14742279045868	0.152693373215245	0.229925605483602
TGME49_chrXI:5203591:5203942:clu_2501_NA	0.889186936265693	4.46198899180131	2.14440708752831	0.152994464222643	0.230283593146711
TGME49_chrIa:493577:493721:clu_22_NA	-0.353998032033108	6.37779650058577	2.14065819509632	0.153320009844155	0.230678077724959
TGME49_chrVIIb:368483:368775:clu_1094_NA	-0.766443081910893	4.33311152074372	2.13991281812493	0.153424262389264	0.230739426472891
TGME49_chrIX:497113:497889:clu_1683_NA	-0.500007676030867	5.56081290939982	2.13785832988572	0.153582564444392	0.230881977566322
TGME49_chrXII:1245894:1246534:clu_2657_NA	0.796374754674621	4.83029037975628	2.13545741181235	0.15381815258837	0.231120441349363
TGME49_chrIX:2969571:2969919:clu_1807_NA	0.328438230704674	6.9078992621804	2.13476676009107	0.153868354350883	0.231120441349363
TGME49_chrVIIb:4743156:4743785:clu_1322_NA	0.526317912823436	5.41183918753716	2.10169904766603	0.156994898351908	0.235719312477979
TGME49_chrVIIa:4122530:4123121:clu_1055_NA	0.219168631735086	7.85500274793016	2.09553889284072	0.157581480562605	0.236502345931077
TGME49_chrIV:91335:91645:clu_440_NA	0.312250248208159	6.75281466489691	2.09097934329358	0.158020229254781	0.237062952266252
TGME49_chrIV:2312421:2312991:clu_521_NA	0.447332561663721	5.99455499806921	2.08639674339167	0.158463190491768	0.237629413134314
TGME49_chrXII:4727449:4727964:clu_2820_NA	0.206126447030715	8.01764146715644	2.08502283004086	0.158594914371615	0.237728871645699
TGME49_chrVIIb:5033682:5034526:clu_1337_NA	0.711712532221045	4.77429880563418	2.07425185827572	0.159656373416376	0.239221317958997
TGME49_chrVIIb:3088711:3089722:clu_1243_NA	0.41521429802634	6.0384432312223	2.07104752444855	0.159954754276001	0.23956964639195
TGME49_chrXII:5350949:5351453:clu_2864_NA	-0.496205036706785	5.4402674604127	2.06464445998389	0.160584262986906	0.240413425023641
TGME49_chrXI:3329885:3330276:clu_2424_NA	0.141833484138463	9.77322046623663	2.06355577839251	0.160687769881486	0.240469346858461
TGME49_chrX:2487209:2487588:clu_2068_NA	0.206104538763976	8.02692087657437	2.05712481869997	0.161321187422574	0.241317907934592
TGME49_chrVI:3617461:3617985:clu_846_NA	-0.59409379556935	4.89282681200279	2.05285369823305	0.161755503218345	0.241868060139319
TGME49_chrIa:1728581:1728830:clu_93_NA	0.652903534675802	4.90802004892672	2.05101298755494	0.161937358498418	0.242040418643812
TGME49_chrVIIb:3550877:3551227:clu_1274_NA	0.169981771273092	8.57007776461405	2.04363835106298	0.162659053810699	0.243019178216972
TGME49_chrIV:1534150:1534532:clu_497_NA	-0.309451923932213	6.92444311697516	2.03631659678743	0.163391166790821	0.244012691571336
TGME49_chrXI:5835271:5836464:clu_2525_NA	0.528138435144076	5.70479760073681	2.03275933685362	0.16374988558765	0.244447981154459
TGME49_chrIX:4584297:4584439:clu_1887_NA	0.547327189653811	5.37143040026214	2.02126490661553	0.164911666616993	0.24608124308406
TGME49_chrIb:174853:175282:clu_110_NA	0.249499112086124	7.5242415222576	2.01981623322833	0.165054747496833	0.246193683689367
TGME49_chrIV:2350035:2350386:clu_524_NA	0.222000065308658	7.82281720220815	2.01792244364046	0.165246941269976	0.246379258210157
TGME49_chrVIIb:286498:287293:clu_1088_NA	-0.374835500662965	6.06610918353446	2.01717809186764	0.165323569158686	0.246392445220099
TGME49_chrXII:1091443:1091846:clu_2653_NA	0.552570139951495	5.31878813533728	2.01091518645071	0.16596489979981	0.247246889660783
TGME49_chrVIIa:1804753:1805334:clu_940_NA	0.811456251990262	4.41252073285122	2.00975563035036	0.166103763126743	0.247352387941709
TGME49_chrXII:4439617:4439991:clu_2812_NA	0.134798464880677	9.66711460928962	1.9990454955645	0.167177757788029	0.248713262406899
TGME49_chrIX:3933626:3934449:clu_1865_NA	0.477895263304014	5.79238973556737	1.99889700195339	0.167194744853039	0.248713262406899
TGME49_chrIX:3312133:3312928:clu_1818_NA	-0.3312966232141	6.52744034654909	1.99861228852323	0.16722289224827	0.248713262406899
TGME49_chrXII:6808313:6809011:clu_2930_NA	-0.309344021566754	6.58895132702748	1.99694951672168	0.167394268712183	0.248761315467502
TGME49_chrXI:4300346:4301566:clu_2463_NA	0.666170067776697	4.83407563828536	1.99678168916847	0.167424592497989	0.248761315467502
TGME49_chrIX:3799473:3800091:clu_1858_NA	-0.241312660234959	7.48957203766518	1.996304277738	0.167460505900682	0.248761315467502
TGME49_chrIII:738348:738902:clu_364_NA	0.46599091622071	5.70324678198916	1.98581378391304	0.168549232067859	0.250276331113835
TGME49_chrIb:214760:214969:clu_112_NA	-0.599751883258537	4.79604118838888	1.9826304925325	0.168893761047538	0.25068551302891
TGME49_chrIV:91149:91277:clu_440_NA	0.32505246566211	6.6633070129068	1.98115444373394	0.16903310636521	0.250789935362261
TGME49_chrV:12147:12689:clu_541_NA	-0.226502970153755	7.6243057668944	1.9772213926797	0.169443873704833	0.251296809839685
TGME49_chrVI:1701024:1701515:clu_767_NA	-0.663013199966895	4.71648331154668	1.97571563071479	0.169619999948941	0.251428180869664
TGME49_chrXII:5351518:5352184:clu_2865_NA	-0.590332987832525	4.98345606062234	1.97514690452823	0.169670791657025	0.251428180869664
TGME49_chrXII:6051867:6052383:clu_2894_NA	0.588590918797548	5.15725607848914	1.97380436081746	0.169808266781835	0.251459608228825
TGME49_chrXII:1279011:1279650:clu_2658_NA	0.111856375421269	10.2418746722681	1.97353301478443	0.169830354388381	0.251459608228825
TGME49_chrIb:1861478:1862911:clu_190_NA	0.417377629616392	6.04198855963156	1.97133800282993	0.170061997852425	0.251700066039726
TGME49_chrVIIa:4010084:4010545:clu_1054_NA	-0.639439726457779	5.00124426560324	1.96931921111946	0.17028292238437	0.251924470031415
TGME49_chrIII:2207697:2208461:clu_421_NA	-0.282407188777761	7.00409474479625	1.96423593757672	0.17080974415839	0.252601065913648
TGME49_chrIb:1274608:1274898:clu_163_NA	-0.332746602249572	6.40608569554768	1.95912494861106	0.171351233836892	0.253298794224117
TGME49_chrV:2254917:2255488:clu_642_NA	0.518527631985838	5.60753622942436	1.95512032119895	0.171778459437948	0.253827113844285
TGME49_chrVIIa:3758247:3759028:clu_1033_NA	0.467659020971913	5.66163254203808	1.95404081992579	0.171893068681203	0.253893256666466
TGME49_chrVI:944855:945387:clu_723_NA	0.810985751195669	4.41207245887023	1.95214849230622	0.172117284868212	0.254121174043847
TGME49_chrVIIb:2331700:2331980:clu_1207_NA	0.231593183872267	7.62349190377364	1.94987998160219	0.172334788390288	0.25433899951226
TGME49_chrVIIa:694138:694985:clu_883_NA	-0.265351836543055	7.13023250320753	1.94700716714055	0.17264208099201	0.254689108930989
TGME49_chrVIII:6876160:6877128:clu_1663_NA	-0.45371314827425	5.61612405840359	1.94273642039187	0.173102075284029	0.255264115074015
TGME49_chrX:7388850:7389906:clu_2285_NA	0.566867867908811	5.14298017166208	1.94051213885466	0.173345222976281	0.255519012781339
TGME49_chrIX:3171924:3172488:clu_1810_NA	0.424465275583586	5.87180286857895	1.93369962313152	0.174074760259422	0.256490374358735
TGME49_chrVI:1697078:1697798:clu_761_NA	-0.234406024230478	7.45786403157138	1.93231328857909	0.174223391515124	0.256605359869318
TGME49_chrVIII:1115076:1115362:clu_1382_NA	0.625029533760737	4.88973136856562	1.92365727734215	0.175174663532753	0.2579019448933
TGME49_chrX:828388:828753:clu_1971_NA	0.438128170976759	5.98705522221433	1.91948445445124	0.175619345578863	0.258451951894399
TGME49_chrX:6606164:6606651:clu_2253_NA	-0.621744405558981	4.73539739102328	1.91602930265678	0.176013411891916	0.258927054725663
TGME49_chrII:1671473:1672354:clu_289_NA	0.505947573870033	5.50202809465373	1.91319417788465	0.176309932117415	0.259258334646765
TGME49_chrXI:3995165:3995564:clu_2439_NA	-0.647085351356154	4.67209134359762	1.91129137342948	0.176536017906193	0.259485816857668
TGME49_chrXI:5602579:5603068:clu_2512_NA	0.364145840274768	6.60578779093001	1.9085046035776	0.17682312645492	0.259783950093574
TGME49_chrIV:1142538:1143273:clu_474_NA	-0.202473735524133	8.12923305582478	1.90783577072209	0.176896437438737	0.259783950093574
TGME49_chrIX:3372111:3372213:clu_1833_NA	0.340636491926092	6.35955232877905	1.90732560461771	0.176953249087122	0.259783950093574
TGME49_chrVI:908944:909192:clu_715_NA	-0.28933851743305	6.79346239442926	1.8995439554212	0.17781339852259	0.260941341796373
TGME49_chrVI:1807864:1808966:clu_777_NA	-0.480231533842049	5.63279094234683	1.89724392950732	0.178070656903189	0.261213413173161
TGME49_chrXI:1314128:1315788:clu_2345_NA	0.307127289563336	6.67182294608005	1.89336057831173	0.178500752917115	0.261738699819972
TGME49_chrIX:607610:608361:clu_1687_NA	-0.28883286642652	6.91476352267876	1.89113430223422	0.178748889970416	0.261996860904219
TGME49_chrX:1546443:1546542:clu_2004_NA	0.34559382200161	6.57406877085822	1.88750220212202	0.17915494197813	0.26239512866814
TGME49_chrXII:5031143:5031949:clu_2838_NA	0.677074842409408	4.92376736642099	1.88750802030067	0.179164981940667	0.26239512866814
TGME49_chrII:2213827:2214619:clu_314_NA	-0.577069864528526	4.855426312608	1.88313703560055	0.179656598581527	0.263009156602437
TGME49_chrIX:3600024:3600653:clu_1848_NA	-0.144019214040618	9.40623472403573	1.87992788118369	0.180004501646815	0.26341238465627
TGME49_chrXII:4955513:4956430:clu_2835_NA	0.327026393904213	6.56075193418804	1.86745373032088	0.181415438762688	0.265370269578419
TGME49_chrIII:1896390:1896610:clu_413_NA	0.26751971316116	7.07299537734395	1.86674298434408	0.181495972906602	0.265381279772928
TGME49_chrV:3234820:3236605:clu_681_NA	0.608538039605468	5.03329750865473	1.85840647337472	0.182454746310532	0.266675915898184
TGME49_chrV:1358009:1360081:clu_610_NA	0.21592593766607	7.89258071032623	1.85387369774894	0.182965748603718	0.267315311967249
TGME49_chrX:5270055:5270370:clu_2182_NA	-0.243181797912417	7.22014833964244	1.85069199849575	0.183331505590189	0.267742074254856
TGME49_chrXII:117134:117854:clu_2586_NA	0.275427446811918	6.92093517688959	1.84650331690427	0.183814278541259	0.268339318272079
TGME49_chrXII:2095012:2095928:clu_2707_NA	-0.485153060440796	5.47691501486807	1.84310796741028	0.184209493568423	0.268799965579746
KE140801:1677:1934:clu_3003_NA	-0.190129222223778	8.20285456989048	1.84249219212008	0.184277720557009	0.268799965579746
TGME49_chrIX:6160093:6160524:clu_1926_NA	0.316717291958195	6.55298261823303	1.84114281755562	0.184434433000621	0.268920643384379
TGME49_chrIX:897300:897593:clu_1713_NA	0.671083335416265	5.00038991683779	1.84030881358933	0.184540086124584	0.268966805558486
TGME49_chrX:135965:136434:clu_1953_NA	-0.322445080711639	6.78931739022506	1.83905438319209	0.184676532940973	0.269057794485145
TGME49_chrVI:1706638:1707435:clu_761_NA	-0.571011180004466	5.11690197965342	1.83794021241277	0.184812526696267	0.269148050697488
TGME49_chrVI:1693770:1718062:clu_769_NA	-0.527441944630246	5.17593016814982	1.83434338394889	0.18522991112091	0.269647868211657
TGME49_chrIX:2570128:2570787:clu_1787_NA	0.314875569152576	6.75365586856369	1.83169055716285	0.185533684334289	0.269979062634116
TGME49_chrVI:3594126:3594720:clu_844_NA	-0.34992297084891	6.28485519531525	1.83053073145932	0.185669502317016	0.269979062634116
TGME49_chrIb:648005:648767:clu_129_NA	0.485329070731883	5.53616841079951	1.83045557126867	0.185680235649323	0.269979062634116
TGME49_chrIII:1188978:1189244:clu_387_NA	0.346494625815959	6.53163452292634	1.82361069576848	0.186479848400225	0.271033286259423
TGME49_chrVIII:491385:491942:clu_1357_NA	-0.180557767127714	8.51065597679069	1.82249936557698	0.186609984779161	0.271090828199545
TGME49_chrXI:3695853:3696220:clu_2432_NA	0.510011603996729	5.34627896176313	1.82203412858483	0.186668595043593	0.271090828199545
TGME49_chrX:1380239:1380739:clu_1994_NA	0.604405097190637	5.0288207234915	1.8202749068839	0.186880066309895	0.27128955312958
TGME49_chrVIIb:3538012:3538366:clu_1273_NA	0.177669062777456	8.17476977216743	1.81840780788109	0.187091689070285	0.271488339229735
TGME49_chrXII:356296:356925:clu_2615_NA	0.851520955640502	4.43856765340709	1.81619306702534	0.187376256096511	0.271745499201868
TGME49_chrX:2319891:2320489:clu_2053_NA	0.68366088721365	4.92986839025373	1.81573234241675	0.187418422695759	0.271745499201868
TGME49_chrXI:6223593:6224202:clu_2552_NA	-0.406707330365659	5.95766062305856	1.81162183037585	0.1878951220043	0.272328057609901
TGME49_chrX:3615913:3616805:clu_2118_NA	0.462673018955116	5.65797128711839	1.80733211196418	0.188405210309818	0.272958525100115
TGME49_chrV:2710905:2711582:clu_658_NA	-0.343957800584735	6.10661304214639	1.79884620062918	0.189416475870687	0.274314298721095
TGME49_chrXI:5203591:5204710:clu_2501_NA	0.589199550655776	4.94535915990183	1.79459466877104	0.189935207251608	0.274955985009794
TGME49_chrIa:1378849:1379359:clu_67_NA	0.678771253116831	4.75236910584595	1.79321473967306	0.19010643781268	0.275094307901709
TGME49_chrX:6038261:6038685:clu_2227_NA	-0.277779266219333	6.91974053297633	1.78938057895717	0.19055284257183	0.275630554217509
TGME49_chrXI:5894160:5895007:clu_2528_NA	-0.416756062473059	5.69411201571718	1.7773545137881	0.192011130670056	0.277629459023729
TGME49_chrVIII:5112097:5113151:clu_1548_NA	0.244819186062351	7.3511348137645	1.77182501065428	0.192683557865998	0.278490947452446
TGME49_chrVIIb:2779232:2779997:clu_1227_NA	0.162055464781191	8.72239484283169	1.77024260862887	0.192876933059611	0.278659638979207
TGME49_chrVIIa:4363062:4363270:clu_1066_NA	0.173462996809065	8.27899109090419	1.76314010836301	0.193748312093714	0.279807355765058
TGME49_chrXII:35288:36549:clu_2574_NA	-0.432520588639048	5.6295744569603	1.76026980447749	0.194104000545184	0.280209706902996
TGME49_chrVIII:1115072:1115362:clu_1382_NA	0.382217655160155	6.14138598672662	1.75783846936992	0.194402691919028	0.280529489926823
TGME49_chrVIIb:1098040:1098516:clu_1143_NA	0.531302003370417	5.30323099146066	1.75696695302719	0.194513847304669	0.28057850593352
TGME49_chrX:4993106:4993441:clu_2169_NA	-0.276721023149918	6.94627102686823	1.75022543999566	0.195345265826425	0.281666021927431
TGME49_chrVIIa:2512749:2512956:clu_982_NA	0.779953862807392	4.51233324118523	1.74529538829652	0.195980998670931	0.282470630518967
TGME49_chrVIIb:4425138:4425958:clu_1303_NA	0.40718587220557	5.78447772960484	1.74224574965392	0.19634120826758	0.282808950357584
TGME49_chrXII:5472509:5472765:clu_2871_NA	-0.291667316847065	6.705811545119	1.74190347551936	0.19638276120967	0.282808950357584
TGME49_chrVI:2642009:2642652:clu_803_NA	0.33809552825371	6.63319704731276	1.74137312207231	0.196449133329546	0.282808950357584
TGME49_chrV:2983643:2983817:clu_670_NA	-0.426671341271139	5.6610008961015	1.73537719230708	0.197202732240858	0.283781445643515
TGME49_chrXII:638423:638988:clu_2632_NA	-0.155771486974977	8.59043620639441	1.73183200891736	0.197646894902784	0.284308058160515
TGME49_chrVIIa:2478724:2479660:clu_979_NA	-0.345204173420678	6.32781337115455	1.72420276671175	0.198611989964143	0.285583300442903
TGME49_chrXI:805863:806264:clu_2324_NA	-0.325013390310006	6.30115204101935	1.7210214211415	0.199015886590262	0.286050908562911
TGME49_chrVI:1682022:1683155:clu_757_NA	0.245677239442969	7.35064753457215	1.72025655344261	0.199112589003755	0.286076783015276
TGME49_chrIb:78897:79744:clu_106_NA	0.399181513442644	5.99370330885925	1.71936925506393	0.19922645185925	0.286127282697896
TGME49_chrIb:1082729:1083372:clu_156_NA	0.204774262428466	7.92339935312912	1.71590125137617	0.199667370605334	0.286647271781354
TGME49_chrVIIb:805893:806605:clu_1126_NA	-0.167657251175713	8.34878503720085	1.71426271646307	0.199876590379015	0.286834349004232
TGME49_chrV:1047834:1049277:clu_589_NA	-0.160966954059275	8.38317665179155	1.70601191633795	0.200934281994466	0.288238403729235
TGME49_chrXI:726643:727135:clu_2321_NA	0.158507964135893	8.72716205624529	1.7046894137563	0.201104440934798	0.288368695383823
TGME49_chrX:4417616:4417942:clu_2152_NA	-0.413991386690184	5.63834232414253	1.70214497291024	0.201434468091032	0.288682977848817
TGME49_chrX:2403432:2404767:clu_2058_NA	0.507391206946952	5.34450343982729	1.7017864126292	0.201482452490357	0.288682977848817
TGME49_chrX:2680207:2681035:clu_2077_NA	0.515432927362904	5.2340230468054	1.6995425186846	0.201773311820392	0.288985811058756
TGME49_chrII:953125:953569:clu_241_NA	0.651983164225858	4.9080443089513	1.69729458955303	0.202070238315125	0.289297091876912
TGME49_chrIV:1838354:1838832:clu_504_NA	0.549431324067081	5.0643014002487	1.69496980209657	0.20236786858621	0.28960913476806
TGME49_chrXII:499518:500320:clu_2625_NA	0.406406758929498	5.78426356885518	1.69325957193621	0.202584098524109	0.289804485688759
TGME49_chrXI:2287318:2287750:clu_2380_NA	-0.388852241680258	5.76540409377156	1.68973495450811	0.203042675676216	0.290346233706941
TGME49_chrXII:2151075:2151582:clu_2710_NA	0.680908096214177	4.55812554011298	1.68690511395355	0.203431033017183	0.290787182468526
TGME49_chrX:4426664:4426959:clu_2153_NA	0.192460431438304	7.94726969723825	1.6847779053308	0.203687979659122	0.291040018105702
TGME49_chrV:4748:5358:clu_542_NA	0.4870050408201	5.38488013949668	1.68293698253516	0.203932350913517	0.291274693740918
TGME49_chrX:1546136:1546319:clu_2004_NA	0.318767497171726	6.51090861196209	1.68021938283387	0.2042855749006	0.291664597314878
TGME49_chrXII:1030850:1031252:clu_2651_NA	-0.493749253962123	5.37621930950009	1.67920001024136	0.204422629820188	0.291745684882758
TGME49_chrVI:1316960:1317113:clu_738_NA	0.280950055214847	7.0530654480367	1.66676000608513	0.206061087806262	0.293968624087819
TGME49_chrX:828869:829362:clu_1971_NA	0.342502501611507	6.36096793854522	1.66545371112671	0.206234819885965	0.294101047581593
TGME49_chrX:5840505:5840614:clu_2217_NA	-0.608864480096727	4.5840303821253	1.66027542024295	0.206945719198036	0.2949990938372
TGME49_chrIa:572587:572869:clu_31_NA	-0.258543552862382	6.83912528778249	1.65484418333642	0.207649114907255	0.295885743899596
TGME49_chrIX:2053142:2053619:clu_1764_NA	0.422619920559011	5.79633720896238	1.64283457381674	0.209266070509389	0.298072949177754
TGME49_chrXI:4199004:4199741:clu_2449_NA	0.469978649364651	5.47717337685969	1.64125998817976	0.209480362065657	0.298165844792165
TGME49_chrVIII:1998420:1998518:clu_1407_NA	0.0739081401089779	11.9101946357302	1.64112795719493	0.209495341842968	0.298165844792165
TGME49_chrII:1251401:1251955:clu_255_NA	-0.131423694368516	9.09911989428068	1.63979395914732	0.209676036621501	0.298306220398887
TGME49_chrVIIa:1969322:1970224:clu_950_NA	0.681552470046652	4.55892328713264	1.63915146770917	0.209783945826349	0.29834297460046
TGME49_chrIb:1554155:1555438:clu_172_NA	0.555151980635173	4.99739405956456	1.62915884861815	0.211131719717625	0.300142276563773
TGME49_chrIb:1063270:1064003:clu_155_NA	0.679192506697079	4.75222721916429	1.62543628287418	0.211647704986892	0.300758173427424
TGME49_chrIX:2626431:2626531:clu_1792_NA	0.617288698051813	4.71324743904088	1.61933717899614	0.212486527335767	0.301832171498833
TGME49_chrIII:99169:99764:clu_328_NA	-0.170946999158348	8.11495590317238	1.6184900550791	0.212587434973839	0.301857549269494
TGME49_chrVI:2213886:2214749:clu_790_NA	0.665533335264341	4.64963484327986	1.61697162691931	0.212814749564047	0.302062325132882
TGME49_chrXI:2486386:2486757:clu_2394_NA	0.635593556187603	4.81347805968579	1.61082629536448	0.21365998092618	0.303143649752797
TGME49_chrIb:1273833:1274415:clu_162_NA	-0.370576715689527	5.77540326086132	1.59489072398384	0.215872537105968	0.306107449541676
TGME49_chrII:1794691:1794932:clu_294_NA	0.407438880248488	6.16065628707555	1.59456604078495	0.215917331671213	0.306107449541676
TGME49_chrII:371326:372035:clu_215_NA	-0.19386400863986	7.652623318504	1.5818630712417	0.217710449399958	0.308529233360174
TGME49_chrXII:123780:124460:clu_2587_NA	-0.139331522595869	8.71134354632756	1.57693710880235	0.218410976414392	0.309401363704721
TGME49_chrX:5994282:5994533:clu_2220_NA	0.28333925677102	6.99040345758172	1.57281041889918	0.219000246534357	0.310115269245184
TGME49_chrXI:5844736:5845788:clu_2526_NA	-0.0894720996286153	10.3843922784273	1.57002320471403	0.219398974332656	0.310558906424924
TGME49_chrIb:897354:897650:clu_149_NA	0.205612152167374	7.58787833301381	1.56838971477578	0.219633317285269	0.310769602309051
TGME49_chrXII:4438293:4438407:clu_2811_NA	0.574207482627465	5.07997272304964	1.5635586958788	0.220334875124086	0.311640961508191
TGME49_chrVIIa:2846076:2846929:clu_995_NA	0.176761869035109	8.00546677064493	1.56273844249858	0.220446070565744	0.311676960912672
TGME49_chrV:494255:505104:clu_564_NA	-0.258904227222026	6.82587976765936	1.55818521684403	0.221103901804771	0.312485491081004
TGME49_chrX:4993106:5002532:clu_2169_NA	-0.225789930775169	7.26042270543225	1.55589415066492	0.221435567360217	0.312832602936024
TGME49_chrVIII:6411934:6412630:clu_1618_NA	0.211061961218359	7.49693426091308	1.55266147142719	0.221904730261746	0.313373618687431
TGME49_chrIV:373975:374321:clu_451_NA	0.38942166116543	6.05441541598412	1.53996365715207	0.223760671648106	0.315871860753734
TGME49_chrX:3954866:3955081:clu_2133_NA	0.172994631250285	8.21686027762756	1.53730047397624	0.224151254922815	0.316300392719113
TGME49_chrXII:6562534:6562974:clu_2919_NA	-0.415194234192327	5.4508984633347	1.52789742921702	0.225543390191344	0.318141336183754
TGME49_chrVI:1797074:1797798:clu_775_NA	-0.225791505029969	7.13165901320013	1.52398367358119	0.226121984085279	0.31883375180372
TGME49_chrX:7139381:7140109:clu_2268_NA	-0.380712530442733	5.62790351549146	1.51809426393957	0.227002262420056	0.319950842922413
TGME49_chrX:1825222:1825748:clu_2024_NA	0.179207816791545	7.85090754078612	1.51300890769044	0.227762102817128	0.320897381294674
TGME49_chrV:442138:442455:clu_560_NA	0.366792400365785	5.9734059372992	1.51158568457115	0.227976936519341	0.321075615748859
TGME49_chrVIIa:1002844:1003194:clu_889_NA	0.771969231089793	4.38840072025348	1.50936160680657	0.228334413320418	0.321454528435212
TGME49_chrVIIa:2219379:2219899:clu_969_NA	0.207002776828238	7.5361624686184	1.50698141177445	0.228669317662692	0.321728656777851
TGME49_chrII:1254517:1255013:clu_256_NA	-0.129512748049816	9.07950997793569	1.50673676160455	0.228706148311958	0.321728656777851
TGME49_chrVIII:4780224:4780465:clu_1536_NA	0.492264452424142	5.2776521126447	1.50319818135899	0.229245187677177	0.322362188474483
TGME49_chrVI:3424806:3425183:clu_838_NA	-0.139092423790591	8.99181541349349	1.50201830077175	0.22941959809074	0.322482691051756
TGME49_chrVIIb:2171743:2172025:clu_1194_NA	-0.152362584045406	8.50232180556776	1.50118279229104	0.229546231461552	0.32253596882982
TGME49_chrXII:1124235:1124697:clu_2655_NA	-0.170155898290838	7.99309615584112	1.49888648454885	0.229894707253158	0.322900796315776
TGME49_chrX:1561621:1561802:clu_2005_NA	-0.334053857527021	5.99913858795626	1.49810289829632	0.230014793282761	0.322943151460786
TGME49_chrVIIa:16414:16696:clu_853_NA	0.606651890416508	4.79512781963852	1.49760477731609	0.230102548083476	0.322943151460786
TGME49_chrIb:1147027:1147458:clu_159_NA	0.258016309085519	6.78901613093627	1.49445067763177	0.230569951977348	0.323474247563743
TGME49_chrXI:5666737:5667071:clu_2515_NA	0.364255852478238	6.10007077341589	1.49369699808893	0.230685470847419	0.323511453136716
TGME49_chrXII:2472564:2472961:clu_2725_NA	0.224994375207254	7.2863478239272	1.48809519739194	0.231541226150926	0.32458633129912
TGME49_chrIX:2563702:2564158:clu_1786_NA	0.328076437530725	6.2181608423213	1.48185342682292	0.232500851257043	0.32580593458726
TGME49_chrVIIa:2943679:2943915:clu_996_NA	0.255948258870402	6.82280819590791	1.475912296629	0.233417897646017	0.326964954891434
TGME49_chrVIIb:764783:765570:clu_1117_NA	0.498116399950885	5.09770912458879	1.47342501913867	0.233809406346276	0.327265979933156
TGME49_chrIa:698457:699255:clu_38_NA	-0.210695938065653	7.4343197497974	1.4733625924888	0.233812861041652	0.327265979933156
TGME49_chrIa:56247:57026:clu_7_NA	0.401787214360533	5.70044342524089	1.46575109766126	0.234999102566641	0.328727509512669
TGME49_chrIX:4362847:4363512:clu_1875_NA	0.228414089363151	7.18524558473537	1.46549237824811	0.235037908452112	0.328727509512669
TGME49_chrII:106107:106474:clu_200_NA	0.179358200530641	8.19104237326826	1.45957523010747	0.235964079357916	0.329895934025395
TGME49_chrVI:3034653:3035074:clu_822_NA	-0.158796914352494	8.23928175820654	1.45750943857709	0.236288547865041	0.330222557281593
TGME49_chrIX:3644043:3644190:clu_1850_NA	0.628177461635693	5.04586021177402	1.45486078341318	0.236713046901779	0.330688672362786
TGME49_chrIb:1739102:1739182:clu_184_NA	-0.539501595268961	4.77723493180554	1.45115352897176	0.237304239345019	0.331387210917842
TGME49_chrIb:647232:647875:clu_128_NA	0.449484231084513	5.41180629369808	1.45048893470295	0.237398522112039	0.331391562164847
TGME49_chrX:1838789:1839445:clu_2027_NA	0.376458848942537	5.76350611100132	1.44907886261135	0.237620078852637	0.331573507343315
TGME49_chrIX:5664492:5665110:clu_1914_NA	0.413615526529373	5.48772302602773	1.4337659198949	0.2400610995307	0.33485114995936
TGME49_chrV:1360605:1360992:clu_611_NA	0.203487519133327	7.59684309202261	1.42989273078809	0.240680708074702	0.335586641293265
TGME49_chrVIII:966539:970331:clu_1380_NA	0.390674063629623	5.73459746786454	1.4285170993	0.240903721633922	0.33576879913317
TGME49_chrVI:1058046:1058783:clu_732_NA	0.179440992736629	7.80063004103527	1.42735711373777	0.24108908202395	0.335898356901901
TGME49_chrVIIb:586240:586667:clu_1107_NA	0.591887807174349	4.94774508787348	1.4238643364995	0.241662284984317	0.33656797161609
TGME49_chrXII:6485748:6486389:clu_2914_NA	0.226250858303406	7.46468316766424	1.42137998077266	0.242055296284028	0.336986212942337
TGME49_chrXII:6082991:6083473:clu_2896_NA	0.403871799896262	5.66056920263464	1.41753672619813	0.242680875282558	0.337637418835294
TGME49_chrX:1926496:1926816:clu_2028_NA	-0.0988883409072172	9.8014605608009	1.41735330140526	0.24270882404859	0.337637418835294
TGME49_chrII:1368025:1369581:clu_264_NA	0.726988146012251	4.35914316084866	1.41613353093298	0.242931863817663	0.337818410473299
TGME49_chrVIII:1653632:1654083:clu_1397_NA	-0.407686146441123	5.4896479704208	1.41407631245837	0.243245108786244	0.338124654087188
TGME49_chrXII:1313207:1314170:clu_2664_NA	-0.121917276694064	9.2605404301629	1.41310617174219	0.243400692597067	0.338211589292943
TGME49_chrIa:21043:21731:clu_2_NA	-0.124194888410446	8.88718922213085	1.40970746893338	0.243956140700326	0.33885386757573
TGME49_chrV:3090400:3090576:clu_675_NA	0.585469627227056	4.69277950511662	1.40472315483852	0.244789147293567	0.339825598667472
TGME49_chrIII:1885783:1886204:clu_412_NA	-0.136469425607043	8.54226641008719	1.40430288449753	0.244842707815711	0.339825598667472
TGME49_chrXI:1025705:1026083:clu_2336_NA	-0.393188255348464	5.46436994135916	1.40294724552831	0.245068484107055	0.3400091373012
TGME49_chrX:6948362:6948776:clu_2264_NA	0.217315444140554	7.50131986612977	1.3987678440888	0.245754972449585	0.340831486018405
TGME49_chrVIII:5787913:5788152:clu_1581_NA	0.446835380397884	5.46003630220743	1.39709081411171	0.246034876890831	0.341089541379928
TGME49_chrX:5732837:5733485:clu_2205_NA	-0.193415116847698	7.53664327048921	1.3946368296833	0.246438571816293	0.341518951030204
TGME49_chrIV:281952:282048:clu_448_NA	0.366181832240871	5.79540572011	1.39389771985652	0.246562495281608	0.341560468882868
TGME49_chrXI:5655042:5655807:clu_2514_NA	-0.435833885527657	5.26292370150567	1.39299578241968	0.246714978073416	0.341641502970235
TGME49_chrII:1672500:1673005:clu_289_NA	0.351115157743123	5.96295951518564	1.39066036445555	0.247099863173566	0.342044174651908
TGME49_chrXII:1310227:1310526:clu_2661_NA	-0.1158928442779	9.30726317286703	1.38868105353157	0.247428311407263	0.34226963210919
TGME49_chrV:1352549:1353206:clu_609_NA	-0.326490547865615	5.95621191880258	1.38855122145865	0.247451057271789	0.34226963210919
TGME49_chrX:7308040:7308512:clu_2281_NA	-0.315634105213788	6.03284639756913	1.38611512330311	0.24785728871396	0.342701119998192
TGME49_chrX:5644695:5644993:clu_2200_NA	0.630772217561741	4.62724504806654	1.38133228986737	0.248674152135757	0.343699826240866
TGME49_chrX:4497001:4497706:clu_2155_NA	0.316849864429392	6.39325358288756	1.3805848091406	0.248782494071729	0.343718877214267
TGME49_chrVIIb:4279418:4279816:clu_1297_NA	0.281193423384149	6.57292753339068	1.37418820954634	0.249858505878699	0.345074342275482
TGME49_chrIa:23591:23804:clu_3_NA	-0.12132966324473	9.1243955459611	1.37250719579584	0.250141910352749	0.345334540118588
TGME49_chrVIIa:2135672:2135991:clu_963_NA	0.327061925331808	6.07340192041967	1.3714717407147	0.250317794871131	0.345446159588672
TGME49_chrX:5247650:5247953:clu_2180_NA	0.240297571622497	6.99244179114887	1.37062962033292	0.250459573592081	0.345510645164029
TGME49_chrVIIb:937138:937795:clu_1141_NA	-0.505725122028247	4.89228072853203	1.36876724219882	0.250784971365739	0.345828289421268
TGME49_chrIII:2273925:2274749:clu_428_NA	0.276695427273794	6.50384639278581	1.36782592004716	0.25093479455112	0.345903670152948
TGME49_chrIa:46494:47257:clu_4_NA	-0.167253888888184	8.21460374590251	1.36275502483765	0.251796409657925	0.346945226752161
TGME49_chrVIII:5644068:5644768:clu_1573_NA	0.604821410804481	4.79392844869156	1.36233105796253	0.251881280164774	0.346945226752161
TGME49_chrVIII:6255585:6256051:clu_1609_NA	0.265702483112677	6.68208727948468	1.35504723759271	0.253114220711632	0.348511436472266
TGME49_chrVIIa:3450770:3451144:clu_1024_NA	-0.28210191327156	6.43652353741452	1.35292853827366	0.253478076893055	0.348880276223496
TGME49_chrIX:224381:224926:clu_1669_NA	0.267647586537941	6.81436948676311	1.35104207796654	0.253802243949615	0.349194230415159
TGME49_chrIb:1739219:1739403:clu_183_NA	-0.646423619014511	4.38860532730145	1.3499746632735	0.254014902419424	0.349354585809538
TGME49_chrVI:888207:888895:clu_714_NA	-0.478048546555712	5.08290221602069	1.34210295934993	0.255352731734272	0.35106171704012
TGME49_chrXII:79134:80038:clu_2584_NA	-0.476170132453687	4.9980513953711	1.33751717650334	0.256151006965546	0.352026053050949
TGME49_chrV:1204555:1205085:clu_600_NA	-0.181783013570097	7.53427353640215	1.33335459194347	0.256869445445861	0.35287998268923
TGME49_chrX:3109733:3110486:clu_2098_NA	-0.134096405731492	8.51740677981121	1.33233946075444	0.257046861278552	0.352990306289209
TGME49_chrXII:1016502:1017156:clu_2650_NA	-0.43897499045278	5.5947677674226	1.32855896157874	0.257711342080585	0.353769157274519
TGME49_chrXI:5984759:5985542:clu_2543_NA	0.628279865274847	4.62577141936556	1.32743153544837	0.257924428537046	0.353928009713915
TGME49_chrVIIa:1738728:1739173:clu_934_NA	0.3455575362695	5.8903125777105	1.32674558419327	0.258028849938574	0.353937686613856
TGME49_chrIX:5404024:5404643:clu_1910_NA	0.59585253788482	4.60516432524085	1.32183335359278	0.258910757634215	0.354933320340486
TGME49_chrX:5191230:5192349:clu_2177_NA	0.364441385460527	5.79291428517859	1.32151814509384	0.258949976765604	0.354933320340486
TGME49_chrII:1837077:1837821:clu_302_NA	0.165111519656433	8.04791630464181	1.31993965741101	0.259227499210701	0.355179781240444
TGME49_chrIX:4976379:4976764:clu_1896_NA	0.213531671976853	7.63071758492205	1.3187863607274	0.259431552038775	0.355325430166145
TGME49_chrVIIa:2714850:2715350:clu_992_NA	0.153570971435835	8.23453525664392	1.31357781094478	0.260355480793411	0.356456562216215
TGME49_chrX:4993616:5002708:clu_2170_NA	0.207614195710957	7.18526704557733	1.31024536095235	0.260948983029414	0.357134620975873
TGME49_chrX:2323544:2323692:clu_2054_NA	0.194295857921115	7.55810234247357	1.30617838438808	0.261675424066513	0.357919764382978
TGME49_chrIII:321527:322152:clu_343_NA	0.362169221370874	5.75311055344892	1.30593956952209	0.261719596624472	0.357919764382978
TGME49_chrV:1357323:1357919:clu_610_NA	0.205450033093453	7.72935283016232	1.30356569050226	0.262143498354998	0.358364654577066
TGME49_chrXI:842873:843299:clu_2325_NA	0.315263586526713	6.18260503227513	1.30256225108331	0.262324220792414	0.358373654475959
TGME49_chrXI:4711012:4711438:clu_2486_NA	-0.333584716594391	5.82394501962995	1.3024375596601	0.262347261227105	0.358373654475959
TGME49_chrXII:264525:265211:clu_2604_NA	-0.260763521232966	6.53596800527233	1.30184860745906	0.262452078422562	0.358382158176564
TGME49_chrXII:733136:733608:clu_2638_NA	0.328306915924639	5.97992444967963	1.30101075540263	0.262603235459959	0.358453909461866
TGME49_chrVIIb:3401207:3401798:clu_1262_NA	0.379720231868994	5.80284008902848	1.29173939847291	0.264277167966529	0.360603418002378
TGME49_chrVIIb:2234037:2234273:clu_1200_NA	-0.178635585727928	7.78295388253031	1.28723353806898	0.265094132016304	0.36158242772205
TGME49_chrIII:1358641:1359599:clu_396_NA	-0.263466104419067	6.50232996836007	1.28623562491848	0.265276184198935	0.361695022341758
TGME49_chrVIIb:4902676:4903063:clu_1329_NA	-0.207602204329994	7.085097644743	1.26986343212119	0.26827953541377	0.365427234307264
TGME49_chrIb:1640481:1641210:clu_180_NA	-0.0891002057678605	10.354405882708	1.26983197413284	0.268285144412608	0.365427234307264
TGME49_chrVIIb:1566377:1567257:clu_1163_NA	-0.484583662180105	4.8552063850978	1.26972797914255	0.268315072452844	0.365427234307264
TGME49_chrVIII:40507:40787:clu_1344_NA	-0.216546348982467	7.28524234560144	1.26906331444391	0.268427397836544	0.365443292560239
TGME49_chrV:1695186:1695938:clu_620_NA	-0.167621018100753	7.8491764481479	1.2672143480127	0.268769512504247	0.365772062131388
TGME49_chrIb:260519:261030:clu_116_NA	0.138972063646636	8.66708536408746	1.26646607219644	0.268908128156536	0.36582374470397
TGME49_chrVIII:2698507:2699017:clu_1454_NA	-0.264238012470381	6.83447619453198	1.26550936103912	0.269085781185597	0.365928475349662
TGME49_chrVIIa:812532:813145:clu_887_NA	-0.614769278071314	4.46459727573621	1.25785089340337	0.270536286937359	0.367763426708041
TGME49_chrVI:2884063:2884357:clu_812_NA	0.157321108115998	8.1876382267685	1.25656261084952	0.270751915656965	0.367918958285258
TGME49_chrX:6307747:6308385:clu_2244_NA	0.194762291184176	7.32780659682378	1.25078809342308	0.271834627800229	0.369252194339998
TGME49_chrIX:5337506:5338502:clu_1907_NA	-0.234223081831569	6.75700532411783	1.24926526879045	0.272121240657955	0.369503440340556
TGME49_chrVIIb:2455207:2455769:clu_1210_NA	0.59413596885295	4.60443541350611	1.24586263475239	0.272779811748224	0.370155521080282
TGME49_chrVI:1794227:1794530:clu_774_NA	-0.227585391418086	6.88464384238869	1.24563756101974	0.272805128190942	0.370155521080282
TGME49_chrIb:1143393:1145052:clu_158_NA	0.843864289703203	4.15752386345542	1.24311657615846	0.273301787314746	0.370691043615336
TGME49_chrVI:1415248:1416134:clu_748_NA	-0.212802502480611	7.22782729383679	1.24087407293696	0.2737064945549	0.371101494855301
TGME49_chrII:1398549:1398898:clu_265_NA	-0.244528118435265	6.79360553895746	1.23894296308282	0.274073168025298	0.371460091637568
TGME49_chrIX:2446688:2446838:clu_1778_NA	-0.338724384823244	5.79410472844019	1.23481279125881	0.274860412735229	0.372386403181825
TGME49_chrXII:2244107:2256793:clu_2714_NA	-0.150572224059053	8.11769653090646	1.23427544674069	0.274961514756539	0.372386403181825
TGME49_chrIb:902606:903448:clu_151_NA	0.161839271851405	8.17053967995198	1.23308294368405	0.275189138462595	0.372457507968685
TGME49_chrXII:6560457:6561243:clu_2918_NA	-0.363997843706566	5.60907877488525	1.23293715050203	0.275218945365581	0.372457507968685
TGME49_chrXI:669303:669862:clu_2319_NA	0.413739132841548	5.43858194447479	1.23031258246693	0.275721575633226	0.372998856504196
TGME49_chrXI:3329130:3329640:clu_2423_NA	0.351595998626066	5.7856965053344	1.22594872596676	0.276557412914451	0.373990400276797
TGME49_chrXI:5679675:5680534:clu_2518_NA	-0.279769536175568	6.22884097648297	1.22460563767548	0.276815009281649	0.374185987634377
TGME49_chrIX:2902486:2903094:clu_1802_NA	-0.267094459754697	6.44693683767374	1.22368101505772	0.276992832514961	0.374185987634377
TGME49_chrV:1174040:1175304:clu_599_NA	-0.371276743858512	5.74876239440464	1.22359298654753	0.277010864573345	0.374185987634377
TGME49_chrX:224658:225269:clu_1957_NA	0.325221312992011	5.94379694668463	1.22208518131681	0.27730100619437	0.374438765793661
TGME49_chrXII:6689380:6693004:clu_2925_NA	0.216437676351142	7.03762611456686	1.2164182117902	0.278396081109337	0.375777851775878
TGME49_chrXII:5075434:5083256:clu_2844_NA	0.296592916755305	6.19660129703397	1.21174682324903	0.279304205360676	0.376863692088365
TGME49_chrX:7182152:7182503:clu_2277_NA	-0.187547695658039	7.53055845050583	1.20993621455812	0.279656442772162	0.377187884748994
TGME49_chrX:2440693:2441345:clu_2060_NA	-0.456180331059031	4.96367677815222	1.20948686660206	0.279752004754687	0.377187884748994
TGME49_chrXII:6575334:6575663:clu_2921_NA	-0.243947620187661	6.73543737027364	1.20755882050492	0.280120826616876	0.377545125974173
TGME49_chrVIIb:856861:857434:clu_1132_NA	-0.426572763424242	5.19272654901642	1.20612565789408	0.280405490719308	0.377788717110706
TGME49_chrVI:2367284:2367646:clu_794_NA	0.505170786562888	4.89063809455978	1.20329842693083	0.280964197815305	0.378401207505977
TGME49_chrIII:1458389:1459321:clu_399_NA	-0.102200685800861	9.70076729970713	1.2012361831323	0.281359864012196	0.37879374284605
TGME49_chrVIIb:481752:482133:clu_1100_NA	-0.484866928492926	4.85493686664881	1.20074211334256	0.28146746803431	0.37879831407061
TGME49_chrVIIb:4541014:4541488:clu_1310_NA	-0.496716663233345	4.69465377410739	1.19838431254937	0.281936366233992	0.379288930888439
TGME49_chrIV:936883:937102:clu_471_NA	-0.146582383756377	8.05256569915535	1.19308699364297	0.282967893504488	0.380535809429824
TGME49_chrIb:733723:734338:clu_136_NA	-0.229340875822259	6.87258586884256	1.19224001790386	0.283135915666877	0.380620951719341
TGME49_chrVIIb:1573668:1573779:clu_1165_NA	-0.151234371028072	8.28087856674506	1.18817690089912	0.283942542459753	0.381430854135767
TGME49_chrVIIb:808105:808419:clu_1128_NA	0.154562725047409	7.9448081969862	1.18802201595784	0.283973371907336	0.381430854135767
TGME49_chrIII:370861:371196:clu_347_NA	-0.48490036687848	4.85455680969804	1.18767302083009	0.284053183533843	0.381430854135767
TGME49_chrVIII:3447173:3447714:clu_1486_NA	0.183874035458617	7.54137810940894	1.18695615228297	0.284185605196921	0.381467752913888
TGME49_chrIV:1291592:1292682:clu_486_NA	0.383144362602884	5.60397083139352	1.18624588511495	0.284328953880389	0.381519286583689
TGME49_chrIa:1271463:1271879:clu_55_NA	-0.290267600177747	6.02510264840279	1.18541933275848	0.284492750823403	0.381598210052793
TGME49_chrXII:3500458:3501011:clu_2760_NA	0.226647410798078	6.83668242466702	1.18299931901189	0.284975291884007	0.382104458132928
TGME49_chrVIII:4627421:4627852:clu_1529_NA	0.316790614075754	5.97224776601147	1.18205394940062	0.285165075980697	0.38221793922929
TGME49_chrXII:117910:118731:clu_2586_NA	0.218622427764252	6.96168377412359	1.17835655149915	0.285905313131912	0.382953355922404
TGME49_chrVIIa:2218932:2219313:clu_969_NA	0.16744092524522	7.8169578054647	1.17826038614502	0.28592445886476	0.382953355922404
TGME49_chrVIIa:169491:170487:clu_862_NA	0.284613681910172	6.32208015220875	1.17544440379955	0.28649105890068	0.383570902064078
TGME49_chrVIII:4988065:4988120:clu_1545_NA	-0.521904946854768	4.73330682078961	1.17261071785265	0.287075531548124	0.384211913541028
TGME49_chrIX:2469139:2469221:clu_1780_NA	-0.270005881630937	6.58049914642988	1.17081287862166	0.28742517819687	0.384538285883556
TGME49_chrVIIb:2421403:2421764:clu_1209_NA	0.447885814777234	5.18865201911981	1.16800986380731	0.287996747143381	0.385161212607133
TGME49_chrVIII:4783974:4784731:clu_1538_NA	-0.400446618739032	5.31995265030225	1.16541714913901	0.288521763985064	0.385721446151419
TGME49_chrVIIa:4160699:4161388:clu_1057_NA	0.21934781759854	7.00905094998769	1.16378206168171	0.288850956230324	0.38601956834457
TGME49_chrIX:646715:647239:clu_1690_NA	-0.224042446263728	6.8055874837576	1.16293190106998	0.289024081112603	0.386108980097138
TGME49_chrX:1657012:1657620:clu_2011_NA	-0.247925127718297	6.56186404790168	1.16239249453413	0.289134068527122	0.386114011423985
TGME49_chrVIII:5644068:5644277:clu_1573_NA	0.504391802884634	4.88898585900638	1.15975932461887	0.289680029475802	0.38670103090141
TGME49_chrXI:5793757:5794293:clu_2523_NA	-0.262422713512152	6.41488299611735	1.15670156936586	0.290296695229074	0.387381970322204
TGME49_chrVIIb:3384973:3385318:clu_1260_NA	-0.271059057226164	6.53102283091219	1.1538755251174	0.290876204740565	0.387875527741029
TGME49_chrVIIb:2763580:2763670:clu_1225_NA	0.219171994246894	7.0981210366749	1.1538560884615	0.290879969359572	0.387875527741029
TGME49_chrVIII:919273:919883:clu_1377_NA	-0.221910532410166	6.92884067912906	1.15275972958419	0.291105283446416	0.388033628649697
TGME49_chrVIII:5462912:5463374:clu_1564_NA	0.365678639301884	5.59187365061854	1.1461905046567	0.292461576223921	0.389611643826041
TGME49_chrIX:790355:790583:clu_1702_NA	-0.140055456679026	8.1461899634048	1.14597872141065	0.292503487208052	0.389611643826041
TGME49_chrVIII:2845436:2846507:clu_1458_NA	-0.423103514096119	4.98158198084851	1.14440957800058	0.292835665363189	0.389911224760143
TGME49_chrII:1409060:1409376:clu_269_NA	-0.277291372920083	6.36631831705714	1.14173844436221	0.293382921158447	0.390496857711811
TGME49_chrVIIa:3373918:3374681:clu_1018_NA	0.12161102539202	8.68384341214517	1.1362137711428	0.294532856293608	0.391883943128574
TGME49_chrXII:5357418:5358223:clu_2867_NA	-0.392946367617927	5.25006663717089	1.12933176553197	0.295978215376595	0.393662939222072
TGME49_chrIX:2530005:2530371:clu_1784_NA	0.370400026132198	5.90571686497028	1.12512522132385	0.296861036521831	0.394600142654233
TGME49_chrVIIb:2236335:2236580:clu_1202_NA	-0.160793229123585	7.8465547041899	1.12493578521708	0.296899969782483	0.394600142654233
TGME49_chrX:1651226:1651590:clu_2009_NA	0.149385777957109	8.1274617423433	1.12332644931899	0.297239781351867	0.394907384946651
TGME49_chrVIIb:1760488:1761262:clu_1177_NA	0.298267981923178	6.02274733587429	1.11953119323389	0.29804408300523	0.395831290363175
TGME49_chrX:3953266:3954295:clu_2131_NA	-0.183224898657325	7.63394007708014	1.1172216413334	0.298533617805969	0.396336632843206
TGME49_chrIX:5108495:5108781:clu_1900_NA	0.504724809315475	4.88912942439765	1.11166300806953	0.299727141720147	0.397775889066351
TGME49_chrVIII:790686:791241:clu_1374_NA	-0.240849767551441	6.5325706405019	1.10155882450856	0.301887798544062	0.400497134199877
TGME49_chrVIIa:7452:8211:clu_849_NA	0.595678600848659	4.60572478066822	1.09942608005698	0.302364417727064	0.400897022434665
TGME49_chrXII:208602:209512:clu_2596_NA	0.375772319705564	5.68314820716999	1.09914740212151	0.30240980344315	0.400897022434665
TGME49_chrVIIa:3127513:3128028:clu_1007_NA	0.42340944446971	5.11232472142008	1.09486836983028	0.303340516006531	0.401984241955428
TGME49_chrXI:190934:191417:clu_2305_NA	0.478430850744529	4.79539070997911	1.08947208027796	0.304520823628991	0.40340130972718
TGME49_chrVIII:6044738:6045026:clu_1596_NA	-0.192123684488192	7.23136845829014	1.08506217628165	0.305474480340307	0.404517208028056
TGME49_chrXII:1886219:1886494:clu_2686_NA	-0.0956488716269434	9.33843126701063	1.08276833916451	0.305977602452093	0.405023309224795
TGME49_chrV:3274482:3274955:clu_685_NA	-0.499521094555764	4.6930676643006	1.082370326425	0.306079513188586	0.405023309224795
TGME49_chrX:6026895:6027379:clu_2225_NA	0.477711813723055	4.87248121333252	1.07898816807273	0.306818517712507	0.405603737906805
TGME49_chrX:3063232:3063611:clu_2096_NA	0.137622960020339	8.35610947065841	1.0788185271139	0.306846800962318	0.405603737906805
TGME49_chrIa:542642:542865:clu_28_NA	0.0942655639621155	9.8941764186284	1.07879070862381	0.306852896628257	0.405603737906805
TGME49_chrVIIb:481605:481896:clu_1100_NA	0.323045570842249	5.94192371111073	1.07795183456275	0.307038924183816	0.405650602233059
TGME49_chrVIIb:1895390:1896187:clu_1179_NA	0.37039000718047	5.63846489768572	1.07762608777694	0.307111542598454	0.405650602233059
TGME49_chrVI:2957171:2957518:clu_818_NA	0.287981749324979	6.4226858828562	1.07660092047095	0.30733667122433	0.405704598547172
TGME49_chrX:920719:921230:clu_1978_NA	0.204849295121048	7.14404057980696	1.07642321421163	0.307375643576042	0.405704598547172
TGME49_chrIa:1813863:1814354:clu_102_NA	0.225967288590191	6.78486391087099	1.07221303879736	0.308308014128156	0.406787524993048
TGME49_chrXII:487585:488087:clu_2624_NA	0.506523146015827	4.89228977462042	1.07119324592259	0.308542982057212	0.406949833010873
TGME49_chrXI:4394286:4394761:clu_2465_NA	0.211417787107637	6.98933012422028	1.07063512817113	0.308658326105229	0.406954303733227
TGME49_chrXII:2565981:2566406:clu_2729_NA	0.261639645693994	6.30585495643104	1.06902076005762	0.309017691470889	0.407280387417216
TGME49_chrXI:613101:614059:clu_2317_NA	0.404247230782096	5.27541382731319	1.06217915794332	0.310548457611808	0.409133621753171
TGME49_chrV:2091926:2092844:clu_639_NA	0.0879152882006795	9.67472025154787	1.06171506626373	0.310648912252752	0.409133621753171
TGME49_chrX:2153849:2154203:clu_2040_NA	-0.492673055286519	4.583875992223	1.05005838788052	0.313294526019045	0.412468526649485
TGME49_chrIa:23915:24055:clu_3_NA	-0.11884545955896	8.80256159154793	1.04923929304714	0.313462368237369	0.412540082745415
TGME49_chrIII:156247:156895:clu_331_NA	-0.374511820166503	5.22081169305563	1.03761785080938	0.316118100434694	0.41588465258057
TGME49_chrVIIa:124023:124974:clu_859_NA	-0.133990438364818	8.26756923938166	1.0273311191321	0.318486698313886	0.418849185373002
TGME49_chrVI:1688918:1689637:clu_760_NA	0.264221718526333	6.25623483191676	1.0254024723491	0.318934752064189	0.419286735534658
TGME49_chrVIIa:1051512:1051985:clu_895_NA	0.183115845852404	7.4472697465023	1.0200819444564	0.320173246502703	0.420762744409734
TGME49_chrV:2495572:2496434:clu_647_NA	0.11258126957135	8.77286174773457	1.01698596814969	0.320897125751698	0.421561637913777
TGME49_chrIII:1476621:1477155:clu_400_NA	-0.436428224996045	4.92869118760477	1.00977414232107	0.322600052495415	0.423645661423711
TGME49_chrXI:1309132:1309621:clu_2343_NA	-0.347614919353208	5.81731782268805	1.00889437885382	0.322801012098038	0.423673531784431
TGME49_chrIa:1838605:1839106:clu_104_NA	0.477705580163938	4.87320231008122	1.00870048395138	0.322854383230502	0.423673531784431
TGME49_chrV:1001422:1002210:clu_586_NA	-0.259239219447429	6.22005006253304	1.00331396782248	0.324121505945037	0.425182848830823
TGME49_chrVIII:3822823:3823448:clu_1497_NA	0.682128933378701	4.33147097299921	1.000816926686	0.324736560728636	0.425836002254181
TGME49_chrVIIb:1403458:1403769:clu_1155_NA	-0.257784847038296	6.22219008948742	0.996607618784019	0.325718962009514	0.426970222468295
TGME49_chrIX:2844257:2844697:clu_1801_NA	0.445942736321498	4.92536609781711	0.992691697539077	0.326663764719688	0.427937035050063
TGME49_chrXII:257209:257576:clu_2602_NA	-0.207068334563529	6.87093712472884	0.992543211312111	0.326691959357339	0.427937035050063
TGME49_chrVIIb:4558931:4559109:clu_1315_NA	0.446958231754663	5.06451163836324	0.988292541596336	0.327719552973473	0.429128449228593
KE139437:2408:2674:clu_2966_NA	0.448997610539286	4.92828012572769	0.987753874596554	0.327851455183096	0.429146575293682
TGME49_chrIX:4362511:4362750:clu_1874_NA	0.202809605895794	7.14002969200271	0.986026408089399	0.328260901119332	0.42952785297652
TGME49_chrX:4351111:4351818:clu_2148_NA	0.359713526986495	5.45183688797464	0.972511936118674	0.331549936735537	0.433675430022914
TGME49_chrIX:4422257:4422873:clu_1880_NA	-0.487100869529489	4.46409825204238	0.968262342486452	0.33261205106632	0.434908203462616
TGME49_chrXII:895732:896739:clu_2646_NA	0.280456376047289	6.15910897660755	0.964933625026187	0.333411185894433	0.435796354090709
TGME49_chrII:1407094:1407631:clu_267_NA	-0.198720847852605	7.09027789579826	0.964037435043454	0.333631958962902	0.435928170679421
TGME49_chrX:5708495:5709010:clu_2203_NA	0.198489425930278	7.19276162691871	0.962234110470646	0.334077757547098	0.436353808366404
TGME49_chrIb:16636:18967:clu_105_NA	-0.381090313096747	5.29581163545788	0.953273465165029	0.336308411430236	0.439109581734522
TGME49_chrVIIb:3909206:3910959:clu_1284_NA	0.338035570010666	5.6158904762585	0.952520862798448	0.336494824902992	0.439195220295288
TGME49_chrVIII:6854746:6855424:clu_1661_NA	0.21726704740187	6.99208415757575	0.949862397110392	0.33715865114223	0.43984675433291
TGME49_chrVIII:3925415:3925838:clu_1501_NA	-0.472195874872167	4.65250772010256	0.949611644815594	0.337236012194173	0.43984675433291
TGME49_chrX:6492950:6493678:clu_2250_NA	0.210142766759972	6.92494535439322	0.946574202743724	0.337984102430048	0.440664351625977
TGME49_chrVIIb:3977617:3977815:clu_1285_NA	0.234991835527443	6.430396164273	0.943733472230969	0.338699673578466	0.441438979368134
TGME49_chrXI:278112:278617:clu_2309_NA	0.371419977900723	5.36028663301979	0.942009140647223	0.339137261849026	0.441850876996849
TGME49_chrVIIb:2833166:2833721:clu_1230_NA	0.0966243184254903	9.30837332563278	0.939708664791198	0.339716393014461	0.442316031903374
TGME49_chrX:1978690:1979468:clu_2030_NA	-0.267344296759909	5.99071937434973	0.939628162422303	0.339737650914504	0.442316031903374
TGME49_chrIa:1393339:1394371:clu_69_NA	0.186353846584094	7.18475650581279	0.938970518784367	0.339903528485609	0.442373550320512
TGME49_chrXII:3831211:3831592:clu_2775_NA	0.0565432979349706	11.617628604753	0.930442167458437	0.342074316360656	0.445039420175729
TGME49_chrXI:3143354:3143681:clu_2417_NA	0.345306173654912	5.48927789955049	0.926506571542672	0.343084750326058	0.446194299619041
TGME49_chrVIIa:2614025:2614556:clu_988_NA	-0.208305910622771	6.63462381489685	0.922866456358576	0.344019263427972	0.447192676909692
TGME49_chrVI:3135582:3136285:clu_827_NA	0.559859069173841	4.58400942836181	0.922618645366737	0.344098464186082	0.447192676909692
TGME49_chrXI:5678239:5678842:clu_2517_NA	-0.266043688854511	6.03827316942974	0.917221390105411	0.345478819266981	0.448826128676011
TGME49_chrXII:2771703:2772184:clu_2737_NA	0.181918956068006	7.17920460025139	0.911857925883891	0.346872447829925	0.450475651254654
TGME49_chrIa:1241344:1241764:clu_53_NA	-0.426566726057738	4.83472505649392	0.910802109521508	0.347157009587069	0.450684189231784
TGME49_chrVIIb:2084771:2085845:clu_1188_NA	-0.370933319215112	5.09914755617349	0.907269814291177	0.348076165308801	0.4517161231337
TGME49_chrVIIb:639974:640793:clu_1110_NA	-0.120599470605055	8.41489005460806	0.906448609335331	0.348286515628205	0.451827795970209
TGME49_chrV:1909926:1910302:clu_633_NA	0.516826222538325	4.64979105030353	0.904995575133612	0.348681341673452	0.452178621827684
TGME49_chrVIII:688191:688534:clu_1369_NA	0.065244529455529	10.9361169779835	0.90322321975638	0.349133546197199	0.452603580751362
TGME49_chrXII:1308298:1308469:clu_2659_NA	0.358249743698729	5.71006667576771	0.90163060656255	0.34955425358548	0.452886865478029
TGME49_chrIV:1732397:1734254:clu_503_NA	-0.0916374768685798	9.37344408002349	0.901447083547549	0.349601250214952	0.452886865478029
TGME49_chrXII:1602782:1603046:clu_2673_NA	-0.166590514370804	7.2022190472187	0.900190632322482	0.349932763593561	0.45315482567246
TGME49_chrIX:751453:751900:clu_1699_NA	-0.358801197839013	5.30709980842885	0.899092901966939	0.35022557828024	0.453372498948957
TGME49_chrX:5407763:5410462:clu_2184_NA	0.356611507741349	5.40094711949546	0.897948661941373	0.350527479982509	0.45360177633906
TGME49_chrVIII:4109678:4110144:clu_1510_NA	0.290131812218645	5.85278698302147	0.895442871425184	0.351189834982924	0.454297170876487
TGME49_chrV:770607:771108:clu_579_NA	0.216289415824992	6.72450938091275	0.894765079592214	0.351368888857566	0.454367097473231
TGME49_chrVIIb:885906:886332:clu_1134_NA	0.24826963157428	6.39450602885332	0.891681506283213	0.352188886831597	0.455265506270574
TGME49_chrVIIa:4163315:4163692:clu_1058_NA	-0.19385876206406	7.0346671902453	0.890194575326432	0.352584924707523	0.455615428834641
TGME49_chrIX:3371253:3371352:clu_1832_NA	0.244634113512974	6.36782607331503	0.887402322244707	0.353331072330837	0.456378845744307
TGME49_chrVIII:3446684:3447077:clu_1486_NA	0.163771329332935	7.39904438406671	0.887043219499824	0.353426809015192	0.456378845744307
TGME49_chrXII:6251813:6252205:clu_2902_NA	-0.316307835879975	5.69488529677477	0.884667571796997	0.354064728250723	0.457040229826484
TGME49_chrX:5851497:5852469:clu_2218_NA	0.507372244884848	4.81222354637036	0.875209945882679	0.35662317584945	0.460070639464421
TGME49_chrX:72648:73658:clu_1933_NA	0.419095506043636	4.90826599413696	0.875046020424374	0.356665491612308	0.460070639464421
TGME49_chrVIII:3342919:3343428:clu_1478_NA	0.257714309564718	6.32812395230501	0.874383883292964	0.356838128044367	0.460130044498501
TGME49_chrX:6730192:6730449:clu_2256_NA	0.176176661713487	7.08147944342221	0.86693822210448	0.358865720201162	0.462580458486249
TGME49_chrIX:799370:799945:clu_1703_NA	-0.0527093562387249	11.7995354345691	0.865352024591647	0.359299675304625	0.462975653928504
TGME49_chrXII:6710672:6711138:clu_2927_NA	0.418235471954204	4.90834574669292	0.857083583921391	0.36158206576046	0.465751526945171
TGME49_chrVIIa:2041597:2042015:clu_958_NA	0.297018324755881	5.7867303164945	0.855500836373132	0.362013738238227	0.466142379913551
TGME49_chrX:3318334:3319164:clu_2102_NA	0.3387228854446	5.43771416704167	0.85281745507255	0.36275881004918	0.466936357835966
TGME49_chrXII:734334:735179:clu_2639_NA	-0.215701002178404	6.5489867540978	0.851859093825013	0.363023178569747	0.467111240389745
TGME49_chrV:1138882:1139154:clu_592_NA	-0.205536204329068	6.55475513656255	0.850218044238185	0.363479730024162	0.467339170121132
TGME49_chrIb:1905270:1905841:clu_191_NA	0.281320221959858	5.97893653937829	0.84987585843236	0.36357552018887	0.467339170121132
TGME49_chrXII:3368800:3369119:clu_2758_NA	0.378080946386922	5.14385688231937	0.84985019958545	0.363586017359714	0.467339170121132
TGME49_chrIV:715442:716360:clu_463_NA	-0.0725529189610622	10.26061386904	0.849220159002225	0.363757409525966	0.467394197110953
TGME49_chrIa:1273393:1273959:clu_56_NA	-0.311222692182638	5.60893825939554	0.848391587564385	0.363990134484172	0.467527964257939
TGME49_chrIb:1107807:1108668:clu_157_NA	-0.256065990206494	5.99684652342313	0.838131516959922	0.366868138903915	0.47104039304811
TGME49_chrXII:685842:686524:clu_2636_NA	-0.286918510427656	5.7975983321292	0.837722642378711	0.366983877059765	0.47104039304811
TGME49_chrIX:1050383:1050991:clu_1729_NA	-0.386380785173403	5.17370073788809	0.832032302032439	0.368598077217259	0.47294529145243
TGME49_chrX:2939071:2939614:clu_2084_NA	-0.35636259100402	5.191221484343	0.825360148617853	0.370500226606219	0.475218180562317
TGME49_chrIX:982839:983564:clu_1726_NA	0.106551150966948	8.73215116720938	0.822140411610348	0.371419533258049	0.476097897795085
TGME49_chrXII:414079:414347:clu_2619_NA	0.445401815911018	4.77411699395133	0.822075130441566	0.371448043506702	0.476097897795085
TGME49_chrXI:5757592:5758346:clu_2522_NA	0.146959540909245	7.62519571804413	0.821544484765008	0.371590779414141	0.476112965516533
TGME49_chrIV:1658527:1659335:clu_501_NA	0.0899876312837732	9.18549375303711	0.812561643609456	0.374185239003659	0.479268267716103
TGME49_chrVIII:6182508:6183052:clu_1604_NA	-0.233044685736601	6.23731430145334	0.809240726465373	0.375151551445922	0.480307406534683
TGME49_chrII:772443:772819:clu_227_NA	0.52666652007864	4.46199920510047	0.808925200734731	0.375260807306328	0.480307406534683
KE139822:33507:33691:clu_2986_NA	0.29168228781594	5.85237337989222	0.807124388857623	0.375769365873828	0.480789033773799
TGME49_chrVIII:6800773:6801466:clu_1641_NA	0.295470802353322	5.66927315876189	0.803625681987916	0.376793555797217	0.481929829459143
TGME49_chrVIIa:3752127:3752565:clu_1032_NA	0.158630565975335	7.42987912034594	0.802653275255567	0.377077544489367	0.482123416890203
TGME49_chrVIII:918842:919218:clu_1376_NA	-0.194329073834421	6.86648775927833	0.801556981298181	0.377399651993247	0.482365588957614
TGME49_chrVIIb:4950626:4951400:clu_1330_NA	-0.403246134760241	4.79618677708499	0.796647239715712	0.37885575484981	0.484056474122692
TGME49_chrIa:257487:258070:clu_13_NA	-0.271669223042495	5.80666397878146	0.795578562001837	0.379163467817098	0.484279411635682
TGME49_chrIX:4133028:4133724:clu_1871_NA	-0.450693140390907	4.60398400816963	0.793012756465054	0.379937281041401	0.485097301224268
TGME49_chrIb:1145173:1145305:clu_158_NA	0.48603979182938	4.43732297212895	0.790377505249004	0.380724181798873	0.485772582188138
TGME49_chrVIIb:782774:783654:clu_1118_NA	-0.278106374706041	5.77408499012241	0.790288491665015	0.380733448873179	0.485772582188138
TGME49_chrV:9913:495932:clu_545_NA	-0.146064485559468	7.41086186471537	0.789799466552006	0.380877975722375	0.485786470789766
TGME49_chrXII:1733154:1733813:clu_2677_NA	-0.390208985399974	4.85514019872611	0.78731420804458	0.381627191944145	0.486571323296025
TGME49_chrVIIa:4123234:4124226:clu_1055_NA	0.126303852407354	7.93372983676126	0.784143710473985	0.382567778985578	0.487599535979165
TGME49_chrII:1437502:1437807:clu_274_NA	0.247875627732864	6.3216149387603	0.783266018340434	0.382831406932346	0.487764516017903
TGME49_chrIII:938799:939577:clu_373_NA	0.21915877514655	6.4414666790752	0.782615889685333	0.383026470876964	0.487842053832433
TGME49_chrVIIa:1484031:1484524:clu_918_NA	0.384776929166416	5.31605592919369	0.778908074215776	0.384144556836232	0.48909473348501
TGME49_chrIa:525795:526201:clu_26_NA	-0.42021059039989	4.55980430694403	0.776924456837235	0.384756374842434	0.489702178764793
TGME49_chrII:1818516:1819945:clu_297_NA	0.446812207783036	4.69352215682257	0.771670305728899	0.386344695018653	0.491551615818272
TGME49_chrIb:1558919:1559667:clu_173_NA	0.28200839170289	5.88090834847226	0.771181662890111	0.386482977996954	0.491555502105993
TGME49_chrV:2660675:2661122:clu_654_NA	0.273440677001335	5.94148608317838	0.770727624876985	0.386621052956048	0.491559121194555
TGME49_chrX:3951132:3951604:clu_2130_NA	-0.242420945445551	6.14601985593364	0.769539699113689	0.386982668104972	0.491846852643907
TGME49_chrVI:462671:463607:clu_700_NA	-0.35093891783995	5.06655748067531	0.766785844315895	0.387827581321354	0.492647457804971
TGME49_chrX:5993841:5994219:clu_2220_NA	0.162602599117858	7.35173267086217	0.76658725373291	0.387883638029663	0.492647457804971
TGME49_chrXII:5083543:5084061:clu_2847_NA	-0.299937431167897	5.41304085961464	0.763233562583386	0.388913499619654	0.493691251297687
TGME49_chrVIIa:2966711:2967774:clu_997_NA	0.446392195937755	4.60533851847424	0.763062824709459	0.388977095933033	0.493691251297687
TGME49_chrII:165729:166026:clu_203_NA	0.246745497142488	6.41575793318947	0.762090758204901	0.389262773062286	0.493881389208171
TGME49_chrVIII:4492437:4493028:clu_1522_NA	0.310639604703911	5.51161897237487	0.761079174504525	0.389575376641863	0.494105545740814
TGME49_chrVIII:6582393:6583181:clu_1626_NA	0.305113967819919	5.46259641907081	0.758558400656288	0.390352603247087	0.494918630206893
KE139437:988:2674:clu_2966_NA	0.310458721649844	5.51040660792128	0.756961094119005	0.390845997514955	0.495371408984261
TGME49_chrXII:733659:734242:clu_2638_NA	0.241597680673751	6.24147663263878	0.756396722534862	0.391019317666763	0.495418340787272
TGME49_chrVIIb:5004947:5005263:clu_1333_NA	-0.32422846517957	5.53751900458287	0.754156103422172	0.391714929476963	0.496126748658105
TGME49_chrX:902453:903030:clu_1975_NA	-0.122542699789087	7.94587074039264	0.751423320445664	0.392562549545705	0.497027122117255
TGME49_chrII:1289778:1290391:clu_257_NA	0.284796656641224	5.88400709496064	0.750818111449108	0.392751883593008	0.497093696678477
TGME49_chrVIIa:3932528:3932802:clu_1050_NA	-0.127473704635329	7.95678201971386	0.742952149035067	0.395212687268992	0.500034151835289
TGME49_chrXI:142493:143356:clu_2302_NA	0.179876635232085	6.8888596864464	0.737930965336916	0.396796181156259	0.501862950070634
TGME49_chrXII:6875152:6875702:clu_2933_NA	0.204493049064415	6.6791978272419	0.736977803791822	0.397097868527043	0.50206982681593
TGME49_chrX:5660459:5661648:clu_2201_NA	0.139643602752971	7.52218835504005	0.736041551686032	0.39739429579191	0.502269911405978
TGME49_chrIa:1291672:1292389:clu_60_NA	-0.378741872942909	4.91065795028297	0.73497046643918	0.397740738364353	0.502533049688712
TGME49_chrXII:1901138:1901758:clu_2692_NA	0.100637417719392	8.7486123907283	0.730558910533667	0.399137760048654	0.504122917921076
TGME49_chrII:32345:32874:clu_193_NA	-0.218386202108322	6.28745726009767	0.728052081614247	0.399939186562908	0.504959688487729
TGME49_chrIa:526028:526401:clu_26_NA	-0.40387198464305	4.79416922345352	0.72759605394871	0.400093656796639	0.504979320297147
TGME49_chrVIII:3600716:3601070:clu_1491_NA	-0.144247507117347	7.44178061867279	0.726135051036598	0.400552944755239	0.505383531477019
TGME49_chrVI:2447401:2447763:clu_796_NA	0.187651729350238	6.79200601840885	0.723928083793563	0.401261848280705	0.506102296495615
TGME49_chrIb:897740:898255:clu_150_NA	0.135720875399777	7.65463880634	0.722559639496179	0.401702105876543	0.506481843517598
TGME49_chrXII:579865:580004:clu_2628_NA	0.0983849704412384	8.64138969121943	0.720805998657745	0.40226751459586	0.506962040064785
TGME49_chrXII:4061708:4062422:clu_2794_NA	0.207107473483358	6.45547102685705	0.720514663488449	0.402361894246741	0.506962040064785
TGME49_chrXII:3996487:3997186:clu_2787_NA	0.299079746803816	5.67162450705385	0.718561849184752	0.402994115747263	0.507582678704539
TGME49_chrIX:2053715:2054067:clu_1764_NA	0.261375879233483	5.99867493679071	0.717331499075998	0.403392051921539	0.507907900496984
TGME49_chrIa:1292474:1292914:clu_60_NA	0.39040133531142	4.89043856565029	0.709021846954466	0.406105015902041	0.511146721885013
TGME49_chrVIIb:2171737:2172025:clu_1194_NA	-0.224452450769111	6.06398689634521	0.705020395911073	0.407412090116839	0.512614381299657
TGME49_chrIb:896806:897290:clu_148_NA	0.141557922243352	7.48249743671976	0.698910010135651	0.40942919265786	0.514974088343018
TGME49_chrXII:106991:107625:clu_2585_NA	0.346673976264253	5.34288360934933	0.697998768265541	0.409733708949774	0.515111076643446
TGME49_chrXII:6246336:6246917:clu_2901_NA	-0.211328883598634	6.2698701568962	0.69772830861516	0.409821522325405	0.515111076643446
TGME49_chrX:5466817:5467138:clu_2188_NA	0.200024513951805	6.53799481193819	0.697039543153871	0.410050065354614	0.515220182358805
TGME49_chrVI:3085168:3085920:clu_825_NA	0.341068988639207	5.23420388411435	0.682314235700876	0.414988876361973	0.521245530606694
TGME49_chrV:2335239:2336225:clu_644_NA	-0.402241158412946	4.94771491162659	0.678930618259756	0.416138873143452	0.522365359188639
TGME49_chrVIIb:3350829:3351781:clu_1259_NA	-0.097857698789333	8.51392354780602	0.678827683363526	0.416167834995956	0.522365359188639
TGME49_chrX:1648245:1649088:clu_2008_NA	0.155464086888683	7.21465328303958	0.675649042466056	0.417249942211525	0.52343681666315
TGME49_chrIa:572225:572519:clu_31_NA	-0.178968148451065	6.77648601776676	0.675058094423261	0.417451671623407	0.52343681666315
TGME49_chrVIIb:937138:937713:clu_1141_NA	-0.24669715171928	6.05153573663596	0.675054167823615	0.417453461212235	0.52343681666315
TGME49_chrVIIb:1566882:1567257:clu_1163_NA	0.127618550049927	8.14058505764606	0.671268876772163	0.418747907878848	0.52487884315159
TGME49_chrXII:6574886:6575183:clu_2921_NA	-0.27450609804994	5.62829279018119	0.669597588517212	0.419323009381169	0.525359582378415
TGME49_chrVIIb:2848801:2849486:clu_1232_NA	-0.270892156574596	5.50044344448885	0.669236110170799	0.419447621285977	0.525359582378415
TGME49_chrXII:4948753:4949555:clu_2834_NA	0.0989127483654849	8.45892862840016	0.668889736268156	0.419565025486806	0.525359582378415
TGME49_chrX:4417254:4417524:clu_2151_NA	-0.212046945191606	6.24971887092677	0.665424087654551	0.420760131983698	0.526370845649634
TGME49_chrXII:4771926:4772239:clu_2824_NA	0.21692214022476	6.24990114447772	0.665355367845768	0.420783864013607	0.526370845649634
TGME49_chrIII:1359768:1360156:clu_397_NA	-0.163795503460794	7.02749632274015	0.665287329324765	0.420807063949886	0.526370845649634
TGME49_chrVIIb:802876:803737:clu_1124_NA	0.121461260869586	7.87637621845575	0.663265975151262	0.42150626710082	0.526983248469916
TGME49_chrVIII:6182630:6183052:clu_1604_NA	0.368770805023912	5.01373757247022	0.662912243980407	0.421633664545056	0.526983248469916
TGME49_chrXI:1853525:1853702:clu_2362_NA	-0.330619952907296	5.03204174598965	0.662629326999026	0.421731573534796	0.526983248469916
TGME49_chrX:2489664:2490276:clu_2071_NA	0.342901335274793	4.99642809054663	0.659094912709546	0.422959909364038	0.528336519085319
TGME49_chrIII:1553983:1554851:clu_402_NA	-0.274117687120139	5.46414003409879	0.658504168215608	0.423162543329392	0.52840805393416
TGME49_chrXII:1899866:1900447:clu_2691_NA	-0.0998395363773994	8.36816871269935	0.657526127151613	0.423501773850215	0.528650050805471
TGME49_chrVIIb:803977:804544:clu_1125_NA	-0.106039171935961	8.22443742797903	0.656517686045689	0.42385386911929	0.528907934860494
TGME49_chrV:2097842:2098780:clu_641_NA	-0.189383886958656	6.45936331607687	0.654201188594824	0.424664676917611	0.529737851954536
TGME49_chrIV:1165482:1165904:clu_475_NA	-0.226329316879872	6.06291126984851	0.65327468412478	0.424989811456434	0.529961565915657
KE138874:1084:1441:clu_2953_NA	0.217503195182883	6.30123885399335	0.65181315020294	0.425502794234109	0.530419292538061
TGME49_chrX:3445331:3445805:clu_2106_NA	0.189283810878366	6.81178240938007	0.649388300567375	0.426356131711663	0.531157857402331
TGME49_chrVIIa:459952:460670:clu_867_NA	0.138537872370186	7.40434434908547	0.649298956585762	0.426387517991747	0.531157857402331
TGME49_chrIX:5337506:5338498:clu_1907_NA	0.141799069142631	7.69317892036468	0.647109571654107	0.427160521212771	0.531938504490724
TGME49_chrVIIa:536691:537147:clu_878_NA	0.293724210168265	5.36014179513312	0.646149662802985	0.427502273005658	0.532181767936838
TGME49_chrVIII:3921937:3922320:clu_1499_NA	0.228564872928696	6.06727703552188	0.640193544627356	0.429617284769267	0.534631574849807
TGME49_chrIX:3185586:3186393:clu_1813_NA	-0.123949609962483	7.74357291621041	0.63938504326759	0.429905288711346	0.534806887223047
TGME49_chrII:1835462:1835764:clu_301_NA	-0.0937268310859776	8.51593358796077	0.638070357338393	0.430375134439836	0.535208215425523
TGME49_chrXII:4802417:4802637:clu_2827_NA	-0.176607967982067	6.57252128532453	0.635410266438222	0.431328547680223	0.536210420936255
TGME49_chrIII:500178:502235:clu_357_NA	-0.136174564493087	7.38959877853026	0.63221421338923	0.432477899357741	0.537455440740304
TGME49_chrIX:1597419:1598523:clu_1751_NA	0.232135710835367	6.03868175092118	0.630237611444689	0.433191768871286	0.538158605552674
TGME49_chrVIII:610898:611564:clu_1360_NA	0.30318117840888	5.26440539173765	0.629796302264543	0.433353301242472	0.538175350193504
TGME49_chrXII:5351475:5352184:clu_2865_NA	-0.362551109780532	4.650034318302	0.627640710162335	0.434142423750927	0.538971212545976
TGME49_chrVIIa:2515696:2515725:clu_983_NA	0.205745015247248	6.41088077231316	0.626864812251473	0.43441291582734	0.539105814326605
TGME49_chrV:500948:501651:clu_568_NA	-0.426057023710922	4.36005866274763	0.626434334392571	0.434588766794874	0.539105814326605
TGME49_chrVIIb:3408628:3409255:clu_1266_NA	-0.0831790570731765	8.99643271944308	0.625964819548579	0.434739418053004	0.539105814326605
TGME49_chrV:2496566:2497294:clu_647_NA	0.0931870997141252	8.67659941937045	0.62567683728857	0.434844084623276	0.539105814326605
TGME49_chrVIIb:3336288:3336523:clu_1257_NA	0.26394905277901	5.64797593685675	0.624653156512149	0.43521766077953	0.53929168584902
TGME49_chrVIIa:3862397:3862551:clu_1037_NA	0.0809137586351373	8.99984866307052	0.624449069685285	0.435290730751314	0.53929168584902
TGME49_chrV:1000434:1001303:clu_586_NA	-0.202228246039116	6.19110797583566	0.622450791904934	0.436019701771297	0.54001077204043
TGME49_chrVIII:2232640:2232798:clu_1425_NA	0.165043302431889	6.82988172421494	0.621689931920707	0.436297272942318	0.540170499708899
TGME49_chrXII:2523517:2524345:clu_2726_NA	0.362811350635931	4.87380185041139	0.62104251635756	0.436540251886453	0.540287305279965
TGME49_chrX:4247829:4248248:clu_2140_NA	0.256355158914443	5.96221343125528	0.617453643006449	0.43785004312155	0.541609402013637
TGME49_chrVI:1681323:1681824:clu_756_NA	0.202784162870051	6.78765460640133	0.617298687976834	0.437906473870173	0.541609402013637
TGME49_chrII:1469698:1470060:clu_280_NA	-0.13385764188495	7.80452123630725	0.616503043196792	0.438198882848447	0.541786713997994
TGME49_chrIa:404215:404866:clu_17_NA	0.381573061109526	4.73396899459681	0.61520798356976	0.438684627047306	0.54217163157601
TGME49_chrVIII:21418:21621:clu_1339_NA	0.0908968862508047	8.63047932572926	0.614847722631811	0.438808511718465	0.54217163157601
TGME49_chrV:2836564:2838040:clu_664_NA	0.409861482077066	4.58345286009521	0.614262877169049	0.439036556361409	0.542269073181692
TGME49_chrX:2227530:2227878:clu_2047_NA	0.274939105615466	5.61598873766208	0.612330636743874	0.439739393909764	0.542952682358014
KE141018:855:1201:clu_3008_NA	-0.147461219069879	7.06397982232693	0.611336135771498	0.44010636330628	0.543221266763439
TGME49_chrVIIa:527331:528035:clu_877_NA	-0.362631109744516	4.65031991228308	0.608184131224936	0.441287328909183	0.544380350400249
TGME49_chrX:5120508:5121379:clu_2175_NA	-0.340843734375614	4.77474123083072	0.607948614701687	0.441372112952716	0.544380350400249
TGME49_chrXII:35016:35200:clu_2573_NA	-0.378968612227498	4.75480821846307	0.607620605232875	0.441494710585952	0.544380350400249
TGME49_chrVI:787787:788647:clu_708_NA	-0.244661594076753	5.79550558897625	0.606044373371164	0.442074230864486	0.544910081109667
TGME49_chrXI:6216513:6217303:clu_2551_NA	-0.145145175642232	7.13604458760048	0.604874936293873	0.442509972395567	0.545095334797081
TGME49_chrVIII:927045:927357:clu_1378_NA	-0.313967110231319	4.94570693708716	0.604850474699034	0.442524438235539	0.545095334797081
TGME49_chrVIIa:3887154:3887548:clu_1038_NA	0.447773097251255	4.51439827944064	0.603975904723732	0.442859912181721	0.545154251391362
TGME49_chrX:910357:910542:clu_1977_NA	0.111808423866807	7.91628044313508	0.603905745820767	0.442872215779557	0.545154251391362
TGME49_chrVIIb:3335714:3336118:clu_1257_NA	0.237771656862032	5.85091061671197	0.603381401557463	0.443069245573089	0.545212155605341
TGME49_chrX:4799245:4799679:clu_2160_NA	-0.209208992755904	6.0507399870767	0.601601265659817	0.443736211400906	0.545620222316347
TGME49_chrVIIb:806736:807247:clu_1127_NA	-0.105063525137225	8.22238101013051	0.601316419638879	0.443842529092625	0.545620222316347
TGME49_chrIX:5107759:5108390:clu_1900_NA	-0.2477955368805	5.70642630679488	0.601296313139578	0.443851168470272	0.545620222316347
TGME49_chrIX:4289847:4291176:clu_1872_NA	-0.130247624118942	7.50439852927797	0.598878838603031	0.4447591027147	0.546551500462453
TGME49_chrXI:1907361:1908213:clu_2366_NA	0.062600617630239	10.0617581797489	0.597760617722881	0.445180488816182	0.546884446382839
TGME49_chrIII:1476322:1476570:clu_400_NA	-0.350418612205638	4.71487611090473	0.596498796241979	0.445666287914455	0.547296269111164
TGME49_chrVIII:2056561:2057061:clu_1411_NA	0.309262792962342	5.31926283831588	0.595974419385507	0.445857312254805	0.54734594057623
TGME49_chrXI:6192051:6192743:clu_2549_NA	0.192344874626011	6.33108290917432	0.594142504400033	0.446548880472722	0.54800985162672
TGME49_chrVIIb:597056:597811:clu_1108_NA	0.276789538925894	5.61670997103565	0.592396596687294	0.447212300648085	0.548638782604046
TGME49_chrXI:3913709:3914010:clu_2436_NA	0.0934511274668257	8.53144948344956	0.587273866319059	0.449164005452805	0.550847219912599
TGME49_chrIb:1573657:1574309:clu_177_NA	0.361135120527112	4.87148299580573	0.586047596507763	0.449639805561217	0.55124475319225
TGME49_chrIX:3744571:3744890:clu_1856_NA	0.411781111574339	4.67025649220821	0.583695833089865	0.450546157599483	0.552169684043871
TGME49_chrX:5988074:5988579:clu_2219_NA	0.0691886283246668	9.59364094240782	0.582163512544723	0.451125814695061	0.552522331885678
TGME49_chrVIIb:581949:582438:clu_1106_NA	0.168575896565776	6.71031711521011	0.582132682220467	0.45113790399909	0.552522331885678
TGME49_chrVI:1526832:1527222:clu_752_NA	-0.182242164190594	6.42530380488703	0.581680018877271	0.451312461047728	0.552549948099863
TGME49_chrV:2560525:2561651:clu_649_NA	0.311857968717717	5.16016335271514	0.581163595774366	0.451514455406698	0.552611126398434
TGME49_chrXII:1308801:1309186:clu_2660_NA	-0.0612884480075116	9.89118829119864	0.577990016128381	0.452738169690633	0.553922331479452
TGME49_chrVIIa:3060337:3061000:clu_1005_NA	0.264478404845317	5.65020775537863	0.576670812534766	0.453250925945948	0.554363094149905
TGME49_chrVIIa:3671920:3672136:clu_1029_NA	0.2135838250815	6.05552785853872	0.57500085265204	0.453899246897631	0.554969311292597
TGME49_chrIa:526287:526401:clu_26_NA	0.100985364320797	8.18627502514255	0.57446527554603	0.454107128905345	0.555012654800129
TGME49_chrVI:1334460:1334657:clu_742_NA	-0.100318766985919	8.29432336415416	0.574123881098281	0.454240068233943	0.555012654800129
TGME49_chrIX:928073:928402:clu_1721_NA	0.257458862055771	5.68429391968997	0.572733814814619	0.454783095220116	0.555489432501721
TGME49_chrXII:4052403:4053053:clu_2792_NA	0.171228872358378	6.55837749121066	0.569700577464185	0.455968460392464	0.556750202729797
TGME49_chrII:1800870:1801468:clu_295_NA	0.203665207657926	6.4978515100682	0.568832726735372	0.456308791753811	0.55697866286941
TGME49_chrX:4998433:4998768:clu_2169_NA	-0.286494820819616	5.14610541407533	0.567846481279789	0.456699018064747	0.557267851851412
TGME49_chrVIIa:493491:493788:clu_873_NA	-0.0882896298212643	8.50583088934231	0.566690279319544	0.457150387084434	0.557631428540912
TGME49_chrXI:5154977:5155479:clu_2500_NA	0.125950683957581	7.69532768877648	0.566276569061041	0.457313267611003	0.557642981471316
TGME49_chrXI:1983353:1983980:clu_2370_NA	0.273501338512128	5.486041319697	0.564142039993337	0.458156525507491	0.558483893433846
TGME49_chrXII:3122588:3123112:clu_2744_NA	0.221367935814771	6.03342842218681	0.563074183653457	0.458577579768233	0.558809756103764
TGME49_chrXII:2056451:2056600:clu_2702_NA	-0.447471104257982	4.2778682070737	0.562632795869399	0.458772502303205	0.55885993494375
TGME49_chrVIIa:54428:54809:clu_857_NA	0.273334943614292	5.34591133004098	0.560561760601961	0.459574499140179	0.559640391740567
TGME49_chrIa:493876:494238:clu_22_NA	-0.167280550221772	6.85726559357046	0.560187708788831	0.459721103091426	0.559640391740567
TGME49_chrVIII:6189573:6190143:clu_1606_NA	-0.110656755829269	8.15616388843543	0.558988030432918	0.460197764647843	0.560033101605259
TGME49_chrV:1083423:1084380:clu_590_NA	-0.391683409069092	4.51137921255895	0.558383517243811	0.460452558267274	0.560155638989806
TGME49_chrIX:909006:909537:clu_1719_NA	-0.258452537605525	5.40096391088673	0.556473969486152	0.461201436649307	0.560878963606634
TGME49_chrIa:505189:505665:clu_23_NA	0.226597807306992	5.77428800280769	0.546308478856475	0.465287611505408	0.565659019338514
TGME49_chrVIIb:4608384:4609047:clu_1320_NA	-0.194291389063302	6.12996450851117	0.544804163141014	0.465897055052117	0.566210563395001
TGME49_chrXII:262239:262824:clu_2603_NA	-0.173949664946519	6.39371829412694	0.534808594848944	0.469982544443039	0.570984809174615
TGME49_chrVIIa:3928727:3929150:clu_1046_NA	-0.0817574627806792	8.72875394879464	0.534145783342481	0.470255236271376	0.571125220129118
TGME49_chrIV:2082725:2083194:clu_515_NA	0.185072650740798	6.58998130714312	0.53117844290838	0.471480874030758	0.57242250404202
TGME49_chrVIIb:428986:430006:clu_1097_NA	-0.067640910338984	9.78610951591518	0.528066924032731	0.472771258828043	0.573797504454069
TGME49_chrVIII:2599974:2600349:clu_1443_NA	-0.142077713494858	7.04297345180549	0.52694327718708	0.473238905484387	0.57417337164077
TGME49_chrIII:1420498:1420830:clu_398_NA	0.0750424085565271	8.9656628864526	0.526413698548167	0.473459394511062	0.574249215564801
TGME49_chrVIIb:3404852:3405328:clu_1263_NA	0.0432549928526672	12.0412954812617	0.523000443529569	0.474885328448325	0.575435203382303
TGME49_chrVI:1238410:1238637:clu_734_NA	0.158563732393933	6.66614707191846	0.522947782633008	0.474907601699151	0.575435203382303
TGME49_chrVIIb:3407970:3408227:clu_1265_NA	-0.0786552984870504	9.12062050333549	0.522936481862651	0.474912134840965	0.575435203382303
TGME49_chrIII:1189321:1189705:clu_387_NA	0.177317625558912	6.82290021809011	0.520846702258958	0.475788941636039	0.576305499115962
TGME49_chrXI:5671463:5672414:clu_2516_NA	0.222666719024711	6.22801456226516	0.52012570786984	0.476092261176201	0.576480802590103
TGME49_chrIa:1432376:1432937:clu_75_NA	-0.116132748671252	7.63488211360632	0.516704873122548	0.477534261032073	0.578034311971889
TGME49_chrV:497385:497930:clu_566_NA	0.0767344200864228	8.97752133457297	0.515163942195196	0.478186322058634	0.578630919002375
TGME49_chrVIII:6393991:6394451:clu_1616_NA	-0.282362480328038	5.35118942069573	0.512011830140587	0.479526885314521	0.580059976079296
TGME49_chrVIIb:2401166:2401370:clu_1208_NA	-0.271885401127137	5.2786384714121	0.511479545259913	0.479753846465344	0.580141461045084
TGME49_chrVIIb:3808051:3808540:clu_1279_NA	-0.203122149323477	5.92842068912949	0.510056767421424	0.480358939829333	0.580679995437189
TGME49_chrXI:197722:197992:clu_2306_NA	-0.219235407637953	5.66140036950018	0.508404543117135	0.481065530744451	0.581340825883006
TGME49_chrVIIb:473329:474910:clu_1099_NA	0.120208714838606	7.80014300977161	0.506206373212041	0.482006705928578	0.582284604868854
TGME49_chrVI:908345:908790:clu_715_NA	-0.175535474804055	6.50431619485729	0.505702554848519	0.482223331083094	0.5823527602947
TGME49_chrXI:5881023:5881672:clu_2527_NA	-0.107505990714145	7.72314337657399	0.502914064465858	0.48342374122166	0.583608535151356
TGME49_chrXII:2565165:2573603:clu_2730_NA	-0.124201279820636	7.35522088786741	0.501197992505807	0.48416516895399	0.584309558149985
TGME49_chrX:7266520:7267179:clu_2279_NA	0.332594760194446	4.8542791463684	0.499150471023804	0.485058122041901	0.58510700714357
TGME49_chrVIIa:2998054:2998693:clu_998_NA	0.112999498510754	7.62986666997303	0.498930097322382	0.485147873323444	0.58510700714357
TGME49_chrVIII:4781247:4781923:clu_1537_NA	-0.204440839760537	5.95328615701257	0.498228340154243	0.4854532457313	0.585281110525133
TGME49_chrVIIa:739382:741087:clu_885_NA	-0.173499007583971	6.33538227210203	0.496240140871005	0.486318169489888	0.586129491411055
TGME49_chrX:2612385:2613246:clu_2075_NA	-0.301106053827581	5.04675651730112	0.493065916545957	0.487708406886901	0.587610228383787
TGME49_chrXI:3912613:3913615:clu_2436_NA	0.0865235976403137	8.56963094981343	0.491804389324258	0.488257632704798	0.588077036077515
TGME49_chrX:6273538:6273959:clu_2240_NA	0.371858652679539	4.56073203672243	0.491268066320832	0.488504363553572	0.588179318157415
TGME49_chrII:1994781:1995209:clu_305_NA	0.220879288175234	5.90627558127179	0.489790126550231	0.489143485523867	0.588753831085846
TGME49_chrXII:1601213:1601555:clu_2671_NA	0.132891293411737	7.18478796359724	0.488057240892655	0.489906621083551	0.589477182270343
TGME49_chrIa:48197:48712:clu_5_NA	0.336093028226891	4.92577290632349	0.487497100099199	0.490158770485545	0.589585417179005
TGME49_chrXI:197369:197668:clu_2306_NA	0.220859678159285	5.7352401918939	0.485995325392237	0.49081880498815	0.590184041062496
TGME49_chrVI:1334164:1334353:clu_742_NA	-0.0905149204408578	8.74980253620943	0.480523008115666	0.493250771576854	0.59291222046358
TGME49_chrXII:436132:436433:clu_2621_NA	-0.177910675013817	6.2273619712798	0.47932323169756	0.493787303793936	0.593177688771433
TGME49_chrVIII:4988083:4988120:clu_1545_NA	-0.289326760715305	4.90880974689136	0.478969836350953	0.49395016487726	0.593177688771433
KE138874:1839:2173:clu_2953_NA	-0.22780708466497	5.74708280292838	0.478935773040585	0.493961173015441	0.593177688771433
TGME49_chrXI:4529752:4532267:clu_2471_NA	0.28822379577275	5.14534141565321	0.477815626346875	0.494464938822338	0.59358654313712
TGME49_chrXI:1896782:1897440:clu_2365_NA	-0.100448436768495	7.9535321846803	0.476350966537736	0.495119468462919	0.594151591775946
TGME49_chrXII:5145570:5146067:clu_2851_NA	0.369753639579936	4.55834888678988	0.476057390061802	0.495262537298794	0.594151591775946
TGME49_chrVIIa:2159356:2159686:clu_964_NA	-0.206566180978931	5.89933571742204	0.475353957000025	0.495568490208794	0.59432248825766
TGME49_chrVIII:3936320:3936555:clu_1503_NA	0.168144401151447	6.59617481723773	0.474735090384405	0.495846683801576	0.594459991958683
TGME49_chrIV:664519:665011:clu_462_NA	0.150076037880324	6.8842090582448	0.474047179652092	0.496156677159695	0.594635516477248
TGME49_chrVIII:738366:738942:clu_1371_NA	0.0462973251083022	10.8786374086272	0.470408438955266	0.497802199655873	0.596411007168456
TGME49_chrVI:2172633:2173542:clu_789_NA	0.256816062088963	5.47609754295203	0.469111273269832	0.498392584560908	0.596921596335716
TGME49_chrIa:1368631:1369311:clu_66_NA	-0.324611905726626	4.88882918200177	0.467200381672347	0.499266303962109	0.597771085277426
TGME49_chrVIIb:783024:783654:clu_1118_NA	-0.0708112805888801	8.91464882874494	0.465797528828909	0.499901138603868	0.598334092467916
TGME49_chrXI:6192857:6193188:clu_2549_NA	0.214540627067086	6.05710618702007	0.464194194327076	0.500635075126176	0.598731892200908
TGME49_chrIX:3951852:3951962:clu_1867_NA	0.111980905195476	7.66442895323727	0.464114278658869	0.500671212836666	0.598731892200908
TGME49_chrVIII:22354:22560:clu_1340_NA	0.146089933548892	6.83162060780491	0.463714329896458	0.500854596629342	0.598731892200908
TGME49_chrVIIa:4361570:4362685:clu_1065_NA	0.370212124681816	4.55824455097728	0.463655585891994	0.500892347780732	0.598731892200908
TGME49_chrVIII:4659032:4659164:clu_1530_NA	-0.161820663292562	6.42006197501912	0.460432712200085	0.502362871406144	0.600292254293667
TGME49_chrXII:4049687:4050790:clu_2790_NA	0.236817657543185	5.46330072005063	0.459205479460251	0.502930067658723	0.600772525777015
TGME49_chrX:3469539:3469727:clu_2109_NA	-0.143970599856892	6.85570005953471	0.458246632055375	0.503371786715307	0.60085404426285
TGME49_chrXII:2572269:2572809:clu_2731_NA	-0.233334629492348	5.45184065438112	0.458149980698801	0.50341784521243	0.60085404426285
TGME49_chrII:1999668:2000420:clu_306_NA	-0.219153682360442	5.66061949853529	0.457644873375269	0.503651040928369	0.60085404426285
TGME49_chrXI:4457914:4458897:clu_2469_NA	-0.226298238587978	5.59219822876413	0.457581188703193	0.503680650083623	0.60085404426285
TGME49_chrX:1829428:1830070:clu_2025_NA	-0.0965557695078407	7.92773615247734	0.457267420021922	0.503824794198945	0.60085404426285
TGME49_chrV:496496:497054:clu_539_NA	0.0664895599315068	9.43436572893527	0.455875982906067	0.504469875342936	0.601347058784936
TGME49_chrX:3935461:3935857:clu_2128_NA	0.05731851003131	9.67192941845252	0.455662317193857	0.504569058952972	0.601347058784936
TGME49_chrVIIb:373004:373618:clu_1095_NA	0.175318072920895	6.36821578511707	0.455098511681964	0.504831263148118	0.601462353832648
TGME49_chrXI:2288761:2289307:clu_2382_NA	0.231842114533128	5.54610468912911	0.45192287818255	0.50631176456095	0.603028592457095
TGME49_chrXI:5607126:5607511:clu_2513_NA	0.150781231727579	6.60349749020349	0.451156996675622	0.506668720263017	0.603134369197239
TGME49_chrXI:5960425:5960819:clu_2536_NA	0.234965023592469	5.46155713250775	0.451023424378745	0.506732424629537	0.603134369197239
KE138874:11257:11751:clu_2954_NA	-0.289180910574249	4.90948395949766	0.447668878592836	0.508309421315353	0.604813337637089
TGME49_chrIV:962941:963173:clu_472_NA	0.22522360867741	5.58403909994551	0.446880326684633	0.508676742889025	0.605052343063352
TGME49_chrIa:493105:493401:clu_22_NA	0.163848544055198	6.51407858548828	0.446329482488924	0.508935376672883	0.605161954270831
TGME49_chrXII:3855930:3856366:clu_2780_NA	-0.275009302435434	5.23589876812172	0.442362746070753	0.510813318763485	0.607196341957249
TGME49_chrVIIb:2326748:2327286:clu_1206_NA	-0.217000686173663	5.75319516180549	0.43923806189142	0.512298098022941	0.608762205398297
TGME49_chrXI:2286941:2287249:clu_2380_NA	-0.168307171229017	6.27609085569093	0.437836279964474	0.512966841013063	0.609357668981204
TGME49_chrXII:1427567:1428153:clu_2667_NA	0.184055701230038	6.22650725470064	0.437443409603613	0.513154708229246	0.609381693699219
TGME49_chrVIIa:3285739:3286476:clu_1012_NA	0.173089725554002	6.16833949607553	0.436330323314716	0.513687609143241	0.609815303473443
TGME49_chrVIIb:3809578:3810409:clu_1280_NA	-0.265477334877307	5.1142847418741	0.435671465244362	0.514006076226951	0.609994151839688
TGME49_chrXII:1312568:1313119:clu_2663_NA	-0.0586098697356347	9.49117049092206	0.435115307679391	0.514269982298742	0.610108154587444
TGME49_chrV:3275078:3276497:clu_686_NA	0.362391364168025	4.4623631474317	0.428643167910559	0.517406828750844	0.613629305875797
TGME49_chrX:5247428:5247603:clu_2179_NA	0.128045425741283	7.02082920095888	0.427403521745577	0.517996656034327	0.614128455539719
TGME49_chrVI:1264076:1264603:clu_735_NA	-0.190768970854027	5.90883342120676	0.423301959636917	0.519998867350591	0.616301233394
TGME49_chrX:6338674:6339356:clu_2245_NA	0.264169897214821	5.12926538623563	0.419852216372772	0.52169537299625	0.61811039140853
TGME49_chrVI:3357449:3358220:clu_836_NA	0.363980453538375	4.46406759633654	0.419510499683857	0.521873358482148	0.618119797355037
TGME49_chrXI:1700747:1701281:clu_2355_NA	-0.201545345887365	5.67151055694369	0.418813622504727	0.522205607912452	0.61831185171393
TGME49_chrXI:1048461:1049252:clu_2339_NA	0.155118538533965	6.46497598726299	0.415085814553868	0.524050312232446	0.620294003570479
TGME49_chrV:2969320:2969742:clu_668_NA	0.0750814540355093	8.61509687517332	0.414650531046176	0.52426632905694	0.620347690794914
TGME49_chrIX:2543804:2544120:clu_1785_NA	0.241731799083962	5.37531243648888	0.413066170883828	0.525056419051452	0.621080404572739
TGME49_chrX:5643843:5644303:clu_2199_NA	0.362492925459437	4.46154308874154	0.412729793479905	0.525234775872898	0.621089268151589
TGME49_chrIa:853731:854445:clu_45_NA	0.158247853366495	6.37809142008261	0.41168187829997	0.525745751911462	0.621491319739241
TGME49_chrXII:5846296:5846715:clu_2888_NA	0.0725531172283785	8.72021217258726	0.410699478214754	0.526236639712906	0.621680473726957
TGME49_chrVIIb:1642858:1643093:clu_1173_NA	0.122719092928127	7.03076354076021	0.410677335599507	0.526247817787578	0.621680473726957
TGME49_chrV:419319:419572:clu_558_NA	0.103613746883213	7.51689473779519	0.408633915956931	0.527272090374861	0.622685692060914
TGME49_chrVIII:668120:668585:clu_1365_NA	-0.148621406867592	6.48445670031781	0.408297371584323	0.527441333110194	0.622685692060914
TGME49_chrIV:1200285:1201085:clu_478_NA	0.197365187061142	5.82546457101516	0.40657443838692	0.528308794436425	0.623507294732599
TGME49_chrVIIb:4427076:4427478:clu_1304_NA	-0.248471153510653	5.25240138599796	0.403231716368187	0.529999757681255	0.62524850858604
TGME49_chrXI:515161:516202:clu_2313_NA	-0.0603585217815837	9.30509193993495	0.402974286750577	0.530128171516417	0.62524850858604
TGME49_chrX:3472630:3472916:clu_2111_NA	0.129635447836489	7.19531645996869	0.401945291382471	0.530650571997082	0.62566163775848
TGME49_chrVIIa:3681909:3682241:clu_1031_NA	0.10488583138598	7.73457431359621	0.400704096944055	0.531281808180103	0.626074628925644
TGME49_chrXI:5902799:5903607:clu_2531_NA	0.333443505565137	4.53712129055907	0.400599940421274	0.531345317808972	0.626074628925644
TGME49_chrXI:5667547:5668241:clu_2515_NA	0.149316596769529	6.81780841882511	0.400176450884223	0.531550702984836	0.626113676393351
TGME49_chrVIII:2762461:2763547:clu_1456_NA	0.35077307625044	4.71550223515284	0.398536952623805	0.532394515431924	0.626904458566583
TGME49_chrVI:2562758:2563764:clu_799_NA	0.216076779993129	5.80276817961891	0.397438940543184	0.532949785754167	0.627355074875777
TGME49_chrIa:1028773:1029213:clu_50_NA	-0.0605620167422706	9.45367969399902	0.394948848219999	0.534227075544916	0.628655040338547
TGME49_chrVIII:4480528:4481462:clu_1520_NA	0.250325587089979	5.17602958333657	0.38306088112496	0.540409712344589	0.635724693971709
TGME49_chrVIII:5556837:5557201:clu_1569_NA	0.138643728896783	6.93876359770028	0.381003358141855	0.541490644677871	0.63679019521322
TGME49_chrIV:169100:169887:clu_445_NA	-0.308964852463024	4.48750804846436	0.379736356940308	0.542171276294435	0.637384407933464
TGME49_chrVIIa:523906:524372:clu_876_NA	-0.150836063509825	6.51991392737866	0.376394808929125	0.543931708468208	0.639247255183296
TGME49_chrVIIb:282799:283303:clu_1087_NA	0.12312697482682	7.03070725351641	0.373222230275965	0.545624029706739	0.641028877822882
TGME49_chrX:2707716:2708359:clu_2078_NA	0.130572741034316	6.80501120036611	0.372835948410981	0.545830809473174	0.641064617911143
TGME49_chrXII:4438562:4438905:clu_2811_NA	0.046726919425414	10.1341530663741	0.372091800285717	0.546229356497006	0.641325488006013
TGME49_chrX:3767121:3767620:clu_2122_NA	0.203520690254768	5.64820735405941	0.371189642469025	0.546714359149589	0.641687664032534
TGME49_chrVIII:789794:790533:clu_1374_NA	-0.162660953499335	6.30306565062821	0.36926936730809	0.547746861168376	0.642692007858956
TGME49_chrVIIb:2155202:2155643:clu_1192_NA	0.289168522749277	4.75360071377363	0.368790217455451	0.548011121033397	0.642794586949467
TGME49_chrV:499201:499833:clu_566_NA	0.268687365743879	4.81483344434298	0.366896006366374	0.549033890701386	0.643786513774045
TGME49_chrXII:5338666:5339158:clu_2861_NA	-0.297483838706626	4.56036676259115	0.365282649871329	0.549913137226277	0.644609562662857
KE138874:3483:11751:clu_2954_NA	-0.306404578691762	4.4899460558019	0.36429786187226	0.550449909100015	0.644959947500933
TGME49_chrVIII:5602843:5602951:clu_1571_NA	-0.259487258612671	4.87323511592949	0.364070571148827	0.550566909792406	0.644959947500933
TGME49_chrVIII:5898764:5899053:clu_1591_NA	0.303585607171074	4.60467320192316	0.363331933894082	0.550973054984886	0.645227788295767
TGME49_chrX:936090:936760:clu_1980_NA	-0.297608826417002	4.85191399406398	0.360680612272672	0.552418039266251	0.646711617627318
TGME49_chrVIII:43465:43727:clu_1345_NA	-0.0851857698951311	7.92202014560939	0.359864433968209	0.552860454458603	0.647021169335809
TGME49_chrVIIa:1041568:1041843:clu_893_NA	0.215390401494324	5.53498546277284	0.359410131690805	0.553110852836143	0.647105873852391
TGME49_chrXII:1886600:1886940:clu_2686_NA	-0.288146813385583	4.62850897389915	0.357567975526418	0.55413136676168	0.648091222065221
TGME49_chrVI:2503342:2503880:clu_798_NA	-0.18505531246702	5.99057379120632	0.355134582622674	0.555467375051218	0.6491151754605
TGME49_chrX:3954348:3954604:clu_2132_NA	0.0852955607329891	8.26667980675798	0.3550255855883	0.555527236330909	0.6491151754605
TGME49_chrVIII:1654154:1654403:clu_1397_NA	-0.179787569614885	5.77705128777014	0.354999116071843	0.555542588956703	0.6491151754605
TGME49_chrXII:5504817:5505459:clu_2875_NA	0.126205517792187	6.97542859315305	0.354351490980325	0.555900798785436	0.649325001152012
TGME49_chrIII:2273315:2273911:clu_427_NA	0.321141494023884	4.43788247901649	0.351150513145507	0.557692468224348	0.651208519754419
TGME49_chrVI:1315801:1315952:clu_737_NA	0.121989764842678	6.98785220455519	0.341891936417082	0.562892339251444	0.657069252787091
TGME49_chrVIII:4742585:4742763:clu_1533_NA	0.174631290589612	5.84424572568124	0.339829708978466	0.564066580289359	0.658228577641034
TGME49_chrX:2845495:2846018:clu_2081_NA	0.150590343166981	6.48278039265466	0.339088012885394	0.564489504693365	0.658486362300239
TGME49_chrIX:4558819:4559303:clu_1884_NA	-0.269413693693972	4.81319873568655	0.338816256161788	0.564649791276436	0.658486362300239
TGME49_chrVIIb:2969200:2970101:clu_1238_NA	-0.0995509833071473	7.34208111954403	0.338202498102649	0.564995571578745	0.658678288226022
TGME49_chrXI:111468:111947:clu_2296_NA	0.164485832236831	6.02446746891543	0.337140935549049	0.565603985156572	0.659176173787797
TGME49_chrIX:1230254:1231036:clu_1738_NA	0.278783447291336	4.67151965054732	0.336756056050226	0.565831401763188	0.659229854297816
TGME49_chrIX:2512649:2513418:clu_1782_NA	0.166985521796767	6.05308148002176	0.335507286221565	0.56654219068727	0.65984647970145
TGME49_chrVIIb:2830328:2830672:clu_1229_NA	0.0538876689846846	9.31311664905691	0.334324709633124	0.567222860741189	0.660403371915489
TGME49_chrVIII:2218944:2219190:clu_1424_NA	-0.267057170461477	4.81507050089851	0.334054836922767	0.567383694770859	0.660403371915489
TGME49_chrIII:872505:873293:clu_369_NA	-0.111138224110215	7.13457634788563	0.33324948631905	0.56784360622799	0.660628438655291
TGME49_chrVI:1014985:1015905:clu_730_NA	0.16308882744231	6.26218907609327	0.333082132700283	0.567940542172706	0.660628438655291
TGME49_chrIa:1288830:1289304:clu_58_NA	0.224524358818943	5.15930703512984	0.331465802701638	0.568878335712885	0.661507597669973
TGME49_chrIX:3772387:3772696:clu_1857_NA	0.108002736861167	7.21922107188733	0.327924032841478	0.57093758190009	0.66368983377257
TGME49_chrIX:1129587:1129942:clu_1736_NA	0.280087909147691	4.67221745748529	0.326221878938154	0.571940457931467	0.664600427018651
TGME49_chrVIII:3049555:3050037:clu_1469_NA	-0.0551144457249583	9.31955138359085	0.32561476015626	0.572289591040048	0.664600427018651
TGME49_chrIX:245371:245564:clu_1679_NA	0.278193212329797	4.67058923577524	0.325359560041719	0.572446358460611	0.664600427018651
TGME49_chrV:3154927:3157007:clu_680_NA	0.321184273822423	4.43719056368143	0.325356750653795	0.572452252268334	0.664600427018651
TGME49_chrXII:5833294:5834299:clu_2885_NA	0.169614989794844	6.29421766020259	0.323495001249998	0.573536620371352	0.665646748100212
TGME49_chrIa:1733106:1733694:clu_95_NA	0.244237075591931	4.99752345136797	0.321911021869755	0.574474718703595	0.666522694697596
TGME49_chrVIIa:3379618:3380339:clu_1019_NA	0.210505728556885	5.30647723575254	0.320024260166751	0.575591067658396	0.667604827995618
TGME49_chrX:553533:553998:clu_1962_NA	0.11038171265608	7.10433337169293	0.317293198446003	0.577215535131764	0.669264962288708
TGME49_chrX:4998433:5002532:clu_2169_NA	-0.109059224815762	7.18388223838403	0.317000022590511	0.577390624962142	0.669264962288708
TGME49_chrIV:1252996:1253135:clu_484_NA	-0.184080313361868	5.65087795979554	0.315960850188368	0.578012883020934	0.669772658521229
TGME49_chrX:5679162:5679493:clu_2202_NA	0.161041813113804	5.96190851575075	0.314553277733122	0.578856514890076	0.67053646641983
TGME49_chrVIIb:4574266:4574974:clu_1319_NA	-0.0551849823743736	9.10594930643335	0.313970834688715	0.579206014815381	0.670727576888789
TGME49_chrVIII:4278399:4278960:clu_1514_NA	-0.0377097055214968	10.7202780154836	0.313337849749932	0.579586825262679	0.670954812047719
TGME49_chrXII:66337:66920:clu_2581_NA	-0.179094395135935	5.77786563457842	0.312295679049526	0.580215601576052	0.671468867153438
TGME49_chrVI:1691693:1691988:clu_765_NA	0.241262958593523	4.99577014106621	0.30757345141561	0.583081550902149	0.674432478397878
TGME49_chrIb:786965:787107:clu_137_NA	-0.0686380550345332	8.3783166559441	0.307460108283153	0.583147532215827	0.674432478397878
TGME49_chrVIIb:316799:317651:clu_1092_NA	0.0908930008081595	7.91773887456664	0.305519934407752	0.584332702514581	0.675588223168099
TGME49_chrIX:4742143:4742676:clu_1893_NA	0.142948761804565	6.55913800058345	0.298761368793629	0.588500283926942	0.680124637829062
TGME49_chrVIIb:5003405:5003941:clu_1331_NA	-0.198322054157134	5.36028152240911	0.298553645523404	0.588630566880393	0.680124637829062
TGME49_chrIII:335222:335801:clu_344_NA	-0.310148277915047	4.48638396910285	0.296523630784193	0.589903657945218	0.681162840817048
TGME49_chrVIII:6187822:6188429:clu_1605_NA	-0.0821592290441362	7.72346449069836	0.296507023221795	0.589903885252288	0.681162840817048
TGME49_chrII:1130541:1130714:clu_251_NA	0.195696498746112	5.52163575453277	0.293127203877398	0.592022500352638	0.683392120921512
TGME49_chrX:2845498:2846018:clu_2081_NA	0.249276451009756	4.8721836669363	0.292379819691575	0.592495997671917	0.683721571916641
TGME49_chrVIII:3601137:3601582:clu_1491_NA	-0.0948799306719803	7.51255147012369	0.289556240465311	0.594276269694901	0.685514144867729
TGME49_chrV:2698620:2699435:clu_656_NA	-0.155106992318337	6.06021263208575	0.289319757089019	0.594426570735373	0.685514144867729
TGME49_chrV:819250:819634:clu_580_NA	0.155823065572141	5.98879737940765	0.286926775546201	0.595948457948682	0.687051266934176
TGME49_chrVIIa:1741374:1741867:clu_936_NA	0.132977385516713	6.29211429376465	0.284984195268732	0.597189750928662	0.688264028099457
TGME49_chrII:1127513:1127741:clu_249_NA	0.109700180472639	6.94844052938795	0.282870255017195	0.598546785965961	0.689553870578797
TGME49_chrXII:5834355:5835270:clu_2886_NA	-0.132786132095636	6.68447262512394	0.282650471313039	0.598688312392485	0.689553870578797
TGME49_chrV:2592092:2593103:clu_651_NA	0.178748588224834	5.51184310680984	0.281899808801986	0.599172913124543	0.689893423885877
TGME49_chrXII:4036779:4037334:clu_2788_NA	-0.11052048068337	7.06111060639932	0.281602703055915	0.599363707686926	0.689894578037357
TGME49_chrIa:114090:114656:clu_8_NA	0.195941686126849	5.43557149090422	0.281209730246736	0.599618512705519	0.689969387047978
TGME49_chrXII:68868:69632:clu_2583_NA	-0.221758645324993	4.99591416336673	0.275692207905555	0.603207449026204	0.693831707008819
TGME49_chrII:1347407:1347813:clu_263_NA	-0.147563692893065	5.96261362517114	0.275460128410113	0.60335681591606	0.693831707008819
TGME49_chrIb:175390:175596:clu_110_NA	0.0922134138469258	7.38359618572027	0.275024145777718	0.603641975988114	0.693937099759721
TGME49_chrX:3470798:3471252:clu_2110_NA	0.116386574931015	6.72671744523702	0.274737022855816	0.603830274151306	0.693937099759721
TGME49_chrIb:511258:512807:clu_125_NA	0.18688648272593	5.63861997331361	0.274058055935682	0.604276498608548	0.694094243659806
TGME49_chrIX:413429:413727:clu_1682_NA	0.128345336089159	6.64504661247885	0.273946867438636	0.604348908165966	0.694094243659806
TGME49_chrVIIb:1945167:1946655:clu_1182_NA	0.158939945967099	5.83279780837271	0.273648980023109	0.604545071022578	0.694100231575197
TGME49_chrXII:5503016:5503089:clu_2873_NA	-0.131402768097377	6.19127381594661	0.271509537571906	0.605954855114251	0.695354331769714
TGME49_chrX:4993106:4998768:clu_2169_NA	0.22714711356317	5.04742786032231	0.271414452091451	0.606019951319519	0.695354331769714
TGME49_chrIX:4422257:4423179:clu_1880_NA	-0.122103342233284	6.46374416566633	0.27017704209727	0.606836538716266	0.696071574071829
TGME49_chrIX:2525640:2526313:clu_1783_NA	0.139890110554857	6.61336112624543	0.269104890757824	0.607548019189564	0.696667839039137
TGME49_chrX:2128895:2129097:clu_2037_NA	0.154611567714943	6.01739506556802	0.268589858227339	0.607890695814532	0.696840958462889
TGME49_chrXI:1896817:1897440:clu_2365_NA	0.261043385460887	4.94521533677767	0.267875288406085	0.608369371592302	0.697110580462984
TGME49_chrXII:871760:872222:clu_2645_NA	-0.0551999321146244	8.90184634918337	0.26766025433931	0.608509455793411	0.697110580462984
TGME49_chrXII:6513367:6513960:clu_2917_NA	0.178646612417583	5.4260929217557	0.263941680213213	0.611001025922425	0.699744401143042
TGME49_chrIa:1014347:1014822:clu_48_NA	-0.24850762723137	4.650259843462	0.263325401625616	0.611421414172464	0.700005304099813
TGME49_chrV:3231666:3234821:clu_681_NA	-0.209579107521153	5.14523553105565	0.262241977362077	0.612147731978882	0.700616185687417
TGME49_chrXII:639992:640646:clu_2632_NA	-0.050465407956492	9.18844795066315	0.26194905129504	0.612343626957222	0.700619793512591
TGME49_chrIII:165127:165783:clu_332_NA	-0.175503744871428	5.41203775907549	0.261152973497963	0.612883427838156	0.701016759028224
TGME49_chrIX:897690:897801:clu_1713_NA	0.178922779602593	5.59284506681225	0.260403602005348	0.613391065929898	0.701376698538905
TGME49_chrXII:287120:287617:clu_2606_NA	0.217133382781761	4.98124302694325	0.258542550825769	0.6146587610793	0.70260521903247
TGME49_chrX:4351921:4352300:clu_2148_NA	0.173053398085836	5.62883407999994	0.257909857748775	0.615088188000694	0.702875059221164
TGME49_chrVIIb:1646295:1646924:clu_1174_NA	0.201429740652334	5.14573053458618	0.255528317783237	0.616719922814556	0.704518202209589
TGME49_chrXII:1603645:1604278:clu_2674_NA	0.0924532780969829	7.36163658018697	0.254880977270687	0.617162853305017	0.704802692982638
TGME49_chrII:86947:94953:clu_197_NA	-0.176973173541256	5.33350842509112	0.249992027283188	0.620547064614973	0.70844490573977
TGME49_chrXII:1311218:1312384:clu_2663_NA	0.0509491175631629	9.12055927478823	0.247961136986264	0.621963246642218	0.709838744597947
TGME49_chrVIII:1286485:1287119:clu_1389_NA	-0.145212587607389	5.85504013431087	0.247076417403983	0.622583527938439	0.710323642202205
TGME49_chrIX:3186652:3187210:clu_1813_NA	-0.0720348333310047	7.99756168592207	0.243178751418105	0.625330210495387	0.71323354727039
TGME49_chrVI:1942047:1943584:clu_784_NA	0.0490388391329026	9.27768240062925	0.242474232723485	0.625829687776446	0.713579333459029
TGME49_chrX:4179663:4179896:clu_2138_NA	0.0514501901079834	9.21018643644054	0.238765424863241	0.628474207000064	0.716369941186965
TGME49_chrVIII:5213655:5214453:clu_1553_NA	-0.14778870854824	5.73539873176637	0.238133587510372	0.628927882718178	0.716657452069712
TGME49_chrIII:1190300:1190602:clu_388_NA	-0.112766957710697	6.759739579889	0.237864247164534	0.629120750909065	0.716657452069712
TGME49_chrXII:5066975:5067206:clu_2843_NA	-0.184650233849127	5.15928547178744	0.237146623016785	0.629638348437898	0.716836208046551
TGME49_chrXII:3584528:3585034:clu_2763_NA	0.11101444500126	6.72318333760219	0.23680315327137	0.629883851447582	0.716836208046551
TGME49_chrIb:816167:816880:clu_139_NA	0.157987019766231	5.69440205326946	0.236574603751386	0.630049009014262	0.716836208046551
TGME49_chrX:1015872:1016698:clu_1983_NA	-0.0395450902416017	10.211587470068	0.236549456945407	0.630066488227986	0.716836208046551
TGME49_chrV:1138511:1138831:clu_592_NA	-0.122082982208854	6.28425318150468	0.235189905266619	0.631048231580658	0.717728511200153
TGME49_chrXII:6317192:6317540:clu_2907_NA	-0.290728567631073	4.27888595870548	0.233152306692968	0.632538078688916	0.719197971859308
TGME49_chrIX:637744:638283:clu_1689_NA	-0.115890327566534	6.5416517189583	0.232141736694084	0.633261575891479	0.719795443516424
TGME49_chrXII:905882:906612:clu_2648_NA	-0.149581782456044	5.82359513774307	0.230480465241846	0.634475833171826	0.720950188677582
TGME49_chrVI:866350:867108:clu_711_NA	0.152544724856361	5.92525471812212	0.226552235947738	0.637367818222502	0.723990670244625
TGME49_chrXI:1415039:1415578:clu_2348_NA	0.215684776714145	4.97986325141108	0.226309294333305	0.637549968487771	0.723990670244625
TGME49_chrVIII:5897999:5898411:clu_1590_NA	0.187921644194834	5.0812577552598	0.225931045420979	0.637829680724164	0.724082101634084
TGME49_chrXI:5329819:5330322:clu_2506_NA	0.16856399151625	5.37413918241689	0.224763067009554	0.638696009769051	0.724746722541376
TGME49_chrXII:2564382:2564931:clu_2728_NA	-0.112989248174926	6.50540239503361	0.224338355650747	0.639011115624006	0.724746722541376
TGME49_chrVIII:3318185:3318813:clu_1477_NA	0.131465467226189	6.11314720269734	0.224335644663803	0.639013272557114	0.724746722541376
TGME49_chrIX:5670739:5671185:clu_1915_NA	-0.150885338977025	5.57101638232342	0.222052932223447	0.640718893516572	0.726454515886693
TGME49_chrIX:1847833:1848905:clu_1758_NA	0.17707306084792	5.33281636416214	0.219541127184934	0.642608073357902	0.72836930048518
TGME49_chrIb:214760:215012:clu_112_NA	0.200579853741646	5.03057143364882	0.217749335587041	0.643964637028043	0.729679381420491
TGME49_chrVIIa:2528165:2528620:clu_985_NA	0.158047579981505	5.93140162531631	0.216168308981395	0.645164384737528	0.730811012315648
TGME49_chrV:2710554:2710816:clu_658_NA	-0.119978678057438	6.12883351934739	0.21513680231667	0.645951174483178	0.731474305061169
TGME49_chrV:1225667:1226176:clu_605_NA	-0.0809635812222325	7.36401604512352	0.214417657022972	0.646500905924157	0.731868823741611
TGME49_chrII:1338439:1339369:clu_261_NA	0.177613739497832	5.51217656636875	0.213597344065403	0.647130425201851	0.732353392157139
TGME49_chrVIIa:3451481:3451943:clu_1024_NA	-0.104478953948328	6.5484220265865	0.211538745907499	0.648714033009651	0.733917058820442
TGME49_chrIX:3951485:3951771:clu_1867_NA	0.0714026829466307	7.76939859918139	0.211197177756727	0.648977684579135	0.733986895907017
TGME49_chrVIIb:5004029:5004468:clu_1332_NA	0.136880346968061	6.00508589274095	0.210571003616291	0.649462249625867	0.734306462640755
TGME49_chrIX:4537346:4538214:clu_1882_NA	-0.061276804932824	8.36915378425449	0.209379955926854	0.650385412476375	0.735121571626748
TGME49_chrXII:5066273:5066865:clu_2843_NA	0.214076964111909	4.97869149750212	0.209117837788112	0.650591650675641	0.735126095805395
TGME49_chrII:685931:686792:clu_225_NA	0.108802307258325	6.51618779058836	0.207034184315517	0.652213755546308	0.736729956933135
TGME49_chrIV:1200540:1201085:clu_478_NA	0.204031925060476	4.77555449249568	0.206737512011499	0.652449872796183	0.736767719047569
TGME49_chrXI:5244504:5244721:clu_2503_NA	-0.0466872051149403	9.24882683461686	0.20557199958912	0.653359536363591	0.737565812012935
TGME49_chrVIIb:2172768:2172941:clu_1195_NA	0.110504957507552	6.57616736456804	0.204555998323817	0.654158831094078	0.738238854711882
TGME49_chrVIIa:527205:528038:clu_877_NA	-0.196880046390432	4.85355281969487	0.203740668371374	0.654805232380301	0.738738988113716
TGME49_chrXI:110769:111118:clu_2296_NA	0.186771075910764	5.08088259323439	0.199716319045221	0.658000739617927	0.742113772420467
TGME49_chrVIIb:581541:581639:clu_1105_NA	0.108375900855756	6.53653209642017	0.199195805907937	0.658415238031739	0.742297544362702
TGME49_chrII:1409033:1409376:clu_269_NA	0.157438325198753	5.41238051922873	0.199000941758539	0.658572099193869	0.742297544362702
TGME49_chrIa:702984:703665:clu_41_NA	0.158552946942632	5.41308460458432	0.196597335914352	0.660504301224808	0.744244617158146
TGME49_chrVI:3550568:3550952:clu_841_NA	0.164899115681102	5.27689713027517	0.195795246607112	0.661152546115588	0.744744191239591
TGME49_chrVIIb:1452315:1452594:clu_1156_NA	-0.0928543438066664	6.72349704640018	0.194496720510113	0.662203740755491	0.745697211166732
TGME49_chrIb:538051:538932:clu_126_NA	-0.150635962455883	5.53708427446645	0.192416702742746	0.66389890964589	0.747205587165664
TGME49_chrIb:1763300:1764419:clu_185_NA	-0.0432187697472141	9.1188617292248	0.19224707709736	0.664036818358837	0.747205587165664
TGME49_chrXI:5602576:5603068:clu_2512_NA	0.237105660639433	4.79640845203034	0.192101261624124	0.664159904300485	0.747205587165664
TGME49_chrXI:3300346:3300794:clu_2422_NA	-0.121266898224305	6.07902511276514	0.190622371500415	0.665369042365954	0.748112503665755
TGME49_chrXII:5082799:5083256:clu_2844_NA	-0.110796736681511	6.50695190718036	0.190522645105607	0.66545087533494	0.748112503665755
TGME49_chrXI:4637869:4639131:clu_2480_NA	0.0790316342034856	7.38553794148087	0.190361299581898	0.665583448928488	0.748112503665755
TGME49_chrXI:4649495:4777216:clu_2484_NA	0.164358183650551	5.27620847348371	0.189616436293044	0.666198071424287	0.748571866963612
TGME49_chrXI:963385:964217:clu_2332_NA	0.228501706628049	4.56090607383296	0.188445532097773	0.66717045456167	0.749432819014732
TGME49_chrXII:3121457:3122397:clu_2744_NA	-0.0990744817167292	6.62143818343806	0.178627358255721	0.675418621911613	0.758463605390396
TGME49_chrVIII:5680788:5681353:clu_1576_NA	-0.0526688706047356	8.33588407378583	0.176592444711413	0.677162771751814	0.760187361123485
TGME49_chrVIII:5542692:5543040:clu_1566_NA	-0.0436615850134097	8.9126378532601	0.176270154354134	0.67744011119857	0.760263909912566
TGME49_chrIa:1283661:1284513:clu_57_NA	0.110348852008104	6.20405725895985	0.175571663803503	0.67804244142554	0.760705023019086
TGME49_chrVIII:1474654:1475001:clu_1393_NA	-0.0838959195003264	6.92291308652737	0.173598719271046	0.679750670464012	0.761700593778138
TGME49_chrIb:259575:260350:clu_115_NA	0.0804488810603658	7.18845746967687	0.173499132775426	0.679837180671753	0.761700593778138
TGME49_chrX:2531959:2532530:clu_2073_NA	0.152374666619161	5.4533724468587	0.173447313357383	0.679883002112625	0.761700593778138
TGME49_chrX:2056958:2057440:clu_2034_NA	0.174552545780928	5.23209149064792	0.173339884497796	0.679976870769277	0.761700593778138
TGME49_chrVI:3168265:3169188:clu_829_NA	0.142118541651466	5.75573917121106	0.173338142051453	0.679977558957375	0.761700593778138
TGME49_chrXII:3857376:3857613:clu_2782_NA	-0.228035299460285	4.38776434459608	0.172015267092996	0.681138851566634	0.762569104246791
TGME49_chrV:2609159:2609644:clu_652_NA	-0.11926328505566	6.12786285350423	0.171810785332842	0.681308932248748	0.762569104246791
TGME49_chrII:2214791:2215273:clu_314_NA	0.204756925108524	4.77516299927398	0.171723528987497	0.681388709898161	0.762569104246791
TGME49_chrXII:351125:352273:clu_2612_NA	-0.197570271550411	4.90722436505964	0.171489975589915	0.681592027427186	0.762569104246791
TGME49_chrV:10491:11031:clu_546_NA	0.158483506229833	5.41196531910863	0.17077957405276	0.682212554040428	0.763028502749833
TGME49_chrXI:4015397:4015937:clu_2440_NA	-0.202358652685648	4.79402188805772	0.167848106342525	0.68479983582255	0.765686682010141
TGME49_chrVIII:1668613:1668936:clu_1399_NA	-0.070721673117629	7.25335190901703	0.165317342147145	0.687048931493961	0.767965210941128
TGME49_chrVIIb:5022111:5022713:clu_1336_NA	-0.0479537909243865	8.85317620121569	0.164817680372504	0.687496022610399	0.76822872492739
TGME49_chrXI:1714402:1715214:clu_2357_NA	0.148472959723666	5.44968956586829	0.16388541569562	0.688333209845711	0.768900723542383
TGME49_chrXI:1950023:1950575:clu_2368_NA	0.0833745504719626	7.07271057367752	0.163550349023886	0.688633742226718	0.768900723542383
TGME49_chrXI:4711558:4712239:clu_2487_NA	-0.0994512882703906	6.32047157724706	0.163441314445881	0.688731982353233	0.768900723542383
TGME49_chrVIIb:4558409:4558809:clu_1314_NA	0.189160984580035	4.96355968015491	0.162497707657043	0.689584857059647	0.769509156616113
TGME49_chrXII:980452:980901:clu_2649_NA	-0.0481337794753495	8.59531486173701	0.162367280225511	0.689700366507647	0.769509156616113
TGME49_chrVIIb:129810:130360:clu_1080_NA	0.20725924378404	4.62931972546432	0.160659931524291	0.691252835710805	0.770782782303494
TGME49_chrXII:392787:393825:clu_2618_NA	0.186939696852123	4.69295560155312	0.16064469290116	0.691265989080988	0.770782782303494
TGME49_chrIb:81510:81857:clu_107_NA	0.107164408688613	6.25199367338621	0.160009653815837	0.691839836997869	0.771186080186217
TGME49_chrVIIb:3807127:3807785:clu_1278_NA	-0.116467902033614	5.871826207365	0.159639441935979	0.692177603873584	0.771326054592421
TGME49_chrIV:282534:282647:clu_450_NA	0.127016755453666	5.81150428710805	0.156927112992097	0.694664964056752	0.773860602006219
TGME49_chrVIIa:1851953:1852585:clu_942_NA	0.23253201989763	4.38585285345492	0.155320785801656	0.696157498105222	0.775285694121471
TGME49_chrX:1837963:1838580:clu_2027_NA	-0.131020458564835	5.5831236963228	0.154612128834184	0.696807936936724	0.775637644508321
TGME49_chrXII:330784:331083:clu_2610_NA	-0.0905591495652313	6.64490005483704	0.15451225157976	0.696900288023157	0.775637644508321
TGME49_chrV:5464:5608:clu_542_NA	0.138989104923806	5.48609711315742	0.152674059344541	0.698616272754479	0.7773095045799
TGME49_chrXI:4738768:4739311:clu_2488_NA	-0.129830560141036	5.54936715330292	0.152424074222623	0.698850402378446	0.77733207241299
TGME49_chrIX:3187305:3187570:clu_1814_NA	-0.0696408093949295	7.20813642827451	0.151597017994256	0.699626222145183	0.777956964667403
TGME49_chrVIII:3994045:3995766:clu_1505_NA	-0.160269377441728	4.98197115586391	0.14954282078752	0.701567408595249	0.779876920563831
TGME49_chrVIIb:2564798:2565314:clu_1214_NA	0.114721066212982	5.8048196586397	0.14890157060146	0.702174135141219	0.780075983677995
TGME49_chrVIII:4969089:4970249:clu_1543_NA	0.0318531773562574	9.86410365070504	0.148899510525525	0.702175685995708	0.780075983677995
TGME49_chrX:6077010:6077475:clu_2229_NA	0.224049896690632	4.55774380623792	0.147802523118163	0.703225763294981	0.781003864826537
TGME49_chrXII:6244289:6244887:clu_2900_NA	-0.130540241946239	5.6502322914748	0.147207132807225	0.703789373367417	0.781391072752156
TGME49_chrII:1162771:1163652:clu_252_NA	-0.0826590072009612	6.89495243745397	0.145539559061393	0.705388892730294	0.782927824450266
TGME49_chrVIII:6647831:6649288:clu_1629_NA	-0.048035358051924	8.38083080468442	0.145237379412139	0.705679885673538	0.782948655529502
TGME49_chrV:1972098:1972338:clu_635_NA	-0.158579425978551	5.03238522375544	0.145074842458323	0.705838444063322	0.782948655529502
TGME49_chrIII:2276596:2276899:clu_430_NA	-0.0906741110070826	6.42748659292766	0.144805003003123	0.706097088829886	0.782996619248516
TGME49_chrX:5803939:5804609:clu_2211_NA	0.0729982673604454	7.09329472049572	0.144132123935367	0.706747481135669	0.78333501844869
TGME49_chrVI:2874652:2875453:clu_811_NA	0.0497880620724979	8.48210172991718	0.143869526109307	0.707001762608857	0.78333501844869
TGME49_chrX:5437712:5437992:clu_2186_NA	-0.0723207060593388	7.24099730300806	0.143821082843181	0.707048747050936	0.78333501844869
TGME49_chrVIIb:5002866:5003115:clu_1331_NA	0.163645071465275	5.06684381469302	0.143112949413847	0.707737693684788	0.783732551253727
TGME49_chrIb:786379:786911:clu_137_NA	0.0505723255873191	8.15742218579489	0.142836815424758	0.708004551669526	0.783732551253727
TGME49_chrVIIa:2822852:2823033:clu_993_NA	-0.04809190298093	8.24124677400115	0.142785602440145	0.708054387432528	0.783732551253727
TGME49_chrVIII:1310655:1310907:clu_1390_NA	0.0832514486582916	6.82438735633625	0.142481621801036	0.708350481599935	0.783821613581663
TGME49_chrII:1673866:1674403:clu_290_NA	0.112848040401373	5.98874202363951	0.142136680754095	0.708687040713359	0.78395538435577
TGME49_chrIX:578851:579716:clu_1684_NA	-0.0827182832147504	6.64868072555609	0.138266029978469	0.712493606931097	0.787926456098125
TGME49_chrX:1545290:1545571:clu_2003_NA	-0.0902965215304071	6.40778272802867	0.137445988487257	0.713307945699355	0.78837476818151
TGME49_chrX:1391464:1392268:clu_1995_NA	0.0710460693597366	7.33442553749815	0.137118498504289	0.713633807121865	0.78837476818151
TGME49_chrIa:279531:280035:clu_15_NA	-0.0520049096410653	7.97240782795741	0.137073548919103	0.713678560231054	0.78837476818151
TGME49_chrVIIb:1754394:1754669:clu_1176_NA	-0.0394147854959784	8.98501155815483	0.136985245879829	0.713766537024856	0.78837476818151
TGME49_chrIa:683893:684565:clu_36_NA	-0.079706317057942	6.66741949112326	0.13554083066108	0.715210467249498	0.789622167759354
TGME49_chrIX:2810702:2811023:clu_1800_NA	0.0640790687529615	7.3196469172714	0.135421238350346	0.71533034344747	0.789622167759354
TGME49_chrVIII:4813580:4814144:clu_1540_NA	0.142990222313971	5.26402494873481	0.135054141884066	0.715699898188777	0.789790264091137
TGME49_chrXII:284720:285232:clu_2605_NA	-0.132719778446506	5.39892629060567	0.134672571966719	0.716083320074849	0.789973556440691
TGME49_chrVIII:6416915:6417423:clu_1619_NA	-0.0696236550122477	7.10244106329429	0.132900865865804	0.717872148382809	0.791706692770483
TGME49_chrIa:569036:569692:clu_30_NA	0.0847879950861301	6.50116608161598	0.130780365832278	0.72003203704046	0.793847878265718
TGME49_chrVI:2899778:2900605:clu_814_NA	-0.032269450062134	9.67297711663489	0.129889300789837	0.720945429473163	0.794613898160991
TGME49_chrX:4998943:5002708:clu_2170_NA	-0.131203453771951	5.23495943131631	0.128676203439197	0.722195930914508	0.795666835516698
KE139818:8725:9178:clu_2971_NA	0.0794508939639787	6.72049571845968	0.12853716547385	0.722338530180221	0.795666835516698
TGME49_chrVIII:2252003:2252349:clu_1432_NA	0.0472349261618951	8.16191394918878	0.126911892302971	0.724023881803714	0.797281675357922
TGME49_chrX:3114446:3114928:clu_2100_NA	0.102938969027674	5.95409248450417	0.126088337582385	0.724882853411619	0.797985818337745
TGME49_chrIX:606211:606700:clu_1685_NA	0.0669053793452652	7.20522494363156	0.125735348049306	0.725251632561106	0.798150070953564
TGME49_chrIX:5341128:5341496:clu_1908_NA	-0.0812546143155734	6.66508940539017	0.124562978544866	0.726481511610251	0.799261590406556
TGME49_chrXII:2790535:2791432:clu_2738_NA	0.170679158838831	4.75613843733377	0.123822047326368	0.727265297440564	0.799881802177443
TGME49_chrVI:2446952:2447303:clu_796_NA	0.0843907288573366	6.43828933703484	0.122853276558579	0.728286803516011	0.800492843652717
TGME49_chrXI:1808270:1808555:clu_2361_NA	0.0463233871541548	8.19294715333551	0.122814939039532	0.728327326755151	0.800492843652717
TGME49_chrVIII:2603039:2603317:clu_1444_NA	-0.0805664355487498	6.77982681209514	0.122669614004561	0.728481520441042	0.800492843652717
TGME49_chrIX:647389:647747:clu_1690_NA	-0.0831804458504491	6.46923161840108	0.121959257097938	0.729236420961855	0.801080202537427
TGME49_chrXII:3954431:3954916:clu_2786_NA	-0.162234205125241	4.87270857535975	0.121743886746271	0.729468127144183	0.801092641138703
TGME49_chrV:3233074:3234821:clu_681_NA	-0.06397905276395	7.61822619016833	0.120447645263608	0.730850896472318	0.80236877338474
TGME49_chrV:2096167:2096423:clu_640_NA	0.0405132333530009	8.84566034355356	0.120085394487575	0.731239495469848	0.802553009067904
TGME49_chrVIII:2603411:2603619:clu_1444_NA	0.0696929369648254	7.05205179198546	0.119633538768553	0.731725209270883	0.802843687201829
TGME49_chrIX:3940228:3941114:clu_1866_NA	-0.0764970269658662	7.01120258091371	0.118981419750793	0.732427945473314	0.803372233492908
TGME49_chrVIII:4781978:4783106:clu_1537_NA	0.146002655971314	4.99778434048153	0.118530090176226	0.732917296660442	0.803666477635206
TGME49_chrIX:3957395:3958069:clu_1868_NA	0.0653688891314907	7.26143712503044	0.116501830322208	0.735119881762339	0.805648106920036
TGME49_chrII:33195:33948:clu_194_NA	-0.0738024264272796	6.76797605550645	0.116188780928776	0.735462054229546	0.805648106920036
TGME49_chrIX:986983:987597:clu_1728_NA	0.0405378631650617	8.63751441672426	0.115985023043138	0.735684949233631	0.805648106920036
TGME49_chrVIIa:3304296:3304905:clu_1014_NA	-0.129426380805597	5.32142783031489	0.115054814166045	0.73670651091037	0.805648106920036
TGME49_chrII:1835848:1836373:clu_301_NA	-0.0421671053437483	8.37886692027517	0.114922718819895	0.73685096217525	0.805648106920036
TGME49_chrIV:1339883:1340366:clu_487_NA	0.120695530962004	5.47491349130761	0.114915035364212	0.736860045789649	0.805648106920036
TGME49_chrV:3234733:3236518:clu_683_NA	-0.100828034943753	5.91020117111752	0.114719916978713	0.737074534401126	0.805648106920036
TGME49_chrII:2177002:2177596:clu_312_NA	-0.102570995382158	5.82285007133918	0.114686885978827	0.737110967804941	0.805648106920036
TGME49_chrIV:282353:282454:clu_449_NA	-0.104536376136496	5.90643205513516	0.114561016648398	0.73724963879383	0.805648106920036
TGME49_chrIX:983631:984121:clu_1726_NA	0.0412792103778251	8.74805680150632	0.114531752073849	0.73728161124194	0.805648106920036
TGME49_chrV:3305407:3305819:clu_690_NA	0.167279089522571	4.60506244428087	0.11449311919611	0.737328631008767	0.805648106920036
TGME49_chrIb:1739238:1739321:clu_183_NA	-0.102894868918872	5.85153189998045	0.11443909489629	0.737384113266289	0.805648106920036
TGME49_chrXII:5051946:5052434:clu_2841_NA	-0.0516387482979825	7.91593004574973	0.113709356527951	0.738190180021903	0.806286449633298
TGME49_chrIX:3838894:3839249:clu_1861_NA	0.0714287735442777	6.74876918634487	0.11332237380002	0.738619042626017	0.806512532275629
TGME49_chrX:1544721:1544850:clu_2002_NA	0.0820185204687802	6.65365149262525	0.112214095928525	0.739851627780358	0.807615815910391
TGME49_chrXII:1308298:1308486:clu_2659_NA	-0.0282505492419626	10.1420898675318	0.111737839841842	0.740383291271198	0.807953546613871
TGME49_chrXII:4438034:4438407:clu_2811_NA	0.0276041603376643	9.84357922001209	0.110837781407231	0.741391696002695	0.808811168958523
TGME49_chrIX:4533315:4534117:clu_1881_NA	0.110337985790099	5.6252770640362	0.109225959060708	0.743209475738092	0.810550988391228
TGME49_chrVIIa:53365:53713:clu_856_NA	0.129888410583056	5.2050226991543	0.10862089292438	0.743896122269211	0.810900840743316
TGME49_chrVIII:6912544:6912905:clu_1666_NA	-0.0662438199218198	6.86199892496868	0.108435890221376	0.744105312023586	0.810900840743316
TGME49_chrV:1174051:1175304:clu_599_NA	-0.0680943177853198	6.91822604448319	0.108353035681169	0.74419950611271	0.810900840743316
TGME49_chrV:3304875:3305258:clu_689_NA	-0.17246263451294	4.56044397808515	0.106015298860564	0.746878718587799	0.813576308680446
TGME49_chrX:5709066:5709617:clu_2203_NA	-0.0740947617785187	6.78322322442186	0.10539105798789	0.747593687671158	0.814111160780306
TGME49_chrVIIa:1484031:1484419:clu_918_NA	-0.110569728629794	5.62999306775294	0.104522426841415	0.748599458054702	0.814759649016061
TGME49_chrIII:452582:453861:clu_355_NA	-0.130468759639489	4.99861755609065	0.104490709173845	0.748637476675005	0.814759649016061
TGME49_chrXI:2398063:2398434:clu_2389_NA	0.0569375195519703	7.44522739351917	0.104242500236431	0.748924007271339	0.814827526618173
TGME49_chrVIIa:1483705:1483913:clu_917_NA	0.0813518061906649	6.37131912421049	0.103711583597224	0.749541809535046	0.81525567853378
TGME49_chrXII:2246964:2253106:clu_2713_NA	-0.0659471136423303	7.17838809221189	0.103210630498503	0.750126166463092	0.81556043052266
TGME49_chrX:152061:152490:clu_1955_NA	-0.100570454100531	5.76470042481389	0.103087201980343	0.750270723429925	0.81556043052266
TGME49_chrXII:3333074:3333861:clu_2752_NA	0.0727880722633352	6.57062243162452	0.102568133580293	0.750878098943806	0.815976648628023
TGME49_chrIX:1234489:1234903:clu_1739_NA	0.128746025990425	5.20394100523248	0.102242671067549	0.751260899911587	0.816148646496898
TGME49_chrIb:1640478:1641210:clu_180_NA	0.0885144576380409	6.03044625899976	0.100825739374697	0.752930448895133	0.81771801067637
TGME49_chrVIII:5545185:5545691:clu_1567_NA	-0.0463586326324936	8.25599996554367	0.100627233213591	0.753165279584406	0.817728730970525
TGME49_chrVI:3591030:3591245:clu_842_NA	-0.0908891320390532	6.02442583395945	0.100089021326531	0.753804062594989	0.818177894157296
TGME49_chrII:1254517:1255030:clu_256_NA	0.137671625121077	5.05110156933135	0.0995702673453355	0.75442254291292	0.818604759250288
TGME49_chrX:4392704:4392864:clu_2149_NA	0.132746067593768	5.04642087003055	0.0991152128804692	0.754965485489209	0.818949429947262
TGME49_chrVIIa:3483601:3484087:clu_1026_NA	-0.097649540348093	5.67036559875491	0.0981382234050816	0.756134786403033	0.819973135016416
TGME49_chrIa:1492396:1492658:clu_82_NA	-0.0468425028116228	8.21131162195617	0.0979139101782778	0.756403990572518	0.820020431175396
TGME49_chrXI:1949321:1949911:clu_2368_NA	0.0601448066028566	7.07159072095218	0.0974666826732904	0.756942578540162	0.820187377329719
TGME49_chrIII:1762011:1762569:clu_407_NA	-0.031450183718851	9.15943319704814	0.0974113531321369	0.757009257480387	0.820187377329719
TGME49_chrX:7004133:7004523:clu_2266_NA	0.0247484110705616	10.304455272496	0.0969537835864132	0.757561837051077	0.820434983900673
TGME49_chrX:2128659:2128810:clu_2037_NA	-0.180628599034309	4.33364050487809	0.0968542990577283	0.757689199712396	0.820434983900673
TGME49_chrVIIa:4368550:4369088:clu_1068_NA	0.0349424335194945	8.77675328090344	0.0963580552607991	0.758283431475763	0.820833911082311
TGME49_chrVIIa:3044007:3044298:clu_1003_NA	-0.131469019846204	4.89115834259729	0.0956169351989066	0.759186618221512	0.821566941719321
TGME49_chrII:953676:954440:clu_241_NA	0.132716757030528	5.04657973859464	0.0949978984931689	0.75994158827125	0.821911456169068
TGME49_chrV:1797489:1797940:clu_629_NA	-0.130402000167894	4.89127929327833	0.0949856686158286	0.759957195098828	0.821911456169068
TGME49_chrV:3297361:3310263:clu_687_NA	0.152122090763159	4.67262096965845	0.0942241681289704	0.760891865157006	0.822677552006459
TGME49_chrIa:278132:278481:clu_14_NA	-0.0204466682424523	11.1300717950086	0.0938665843754053	0.761328134583088	0.822904480882998
TGME49_chrXI:6571331:6571777:clu_2570_NA	0.123738808212324	5.09724116206656	0.0932936621910032	0.762035770926053	0.823424502769382
TGME49_chrVIII:1706852:1707563:clu_1400_NA	-0.130227165325505	4.8916177589109	0.0915302156776988	0.764225845676685	0.825545601496211
TGME49_chrVI:1692499:1702002:clu_767_NA	-0.130987746143811	4.8341530006615	0.0904501426924453	0.765578441002012	0.826761031801044
TGME49_chrVIII:2158339:2158774:clu_1416_NA	-0.0377136036994705	8.70836536084609	0.0902031804938265	0.765886596887831	0.826848167415285
TGME49_chrV:2291703:2292289:clu_643_NA	-0.0671919019822979	6.5362951652628	0.089395971341673	0.766904656832049	0.827701433368319
TGME49_chrIX:1129145:1129573:clu_1736_NA	0.136205100921362	4.73468339590377	0.0889123070671508	0.767519774721423	0.82811943636461
TGME49_chrVIII:1587079:1587935:clu_1394_NA	0.0211134843508087	10.5774771100636	0.0869423890392485	0.770029941572542	0.830581257452875
TGME49_chrVI:1313594:1314155:clu_736_NA	0.0938019721712024	5.72246707810682	0.0865315139595896	0.770558341881426	0.830904649284777
TGME49_chrVIII:21418:21624:clu_1339_NA	-0.0624845368671253	6.83465010020162	0.0847549511687061	0.772857137273981	0.833136326806323
TGME49_chrV:1797977:1798601:clu_629_NA	-0.131149215790068	4.77529445857677	0.0843199919131762	0.77342650151561	0.833502915211753
TGME49_chrIa:1737441:1737627:clu_96_NA	0.130754469236581	4.92807252550906	0.0837658286828905	0.774150225294558	0.834035586528073
TGME49_chrXII:5834355:5835330:clu_2886_NA	-0.0733406897108092	6.22843704666364	0.083172443697119	0.774927337904744	0.834625443935925
TGME49_chrV:1171386:1171791:clu_597_NA	-0.0393391375507913	8.61139016632089	0.081773909055613	0.776774522037857	0.836367117182349
TGME49_chrIII:1877945:1878519:clu_410_NA	0.129315390569787	4.92778073956121	0.0813547600305618	0.777333215902193	0.836720829080388
TGME49_chrVIIa:2338:4598:clu_848_NA	-0.130455997731717	4.65023261417124	0.0807311972665606	0.778166361594699	0.837369663823781
TGME49_chrVIIb:5017954:5018667:clu_1335_NA	0.0352913660397249	8.4322129963589	0.079966538125123	0.779187429160332	0.838203548220186
TGME49_chrIX:752002:752410:clu_1699_NA	-0.0950144364406111	5.6059952848317	0.0798068244310442	0.779402473998412	0.838203548220186
TGME49_chrXI:2336193:2337129:clu_2386_NA	-0.0487635022188816	7.31249861580064	0.0762943783399278	0.784182454251089	0.843094711979506
TGME49_chrIb:1606707:1606920:clu_178_NA	0.096196956054731	5.37318151831387	0.0753981838114314	0.785421667498757	0.844177339254282
TGME49_chrX:1544928:1545214:clu_2002_NA	0.0636620233363344	6.71182459918667	0.0751796244823827	0.785724388193704	0.844253074514961
TGME49_chrX:1546136:1546542:clu_2004_NA	-0.130469251122889	4.71489612426512	0.0749691498911211	0.786019596070989	0.844320694952141
TGME49_chrX:3081055:3081410:clu_2097_NA	-0.129669002119228	4.71548025261593	0.0738006967529584	0.787651502330711	0.845823696003585
TGME49_chrVIIb:1753917:1754328:clu_1176_NA	-0.0291141930179218	8.85687099397243	0.0734023955871635	0.78820822601174	0.846171559820636
TGME49_chrVIIa:3886853:3887548:clu_1038_NA	0.122331541201083	4.794963038459	0.0727475045932235	0.789133880767972	0.8469151628555
TGME49_chrXI:1646612:1646901:clu_2353_NA	0.0492663955214448	7.25314408831254	0.0725327075487413	0.78943554239445	0.846988841972794
TGME49_chrIX:6158774:6159099:clu_1925_NA	-0.0662393568808778	6.36143647855336	0.0710413632947871	0.791558724565345	0.849016218293015
TGME49_chrXII:2096020:2096508:clu_2708_NA	0.0973745133131385	5.50067906966129	0.0708415446060281	0.791845359837737	0.849073121831909
TGME49_chrXI:3668672:3669476:clu_2431_NA	0.0590293825346182	6.91695276835116	0.069999673917443	0.793055854063004	0.850100820974295
TGME49_chrX:3903697:3903889:clu_2126_NA	0.128840606495446	4.58253570723341	0.0698527337651882	0.793271522625807	0.850100820974295
TGME49_chrXII:6052526:6052911:clu_2894_NA	0.143745528815165	4.51034726353752	0.0692082200084597	0.794205476146294	0.850763162981373
TGME49_chrII:375604:376485:clu_216_NA	0.0455933776469091	7.52544355286379	0.0691005909348742	0.794357682299527	0.850763162981373
TGME49_chrXII:425829:426243:clu_2620_NA	0.132988118010731	4.73252583136023	0.0683307403538893	0.795482113483006	0.851716489693881
TGME49_chrX:7168472:7168952:clu_2269_NA	0.0812790130133743	5.87901925235199	0.0678925801732442	0.79612144259508	0.852150012907278
TGME49_chrIX:986092:986481:clu_1727_NA	-0.0309475504714432	8.68655981005888	0.0674048047631741	0.79683806012795	0.852665984269973
TGME49_chrVIIb:2729726:2730366:clu_1223_NA	0.0375441184166981	8.07295457100927	0.0670253803002188	0.797397595405265	0.852940076472486
TGME49_chrX:4672837:4673412:clu_2159_NA	0.0459871920890284	7.29772572716207	0.0669131116917631	0.797563499292979	0.852940076472486
TGME49_chrX:5083162:5085492:clu_2173_NA	0.0893209490361595	5.53684251724257	0.0662165093348115	0.798596517240543	0.85379362946158
TGME49_chrXII:5503312:5504188:clu_2874_NA	0.0467307126705921	7.32099656158008	0.0657314300458188	0.799318618626203	0.854314371863054
TGME49_chrVIIa:1740747:1741294:clu_935_NA	0.0574018950791449	6.74055866967945	0.0641797221770882	0.801649141778169	0.856427204019178
TGME49_chrIX:2034985:2035370:clu_1763_NA	0.142976100840241	4.50979556085166	0.0640917600998523	0.8017860600589	0.856427204019178
TGME49_chrXII:6806676:6807340:clu_2929_NA	0.0584902180750955	6.52266979722485	0.0639463462250189	0.802002256528551	0.856427204019178
TGME49_chrII:2178349:2178690:clu_313_NA	0.0914290553416456	5.41508987566185	0.0635940097861903	0.802537078353032	0.856746631369537
TGME49_chrX:1419195:1419409:clu_1997_NA	0.0309441712781922	8.37519948884343	0.061764370740072	0.805337235514543	0.859354810408143
TGME49_chrXII:5306190:5306778:clu_2856_NA	0.0956552009535033	5.23307449179873	0.0616897966041092	0.805453050635637	0.859354810408143
TGME49_chrVI:1697078:1707435:clu_761_NA	0.10582697984327	5.03042863347124	0.0602888288045436	0.807629325750672	0.861423884713525
TGME49_chrX:3941975:3943299:clu_2129_NA	-0.0154078877166457	11.9732245552344	0.0596749446066508	0.808590073756204	0.862195634527369
TGME49_chrIb:214540:214969:clu_112_NA	0.0626865432869173	6.1974176056253	0.0593048759089977	0.809172602616336	0.862563756747912
TGME49_chrX:2129162:2129986:clu_2038_NA	0.0718893034716843	6.17895949815936	0.0584750650872718	0.810485575701651	0.86371007554251
TGME49_chrVIIb:3195502:3196201:clu_1251_NA	0.046886262775291	7.31796422024219	0.0581332501332502	0.81102917717349	0.864036066537408
TGME49_chrIa:279875:280035:clu_15_NA	-0.102631144640899	5.06453329627289	0.0577863920480886	0.811583663823703	0.864138658258043
TGME49_chrXII:6650506:6650833:clu_2922_NA	-0.0991966701130115	4.96385698622919	0.0577750330078131	0.811602095403663	0.864138658258043
TGME49_chrX:2323767:2324358:clu_2054_NA	-0.0387028891141143	7.50921978996159	0.0575164975055873	0.81201451246359	0.864138658258043
TGME49_chrIa:255216:256076:clu_12_NA	-0.0797332256494038	5.83928414588797	0.0572878934360543	0.812381371432635	0.864138658258043
TGME49_chrIX:4584294:4584439:clu_1887_NA	0.114245194859625	4.64975175915197	0.0572565311816888	0.812434257992179	0.864138658258043
TGME49_chrX:1824359:1824769:clu_2023_NA	0.0362971514049407	7.76078368934995	0.0571816345926344	0.812551838769186	0.864138658258043
TGME49_chrIa:46491:47257:clu_4_NA	-0.0846552947072454	5.30575653239567	0.0568086619184769	0.81315289026576	0.864524935980122
TGME49_chrV:2254917:2255535:clu_642_NA	0.139490308567217	4.33508546322257	0.0565720830730491	0.813539371695607	0.864682928688167
TGME49_chrVI:3386707:3387349:clu_837_NA	-0.0870361406243613	5.42754632530331	0.0560238713542248	0.814423040396847	0.865369117755784
TGME49_chrXII:425936:426243:clu_2620_NA	0.0658581936299192	6.01648131989743	0.0558483222272131	0.814708160789594	0.865419101247859
TGME49_chrIII:1906900:1907312:clu_415_NA	-0.131305541703748	4.58264523617595	0.0550530174608194	0.816010297738189	0.866308263052294
TGME49_chrIII:1545892:1546417:clu_401_NA	0.129397406055608	4.58434029564113	0.0550459265898877	0.816021868690799	0.866308263052294
TGME49_chrVIIa:3451228:3451450:clu_1024_NA	-0.0529800306544582	6.58060965243673	0.0545329230280302	0.816862102781589	0.866947078426592
TGME49_chrXII:5841008:5841365:clu_2887_NA	0.0330086316585135	8.01519616080404	0.0541462923924707	0.817500380019099	0.86737124383229
TGME49_chrVIIa:1366851:1366879:clu_910_NA	-0.0563057699401597	6.48675507621183	0.0535722830094241	0.818452606468549	0.868128165892377
TGME49_chrVIII:298736:299295:clu_1353_NA	-0.0671852597468106	6.06420187251058	0.053228910810482	0.819024834302946	0.868481701485184
TGME49_chrXII:1840941:1841610:clu_2679_NA	0.0552573258151098	6.41902168420137	0.0526288060853995	0.820029405744913	0.869293347880653
TGME49_chrIX:244702:244886:clu_1678_NA	-0.0977513839631921	4.85310344151403	0.0501057823702544	0.824322207317236	0.873554329640828
TGME49_chrIb:1366328:1366588:clu_167_NA	0.0849437168161927	5.32213880796634	0.049948503055857	0.824592395809658	0.873554329640828
TGME49_chrXI:1001484:1002027:clu_2333_NA	0.0383257179519478	7.56843126600009	0.0498454249322579	0.824769865014394	0.873554329640828
TGME49_chrVIIb:785844:787302:clu_1119_NA	0.0882465228741117	5.12777136096386	0.0483223871746235	0.827423690438633	0.87610984991099
TGME49_chrVIIb:3215686:3216207:clu_1254_NA	0.0396887353746104	7.26945154366313	0.0479718448838346	0.828039709874607	0.876506798309318
TGME49_chrXI:5957493:5958048:clu_2533_NA	-0.064889424074258	6.16455497914725	0.0476567266421602	0.828596307414894	0.876840633901933
TGME49_chrIb:80288:81453:clu_107_NA	0.0599661632051553	6.14653031147262	0.0470769521074108	0.82962526030757	0.877599811843639
TGME49_chrV:1915573:1915872:clu_634_NA	-0.0961093112530577	4.85394913833812	0.0469815797246088	0.829796575875265	0.877599811843639
TGME49_chrVI:3165883:3166913:clu_828_NA	0.0729281344134576	5.52617312056253	0.0462055361108775	0.831184609390195	0.878812116094636
TGME49_chrXII:382926:383469:clu_2617_NA	0.0903717332066728	5.13067274142076	0.0458080445884426	0.831901339661719	0.879314152274018
TGME49_chrVIIa:2159810:2160366:clu_964_NA	0.0430943268141014	7.0729988531797	0.0453351954211551	0.832756926090136	0.879837637988341
TGME49_chrVIIb:3214655:3215481:clu_1254_NA	-0.0375863619030821	7.34014325510978	0.0452173717961713	0.832971024340642	0.879837637988341
TGME49_chrIb:1739102:1739201:clu_184_NA	-0.0575502586427908	6.11920781935487	0.0451340400107864	0.833122737264338	0.879837637988341
TGME49_chrVIII:4277608:4278103:clu_1513_NA	-0.0148358991672884	10.7414217681405	0.0449427219050021	0.833471232645679	0.87995002342929
TGME49_chrXII:6783109:6783433:clu_2928_NA	-0.0434370996970629	6.77170517289813	0.0439852533557962	0.835227774892219	0.881548479016613
TGME49_chrIX:4560163:4560409:clu_1885_NA	0.0747520873974155	5.36005096020457	0.0434450025493704	0.836228131733517	0.882348115776875
TGME49_chrXI:4906615:4906729:clu_2491_NA	-0.0412880139326175	6.92181570766352	0.0431891973220784	0.836703420960403	0.882593422864499
TGME49_chrXII:4051012:4051330:clu_2791_NA	-0.0512877018390253	6.41083026099693	0.0428060262221059	0.837418812639949	0.883091785304965
TGME49_chrIII:1357869:1358479:clu_396_NA	0.0466811608691841	6.69939821496546	0.0425582824985196	0.837883085439744	0.883099475370817
TGME49_chrXII:6571202:6571674:clu_2920_NA	-0.0940280856245157	4.79717731917053	0.0425437522123471	0.837911991899298	0.883099475370817
TGME49_chrIX:788707:789462:clu_1701_NA	0.02563780406822	8.33956387115531	0.0423603427723094	0.838255016957226	0.88313670147855
TGME49_chrVIIa:1539569:1540166:clu_919_NA	0.0414768363710944	6.91788401835862	0.0422657026834264	0.838433220578398	0.88313670147855
TGME49_chrXII:185956:187359:clu_2595_NA	-0.0205976569101387	9.09650643706976	0.0419489281281541	0.839031073814943	0.883510415213591
TGME49_chrIX:2603275:2603439:clu_1788_NA	-0.0486778411460415	6.50997144457708	0.0418201464853385	0.839274875388872	0.883511199547799
TGME49_chrXII:857464:858469:clu_2643_NA	0.0332177771796745	7.60310407109838	0.040821380555783	0.841178575900939	0.885258866068302
TGME49_chrX:909994:910220:clu_1977_NA	-0.0299654685852541	7.78233719350659	0.0406271699870704	0.841551568611909	0.88539506567418
TGME49_chrX:3904022:3904163:clu_2126_NA	0.100539889219374	4.71440391560086	0.0400375503333933	0.842691656955882	0.886338013030854
TGME49_chrIII:2259177:2260271:clu_422_NA	0.0971713789100175	4.90679570303009	0.0391660891223968	0.844389175053741	0.887866546520205
TGME49_chrIa:1243393:1244403:clu_54_NA	-0.0621628954388892	5.72583918240497	0.0387245146203591	0.845256209613303	0.888449113677589
TGME49_chrX:2146364:2146746:clu_2039_NA	0.0581470152116195	5.95531167826122	0.0386353435723733	0.845432045174905	0.888449113677589
TGME49_chrIa:1465355:1465735:clu_79_NA	0.0608458794862189	6.01265481679456	0.0378308084949241	0.84702880974074	0.889605217613568
TGME49_chrIX:1587529:1588008:clu_1747_NA	0.0557577889916871	6.14379798124385	0.0377934060800153	0.847103444723423	0.889605217613568
TGME49_chrVIIa:460742:460891:clu_867_NA	0.0382145469571854	7.13696224006697	0.0377118098474823	0.847266372318617	0.889605217613568
TGME49_chrVIIb:4559169:4559289:clu_1315_NA	0.102247326819459	4.48792941969217	0.0372721609422968	0.848150976900309	0.890203662022306
TGME49_chrVIIa:3929267:3929576:clu_1047_NA	0.0227361671337229	8.58418573075269	0.0371607465574879	0.848372083574141	0.890203662022306
TGME49_chrVIIa:3395519:3396484:clu_1020_NA	-0.0757763518445286	5.13097375918943	0.037062396881339	0.848571028585225	0.890203662022306
TGME49_chrX:6551697:6552182:clu_2252_NA	0.102230750523462	4.48718585107551	0.0364945662913182	0.849723335347252	0.891155315633947
KE140100:1824:2301:clu_3001_NA	0.0913826394883816	4.77775517933216	0.0361613203224942	0.850401015407209	0.891608794636632
TGME49_chrXI:1002074:1002436:clu_2333_NA	0.0340524447604967	7.28733778777045	0.0359327175737023	0.850867219929678	0.891840353069314
TGME49_chrVIII:6761494:6761863:clu_1634_NA	-0.0608120588044175	5.6608920515366	0.0348945283635088	0.853011557139073	0.893830213375765
TGME49_chrV:1719306:1719750:clu_622_NA	0.0545595322702054	6.00918954240501	0.0335382086820267	0.855862985709838	0.896559640649931
TGME49_chrX:5478670:5478861:clu_2191_NA	0.0479767859357346	6.30586108529121	0.0327125404537048	0.857628122548927	0.898149877690968
TGME49_chrX:1830451:1831643:clu_2025_NA	-0.0432648543939141	6.33524015375372	0.0313173890051385	0.86066394216205	0.901069536220925
TGME49_chrIV:1907853:1908447:clu_510_NA	0.0382541249685757	6.71094138969431	0.0309824471402612	0.861403075415984	0.901331047218157
TGME49_chrVIIb:2973608:2974683:clu_1239_NA	-0.0386526455095932	6.80568304079801	0.0309794764697522	0.861409644576583	0.901331047218157
TGME49_chrV:1160665:1161111:clu_596_NA	-0.0452271319919113	6.15236103310045	0.0308600438564048	0.861674285333602	0.901348497032415
TGME49_chrIX:4558593:4559303:clu_1884_NA	-0.0707656776882972	4.98030155520232	0.0304422860872039	0.862604732693897	0.902062198890194
TGME49_chrVIII:1668613:1669222:clu_1399_NA	0.0883497197949304	4.55889891453367	0.0294286923191152	0.86488948874399	0.904191340691517
TGME49_chrVIIa:1726548:1726727:clu_928_NA	-0.0577372371425891	5.85004769980129	0.028588557003572	0.866810679675675	0.905939281374663
TGME49_chrIV:773300:774188:clu_465_NA	-0.0887960468711202	4.60638700303053	0.0280661265447505	0.868023417043553	0.906517696398941
TGME49_chrXI:5794410:5795180:clu_2524_NA	0.0277920839113016	7.74079521338881	0.0280388836735147	0.86808475410411	0.906517696398941
TGME49_chrIa:1718978:1719299:clu_89_NA	-0.0859798889117305	4.53758704467805	0.028028132204358	0.868112269921517	0.906517696398941
TGME49_chrV:771164:771469:clu_579_NA	0.037855593563373	6.62145839564404	0.027586714903998	0.869142649505889	0.907333007166544
TGME49_chrIb:258667:259239:clu_114_NA	-0.0442834723692389	6.31112172805976	0.0273102126176079	0.869793957607494	0.907752235401447
TGME49_chrVI:912624:912941:clu_716_NA	-0.0227029804379695	8.13310743573738	0.027175521852557	0.870112373349869	0.907823902734435
TGME49_chrVI:2884551:2884904:clu_812_NA	0.0224676469995691	8.16500413539078	0.0269494268880285	0.870648814286287	0.908122938287132
TGME49_chrIb:1629119:1629767:clu_179_NA	0.044781041686756	6.05765546628056	0.026611619994544	0.871454735262119	0.90870280053867
TGME49_chrIX:2239347:2239793:clu_1773_NA	-0.0363872230662785	6.67960675855116	0.0258186478868578	0.873367154644571	0.910435792123033
TGME49_chrVIIb:4287990:4288118:clu_1298_NA	0.0762848754436726	4.62812672907051	0.0256949231022981	0.87367013185107	0.910490518715206
TGME49_chrVIII:5276327:5276921:clu_1556_NA	0.0483796015836669	5.79502250970798	0.0252062274029742	0.874865036554477	0.911474464853977
TGME49_chrXII:3267440:3268011:clu_2751_NA	-0.0585082217301278	5.27896808653213	0.0250178870140049	0.875329657759999	0.91169722233742
TGME49_chrVI:1455272:1455802:clu_750_NA	-0.0150178325410712	9.5304790798708	0.024868235269785	0.875699484654055	0.911821147727725
TGME49_chrVIIb:3169558:3170193:clu_1250_NA	-0.0155747779944759	9.30322225078556	0.0240785617680296	0.877672400400374	0.913613738675647
TGME49_chrIX:3434049:3434407:clu_1839_NA	-0.041103826229935	6.1311705626508	0.0239241213327398	0.878062199728038	0.913757828803726
TGME49_chrIb:1366669:1367225:clu_167_NA	-0.0601099586919274	5.36372119530882	0.0235755265013557	0.878946857944742	0.914416665320302
TGME49_chrVIIa:2135109:2135529:clu_963_NA	-0.0404270839259359	6.10634283782369	0.0234479813627753	0.879271863043454	0.9144874342518
TGME49_chrIX:5194929:5195598:clu_1903_NA	0.0469821667034743	5.79405552309185	0.0233517078687161	0.879518038554139	0.9144874342518
TGME49_chrIII:226080:226828:clu_336_NA	-0.0292679309260328	7.27156337736299	0.0230520165664498	0.880287373053495	0.915025622261783
TGME49_chrX:1684858:1685496:clu_2015_NA	0.0658025140958491	5.11624182606331	0.0223662245938247	0.882068220329602	0.916614631474586
TGME49_chrIX:2213369:2214070:clu_1772_NA	0.0464578918125112	5.69334137286224	0.0214302812263513	0.88454320221807	0.918923846831291
TGME49_chrVIIb:4756311:4757157:clu_1324_NA	-0.0269094206514981	7.44050232990099	0.0212242381991212	0.88509535459401	0.919234746842636
TGME49_chrXI:137994:138598:clu_2301_NA	0.0458742901467726	5.82622849152593	0.0205816142857337	0.886835920780175	0.920779369333316
TGME49_chrVIIa:2846058:2846929:clu_995_NA	-0.0651347028697595	4.8717649921073	0.0202960896416407	0.887618931265011	0.921329187649433
TGME49_chrIX:3172678:3173510:clu_1810_NA	0.043184107743239	5.85500622485729	0.0197602599344961	0.889101322252068	0.922374190209997
TGME49_chrXII:2573934:2574359:clu_2729_NA	0.040362714448232	6.08136559664566	0.019748811134442	0.889133194634341	0.922374190209997
TGME49_chrVIIb:920418:921143:clu_1140_NA	0.0241484745188127	7.39054248977254	0.0196175635979599	0.889499649660537	0.922381178907703
TGME49_chrIV:1213073:1213571:clu_479_NA	0.024564941607432	7.25900934112473	0.0195467990123019	0.889697793897988	0.922381178907703
TGME49_chrIX:2512114:2512569:clu_1782_NA	0.0466267088719436	5.88608260449465	0.0194743337277682	0.889901181411091	0.922381178907703
TGME49_chrXII:5032159:5033806:clu_2839_NA	-0.0361097341350022	6.22924178757746	0.0188342592785301	0.89171370695261	0.923996386765318
TGME49_chrX:7182570:7183067:clu_2277_NA	-0.0220837463053755	7.59411994721203	0.0177162221411792	0.894956723852258	0.92709253097833
TGME49_chrVIIb:782379:782875:clu_1118_NA	0.0148572706068834	8.73476710226243	0.017505008349508	0.895580979675335	0.927474889207933
TGME49_chrVIIb:4532843:4533432:clu_1308_NA	0.0389978318248136	5.88300833738887	0.0173306773629327	0.896099237620359	0.927708148577497
TGME49_chrV:442757:443105:clu_560_NA	-0.0410671384734247	5.86216276799488	0.0172577946900639	0.896316648639387	0.927708148577497
TGME49_chrVIII:6255107:6255365:clu_1609_NA	-0.0294245991980801	6.56121882523262	0.016847011358994	0.897550760548225	0.92872104030538
TGME49_chrX:4397506:4398356:clu_2150_NA	0.00867119685738679	10.9598774494573	0.0166911193060001	0.898023098624142	0.928812532180064
TGME49_chrIa:11583:12842:clu_1_NA	0.0644041605829947	4.69349537048137	0.0166497263501317	0.898150220251149	0.928812532180064
TGME49_chrX:5247072:5247376:clu_2178_NA	0.0261896192845674	6.92400831148135	0.0165195445083099	0.898545621982507	0.928957149006374
TGME49_chrVIIb:4139374:4140555:clu_1289_NA	0.0344497028435097	6.1280809992218	0.0157429232581701	0.900945987027588	0.931173916077703
TGME49_chrIX:1588078:1588970:clu_1748_NA	-0.0332653870102055	6.27534486171756	0.0155552487729906	0.90153499377153	0.931314167803729
TGME49_chrVIII:1115403:1116311:clu_1383_NA	0.040357691398907	5.94203481903886	0.0155364923172628	0.901594100825673	0.931314167803729
TGME49_chrXII:67025:67602:clu_2582_NA	0.0437135499056606	5.42736242155757	0.0153720196122597	0.902113744954613	0.931460252982691
TGME49_chrVIII:5787277:5787727:clu_1581_NA	0.0442690624696755	5.54630188157074	0.0152567082502412	0.902479599251672	0.931460252982691
TGME49_chrXII:5752360:5752769:clu_2880_NA	0.0422267939907106	5.42508916592476	0.0151263156874892	0.902895103568017	0.931460252982691
TGME49_chrXII:5083546:5084061:clu_2847_NA	-0.0207837707340383	7.32936802702737	0.0150012728616402	0.903294994560063	0.931460252982691
TGME49_chrVIII:667830:667991:clu_1365_NA	0.0334363755543787	6.12830835983947	0.0149839232594789	0.903350703542383	0.931460252982691
TGME49_chrIa:1289552:1290064:clu_59_NA	-0.0398760470131206	5.63976684341115	0.0149442426345058	0.903478197702104	0.931460252982691
TGME49_chrVIIa:4393428:4394193:clu_1071_NA	-0.0602403728238548	4.7537265406219	0.014928640908415	0.903529257776333	0.931460252982691
TGME49_chrIX:3661015:3661452:clu_1852_NA	0.0714915063833364	4.38587929593742	0.0147792184880553	0.904012103934465	0.931693790133763
TGME49_chrII:1130967:1131368:clu_251_NA	0.0501348851807341	5.204871262086	0.0140594094242293	0.906365269488534	0.933854238829598
TGME49_chrIX:3374222:3374543:clu_1835_NA	-0.0127103343910598	8.75072496080082	0.0133599170676415	0.908712961823872	0.936007825511412
TGME49_chrX:4899975:4900957:clu_2165_NA	-0.0376790376321672	5.80183076608625	0.013114353091031	0.909552111618839	0.936606777828465
TGME49_chrXII:5242182:5243204:clu_2855_NA	0.0293971894900589	6.33794787865415	0.0129722401104792	0.910041252758451	0.93663701728847
TGME49_chrIX:2281496:2282282:clu_1774_NA	-0.0357514559398002	5.80497937832821	0.0129063835842673	0.910268943851572	0.93663701728847
TGME49_chrXII:4944918:4945026:clu_2833_NA	0.017610715238574	7.69144603572481	0.012833915610495	0.910519993886677	0.93663701728847
TGME49_chrXII:5096073:5096749:clu_2848_NA	0.0591976245742417	4.46356672239816	0.0127905427239831	0.910672564640646	0.93663701728847
TGME49_chrVI:3593515:3594013:clu_844_NA	-0.0291272096864374	6.25470478681238	0.0127333314306676	0.910869836620286	0.93663701728847
TGME49_chrIX:1832977:1833486:clu_1757_NA	-0.0237348016104478	7.05620724546744	0.0126129961880811	0.911290126968882	0.936804188781642
TGME49_chrIV:1490664:1491766:clu_496_NA	0.059684747161309	4.46312232780123	0.0122156578129732	0.912694490292189	0.93798260452703
TGME49_chrVIII:2214170:2215067:clu_1421_NA	0.0427681548563639	5.2482483122913	0.0120183642901378	0.913397912561043	0.938232212411638
TGME49_chrXI:5402121:5403097:clu_2510_NA	0.0450717563235471	5.04896929491075	0.0120028990956108	0.913453590020574	0.938232212411638
TGME49_chrVI:3234158:3234886:clu_831_NA	-0.0162433583917155	7.74266676476566	0.0118708797008112	0.913928446345303	0.938454774707677
TGME49_chrIa:1392371:1392979:clu_68_NA	-0.0264594213143323	6.61477954569749	0.0116794261289775	0.91462256735528	0.938902296621418
TGME49_chrVIIa:1737143:1737437:clu_932_NA	0.0349226026698158	5.65197989055522	0.0111885125187494	0.916429203791126	0.940491291863563
TGME49_chrVIIb:2711325:2711839:clu_1221_NA	0.0310997049861705	5.96584939430246	0.0101429538396487	0.920415436944639	0.944315583769055
TGME49_chrXII:1310814:1311095:clu_2662_NA	0.00929417059816311	9.54534884320759	0.00950326039901999	0.922957381272606	0.946656343376388
TGME49_chrX:4557442:4557749:clu_2157_NA	0.0192318985053928	7.26819255600563	0.00922269863038626	0.924099508419967	0.947560426828373
TGME49_chrXI:2597286:2598045:clu_2396_NA	-0.0349392877832666	5.29345873457381	0.00896235236264207	0.925175358056159	0.948396059372289
TGME49_chrX:269766:270229:clu_1958_NA	-0.0190479342991989	6.97849365908437	0.00887913479321844	0.925522259278478	0.948484187335006
TGME49_chrV:517755:518304:clu_570_NA	0.0246886389673873	6.22013850588366	0.00853705679905591	0.926966757515441	0.949696776654066
KE139844:15888:16155:clu_2994_NA	-0.0456176367567609	4.55886170192282	0.00841828730793861	0.927476314448028	0.949912715209996
TGME49_chrVIIa:2311318:2312015:clu_974_NA	0.027896607979443	5.99185338943895	0.008365968391268	0.927700175789679	0.949912715209996
TGME49_chrXII:905073:905798:clu_2647_NA	-0.0313268549325751	5.49938368867116	0.00822959566044606	0.92829028370877	0.950249276621059
TGME49_chrVIIb:800778:801267:clu_1123_NA	-0.0123020438453008	8.0252826745884	0.00730441414511062	0.932430395676359	0.954091913961865
TGME49_chrVIII:6828427:6828775:clu_1651_NA	-0.0192111445272803	6.54820231456294	0.00727439271868665	0.932569070235628	0.954091913961865
TGME49_chrX:4672125:4673412:clu_2159_NA	0.0362077430732797	4.87090221370224	0.00651937640095345	0.936156505343911	0.957492655296882
TGME49_chrXII:2989472:2989985:clu_2741_NA	0.0140661697342545	7.60071186156048	0.00642433564011461	0.936622014889749	0.957694723731218
TGME49_chrVIII:685508:685950:clu_1368_NA	-0.00631894076047442	10.2378709392537	0.00637182251353228	0.936881000712026	0.957694723731218
TGME49_chrVIII:5213655:5218217:clu_1553_NA	0.0376171303258673	4.87277470667362	0.00629129213351016	0.937280790676539	0.957834038265173
TGME49_chrVI:3387457:3388161:clu_837_NA	0.031694123817233	5.14629414187588	0.00589574592115487	0.939280072917472	0.959607381971617
TGME49_chrXI:6456797:6457111:clu_2564_NA	-0.0396169482157432	4.48686472102547	0.00572353576776357	0.940172623299931	0.960249363780626
TGME49_chrVI:942883:943413:clu_721_NA	-0.00852578294748668	8.67417579871634	0.00555986614302039	0.941031375345322	0.960856474545012
TGME49_chrXI:726017:726516:clu_2320_NA	0.00834062970955893	8.93900274764851	0.00541949090277959	0.94177914856153	0.961349959287044
TGME49_chrVIIa:3112655:3113763:clu_1006_NA	-0.00731418994375946	9.05986673262009	0.00534632471747472	0.942172764236961	0.961481751263715
TGME49_chrV:3273626:3274307:clu_684_NA	0.0267428831976203	5.37278463749844	0.00501192114968754	0.944007398769749	0.963083607782217
TGME49_chrIX:916689:916940:clu_1720_NA	0.0146905642242875	6.76238425324608	0.00480154508838089	0.945193028117936	0.963954530069643
TGME49_chrXII:6867534:6868390:clu_2932_NA	-0.0185918009496659	6.1454807988789	0.00473086951841055	0.945597247417481	0.963954530069643
TGME49_chrIV:664516:665011:clu_462_NA	0.0155979378607753	6.59061661352342	0.00472052701194626	0.945656631149476	0.963954530069643
TGME49_chrVIIa:537219:538084:clu_878_NA	-0.0235810518579506	5.42642402954757	0.00450980941742688	0.946881573096404	0.964932581498578
TGME49_chrV:1757218:1757530:clu_624_NA	-0.0209972957236591	5.61581305301548	0.00433280336228585	0.947932810959037	0.965733118788144
TGME49_chrVIIb:782379:782643:clu_1118_NA	-0.0273776709363619	4.83473804674617	0.00403781167920333	0.949734331157274	0.967297364459706
TGME49_chrVIIb:3029162:3029680:clu_1241_NA	-0.00934662042997709	7.83437583755946	0.00383657918018537	0.951000743506775	0.968315883094433
TGME49_chrVI:1691591:1724517:clu_764_NA	-0.00762570955486815	8.2740573876584	0.0036569825941495	0.952159879301709	0.969224632109132
TGME49_chrVIIa:2043038:2043682:clu_959_NA	0.0292534949886497	4.67300136159407	0.00355660820303101	0.952820809137225	0.969557300326496
TGME49_chrX:2588507:2589479:clu_2074_NA	0.0152059135913779	6.19046714972753	0.00345473735506886	0.953499977642823	0.969557300326496
TGME49_chrVIII:651381:651824:clu_1362_NA	0.00386775597849921	11.9771768031482	0.00343715600314503	0.953618278210725	0.969557300326496
TGME49_chrXII:2406012:2406685:clu_2722_NA	-0.0201301262538553	5.6516809811535	0.00342859467567321	0.953676086639241	0.969557300326496
TGME49_chrIV:282889:283169:clu_450_NA	-0.017652162499044	5.78425833699409	0.00340724835061425	0.953820331765489	0.969557300326496
TGME49_chrIV:282131:282239:clu_448_NA	-0.0142685077133642	6.37332221890618	0.00330309669227938	0.954530761943167	0.970008196718874
TGME49_chrIX:2447575:2448284:clu_1779_NA	0.0231202952250728	5.18789132185659	0.0030343302915128	0.956418017079769	0.97165441366265
TGME49_chrX:1685546:1685825:clu_2015_NA	0.023452103774524	4.9820412235754	0.00278496944163362	0.958245494267542	0.972974104552028
TGME49_chrX:5838571:5839627:clu_2215_NA	-0.0135797915066893	6.21955794194152	0.0027840217367598	0.958252350562933	0.972974104552028
TGME49_chrX:1545774:1546025:clu_2003_NA	0.0141342318971105	6.09114018512326	0.0027055459436524	0.958844397090259	0.973303374315301
TGME49_chrIa:1807977:1808347:clu_99_NA	-0.00444980207913429	9.77937408647921	0.00256044531897271	0.959962179142189	0.973998681120353
TGME49_chrV:527111:527660:clu_570_NA	0.0179843038399966	5.45070085050912	0.00254727674881521	0.960065274953019	0.973998681120353
TGME49_chrX:3472973:3474296:clu_2111_NA	-0.0104074854049119	7.0245282058081	0.00246527064430525	0.960712716692789	0.974383572873406
TGME49_chrXI:2598095:2598425:clu_2396_NA	0.018335042345107	5.23445771277638	0.00223878482733938	0.962559530904654	0.975984350024663
TGME49_chrX:2587927:2588392:clu_2074_NA	-0.0139573286995335	5.90812079259737	0.00217175928227284	0.963123722148701	0.976284085334782
TGME49_chrXII:3586055:3586692:clu_2763_NA	-0.010511193748715	6.45861061285594	0.00203355919794905	0.964315449532816	0.977219587134594
TGME49_chrIII:1353464:1354281:clu_395_NA	-0.00963850077536219	6.85438993679152	0.00194663028508672	0.965085958114261	0.977727831032703
TGME49_chrXI:4905944:4906513:clu_2491_NA	0.00835473222330963	6.94069432712626	0.00174950090498003	0.966899831543017	0.979252608575041
KE139822:33779:35040:clu_2987_NA	0.0190847410692108	4.73436871820497	0.00172333323879799	0.967148534009479	0.979252608575041
TGME49_chrXI:5960293:5961384:clu_2535_NA	-0.010230689893892	6.47779858400557	0.00169708048659007	0.967399206985687	0.979252608575041
TGME49_chrVIII:5212551:5213507:clu_1553_NA	-0.00885730035114055	6.95711568042394	0.00153598322035043	0.968984249399385	0.980584005168921
TGME49_chrVIII:6649349:6650077:clu_1630_NA	0.00691313156387967	7.62214282377586	0.00145789991873427	0.969782480788459	0.981118652286682
TGME49_chrXII:6488421:6488710:clu_2915_NA	0.00577970678530624	7.53849864989816	0.0012774586248755	0.971713329072023	0.982798539559489
TGME49_chrVIII:5673205:5674747:clu_1575_NA	0.00469375767977359	8.164586645572	0.00119522553591775	0.972638524856881	0.983460650307305
TGME49_chrX:2128355:2128810:clu_2037_NA	-0.0159203528659696	4.71501195373505	0.00115408847122664	0.973113645611822	0.983667436540316
TGME49_chrIII:1360266:1360655:clu_397_NA	0.00668235326481796	6.89494582807634	0.00107864093832225	0.974006686392345	0.984086933998384
TGME49_chrVIIb:3115593:3116281:clu_1248_NA	0.0114995206630303	5.67243531263044	0.00107338595310607	0.974070093129625	0.984086933998384
TGME49_chrVI:2885784:2886219:clu_813_NA	-0.00585236150372488	7.28516290066321	0.00100903194313068	0.974859095855977	0.984610395508884
TGME49_chrIV:1274566:1275033:clu_485_NA	-0.00702744946573643	6.762990024469	0.000958858038807886	0.975491920677223	0.98497586990603
TGME49_chrXI:1702560:1703205:clu_2356_NA	0.0143532541549759	5.03003154094622	0.000927352488309214	0.975897919606321	0.985112173776444
TGME49_chrVIIb:804609:805094:clu_1125_NA	0.00424349281281957	7.90972745406861	0.000816650302284052	0.97738165108008	0.986336008238781
TGME49_chrVIIb:4886545:4886891:clu_1328_NA	0.0130113459502871	4.79583353409994	0.000794178597014465	0.977695151712692	0.986378539127293
TGME49_chrXII:2243874:2253106:clu_2713_NA	0.0141260474692478	4.43833034621987	0.000687106330974845	0.979253024552011	0.987571856618826
TGME49_chrVIII:788397:788835:clu_1373_NA	-0.0071820268537805	6.15243482477733	0.000675971502965826	0.979421332355122	0.987571856618826
TGME49_chrXI:613535:614059:clu_2317_NA	0.00851383308068765	5.52387976023032	0.000586397273883238	0.98083295659043	0.988646677105976
TGME49_chrIb:895664:896187:clu_147_NA	0.00341720387986738	7.88791714991	0.000574322641693192	0.98103124190406	0.988646677105976
TGME49_chrVIIb:373753:374415:clu_1095_NA	-0.00685655470472896	5.99702248959039	0.000533994856455242	0.981709224984531	0.98905571863048
TGME49_chrVI:2572660:2573130:clu_802_NA	0.00401254603921525	6.83227692779018	0.000366564862253617	0.984845145478962	0.991502281797427
TGME49_chrVIIa:1223227:1223642:clu_905_NA	-0.00424031052640382	6.59465307548782	0.00036102328699115	0.984960121291674	0.991502281797427
TGME49_chrVIIa:1462278:1462563:clu_914_NA	0.00165318498300367	9.71395140116255	0.000358372948792341	0.985015416076241	0.991502281797427
TGME49_chrXII:2452102:2453803:clu_2724_NA	0.00495683143969466	6.15964283088965	0.000348244051408563	0.985228677263358	0.991502281797427
TGME49_chrIb:215126:215639:clu_113_NA	0.00241965697710276	8.04101775197211	0.000299035390810054	0.986311912185526	0.992317686353277
TGME49_chrIV:1892099:1892495:clu_509_NA	-0.00943966572535416	5.01941366406612	0.000147039045613977	0.990401427842627	0.995943821535054
TGME49_chrXII:5905278:5905699:clu_2892_NA	0.00532366490534499	4.8533687524736	0.000145126648992588	0.990464075611891	0.995943821535054
TGME49_chrIII:874287:874882:clu_370_NA	0.002133242147691	7.08447700586343	0.000121842527661284	0.991262360760231	0.996470874270863
TGME49_chrXII:1886600:1886806:clu_2686_NA	-0.00079152259505701	10.1872416490194	0.0001072459878603	0.991802406892471	0.99655060979628
TGME49_chrXI:5354558:5354897:clu_2508_NA	0.00243404742781303	6.42718933112742	0.000104966663452604	0.991889987962295	0.99655060979628
TGME49_chrVIIb:3405688:3405884:clu_1264_NA	0.00505462520772718	4.51198899424367	9.00299405638966e-05	0.992489268675263	0.996877173703946
TGME49_chrIX:6080871:6081331:clu_1923_NA	-0.00344351492593759	5.22040200744162	7.9645749252563e-05	0.9929355629588	0.997049936838463
TGME49_chrVIIa:17210:19437:clu_854_NA	-0.00440816476523727	4.58190273947962	6.62403678687753e-05	0.993557520166856	0.997153465106817
TGME49_chrXI:1646609:1646901:clu_2353_NA	0.00414801608702137	4.51112978031392	6.09971010226651e-05	0.993817765116947	0.997153465106817
TGME49_chrVIIb:5005382:5005795:clu_1333_NA	0.00234188926551793	5.88835409735785	6.0132489817429e-05	0.993861624231636	0.997153465106817
TGME49_chrII:2178352:2178690:clu_313_NA	-0.00372895529346013	4.58164832372508	5.23211834801683e-05	0.994274261404698	0.99729220204362
TGME49_chrIII:2275376:2276543:clu_428_NA	-0.00149236674197318	5.94508300596719	2.58591006354256e-05	0.99597460792871	0.998372377692827
TGME49_chrVIII:6363126:6363318:clu_1612_NA	0.00105687261479193	6.78441439437121	2.41253753346162e-05	0.996111886288088	0.998372377692827
TGME49_chrVIII:2232908:2233004:clu_1425_NA	0.00092148176705987	6.89205767456926	1.96013547071992e-05	0.996495344647746	0.998372377692827
TGME49_chrV:1391474:1392060:clu_612_NA	0.00128469486582125	5.79682524072376	1.52933794462391e-05	0.99690433557973	0.998372377692827
TGME49_chrXI:1026209:1026542:clu_2337_NA	-0.00180729161859954	4.90914968962354	1.50112450630428e-05	0.996933042451041	0.998372377692827
TGME49_chrXII:4240395:4241556:clu_2803_NA	0.000435890051047306	8.71700859741651	1.41903256301652e-05	0.997018059681811	0.998372377692827
TGME49_chrIX:985541:985985:clu_1727_NA	-0.000426359969545187	8.51366215381987	1.18610609819859e-05	0.997273756094265	0.998372377692827
TGME49_chrVI:2448591:2448950:clu_797_NA	-0.000768408897204098	6.20362941135907	8.52686491883924e-06	0.99768848022459	0.998375873918265
TGME49_chrIV:282712:282839:clu_450_NA	-0.000822803957059745	5.76265845349935	6.56362950751406e-06	0.997971968024448	0.998375873918265
TGME49_chrVIII:2252384:2252568:clu_1432_NA	0.000304480633327192	8.28459990290682	5.75365253055634e-06	0.998101217556802	0.998375873918265
TGME49_chrXI:6180102:6180820:clu_2548_NA	-0.000337646466618158	5.94531705427559	1.28912458387973e-06	0.999101225465425	0.999101225465425
