junction	WT1	WT2	WT3	WT4	KD1	KD2	WT_mean	KD_mean	deltaPSI
TGME49_chrIa:21043:21163:clu_2_NA	1.77514792899408	1.31004366812227	1.47783251231527	2.94117647058824	6.97674418604651	4.5662100456621	1.87605014500496	5.77147711585431	3.89542697084934
TGME49_chrIa:48197:48615:clu_5_NA	40.6976744186046	41.5966386554622	42.6415094339623	38.6996904024768	41.5282392026578	46.5671641791045	40.9088782276265	44.0477016908811	3.13882346325467
TGME49_chrIa:48740:49064:clu_5_NA	54.2635658914729	54.6218487394958	54.3396226415094	53.5603715170279	55.1495016611296	50.4477611940299	54.1963521973765	52.7986314275797	-1.39772076979678
TGME49_chrIa:140966:141646:clu_9_NA	98.9637305699482	99.4059405940594	99.5735607675906	99.554565701559	100	99.8233215547703	99.3744494082893	99.9116607773852	0.537211369095843
TGME49_chrIa:141885:142339:clu_10_NA	99.5327102803738	99.21875	99.5726495726496	99.4117647058823	98.9247311827957	99.6509598603839	99.4339686397264	99.2878455215898	-0.146123118136614
TGME49_chrIa:143400:144280:clu_11_NA	99.6	99.4047619047619	99.6402877697842	98.780487804878	100	99.7555012224939	99.356384369856	99.8777506112469	0.521366241390908
TGME49_chrIa:277934:278481:clu_14_NA	0.34965034965035	0.297619047619048	0.961538461538462	0.795053003533569	3.28031809145129	3.59869138495093	0.600965215585357	3.43950473820111	2.83853952261575
TGME49_chrIa:278857:279769:clu_15_NA	12.157721796276	10.5038428693424	11.9585687382298	11.8305355715428	8.12086874409821	8.40867992766727	11.6126672438477	8.26477433588274	-3.34789290796501
TGME49_chrIa:278857:280035:clu_15_NA	60.460021905805	62.0836891545687	62.4293785310734	62.589928057554	68.4608120868744	69.2585895117541	61.8907544122503	68.8597007993142	6.96894638706394
TGME49_chrIa:345463:346099:clu_16_NA	37.5	44	57.8947368421053	45	100	0	46.0986842105263	50	3.90131578947368
TGME49_chrIa:345615:346099:clu_16_NA	62.5	56	42.1052631578947	55	0	100	53.9013157894737	50	-3.90131578947368
TGME49_chrIa:439381:440167:clu_18_NA	99.0654205607477	97.5609756097561	97.4789915966387	97.5903614457831	96.3414634146341	92.2077922077922	97.9239373032314	94.2746278112132	-3.6493094920182
TGME49_chrIa:442519:443899:clu_19_NA	61.1111111111111	62.1176470588235	60.4105571847507	57.8947368421053	57.286432160804	65.3409090909091	60.3835130491977	61.3136706258566	0.9301575766589
TGME49_chrIa:444056:444702:clu_19_NA	38.8888888888889	37.8823529411765	39.5894428152493	39.9521531100478	42.713567839196	34.0909090909091	39.0782094388406	38.4022384650525	-0.675970973788083
TGME49_chrIa:447093:447939:clu_20_NA	100	100	100	100	95.8333333333333	91.8918918918919	100	93.8626126126126	-6.13738738738738
TGME49_chrIa:450603:451092:clu_21_NA	100	98.1132075471698	93.1034482758621	100	100	90.4761904761905	97.804163955758	95.2380952380952	-2.56606871766273
TGME49_chrIa:506153:506373:clu_24_NA	94.5454545454545	92.6470588235294	97.0149253731343	87.1428571428571	90.625	93.1034482758621	92.8375739712439	91.864224137931	-0.973349833312824
TGME49_chrIa:506778:507297:clu_25_NA	89.2307692307692	91.1504424778761	90.9090909090909	82.2429906542056	88	94.2307692307692	88.3833233179855	91.1153846153846	2.73206129739916
TGME49_chrIa:525795:525912:clu_26_NA	31.6363636363636	32.1608040201005	29.2191435768262	28.6069651741293	27.7777777777778	25.7425742574257	30.4058191018549	26.7601760176018	-3.64564308425316
TGME49_chrIa:540780:541787:clu_27_NA	1.7515923566879	2.7027027027027	2.20588235294118	1.7743979721166	0.161290322580645	0.847457627118644	2.1086438461121	0.504373974849645	-1.60426987126245
TGME49_chrIa:551173:551704:clu_29_NA	98.2758620689655	98.5507246376812	96.551724137931	95.9459459459459	100	100	97.3310641976309	100	2.66893580236909
TGME49_chrIa:603643:604359:clu_33_NA	100	94.4444444444444	100	100	97.1428571428571	93.0232558139535	98.6111111111111	95.0830564784053	-3.5280546327058
TGME49_chrIa:619760:620333:clu_34_NA	99.3740219092332	99.783315276273	98.9650711513583	99.6932515337423	100	99.8881431767338	99.4539149676517	99.9440715883669	0.490156620715169
TGME49_chrIa:697676:698235:clu_37_NA	99.878197320341	99.3150684931507	99.774011299435	99.7167138810198	99.2810065907729	99.8133167392657	99.6709977484866	99.5471616650193	-0.123836083467324
TGME49_chrIa:698457:698890:clu_38_NA	41.9727891156463	42.8262046561992	43.2518597236982	41.9493549928333	44.8486799742434	44.5366987711724	42.5000521220942	44.6926893727079	2.19263725061364
TGME49_chrIa:698947:699255:clu_38_NA	54.1496598639456	52.0844612885761	53.2412327311371	53.5594839942666	53.058596265293	52.507472600465	53.2587094694813	52.783034432879	-0.475675036602361
TGME49_chrIa:699562:699991:clu_39_NA	98.8576449912127	99.5118549511855	99.7286295793758	98.9123480486244	99.4930875576037	99.1525423728814	99.2526193925996	99.3228149652425	0.070195572642902
TGME49_chrIa:701978:702603:clu_40_NA	59.6325167037862	60.0536193029491	56.8091451292246	59.5305164319249	57.1473061351604	57.8381606449687	59.0064493919712	57.4927333900645	-1.51371600190667
TGME49_chrIa:702670:702886:clu_40_NA	39.977728285078	39.544235924933	42.4950298210736	40.093896713615	42.7592650264715	42.1021200358316	40.5277226861749	42.4306925311515	1.90296984497667
TGME49_chrIa:702930:703665:clu_41_NA	0.231615518239722	0.184842883548983	0.297914597815293	0.536912751677852	1.34288272157565	1.17130307467057	0.312821437820463	1.25709289812311	0.944271460302647
TGME49_chrIa:702984:703331:clu_41_NA	40.5327156919514	41.543438077634	41.2611717974181	40.8948545861298	42.9125634139063	41.6398243045388	41.0580450382833	42.2761938592225	1.21814882093925
TGME49_chrIa:703403:703665:clu_41_NA	0.405327156919514	0.184842883548983	0.397219463753724	0.447427293064877	0.566994926887496	0.497803806734993	0.358704199321774	0.532399366811244	0.17369516748947
TGME49_chrIa:703441:703665:clu_41_NA	56.2246670526925	56.7005545286506	56.1569016881827	56.5995525727069	53.6854670247687	55.8125915080527	56.4204189605582	54.7490292664107	-1.67138969414749
TGME49_chrIa:705021:706181:clu_42_NA	100	100	100	100	96.2962962962963	97.5	100	96.8981481481482	-3.10185185185185
TGME49_chrIa:726920:728152:clu_43_NA	100	100	100	100	98.2954545454545	97.9166666666667	100	98.1060606060606	-1.89393939393941
TGME49_chrIa:812073:812512:clu_44_NA	55.8375634517767	52.6548672566372	54.5454545454545	53.6231884057971	48.993288590604	58.7301587301587	54.1652684149164	53.8617236603814	-0.303544754534983
TGME49_chrIa:812590:812800:clu_44_NA	44.1624365482233	47.3451327433628	44.5454545454545	44.2028985507246	51.006711409396	38.0952380952381	45.0639805969413	44.550974752317	-0.51300584462431
TGME49_chrIa:873968:874606:clu_46_NA	80	93.75	76.4705882352941	96.6666666666667	60	100	86.7218137254902	80	-6.72181372549019
TGME49_chrIa:884215:884737:clu_47_NA	97.6190476190476	100	89.7435897435898	100	93.8271604938272	94.9494949494949	96.8406593406593	94.3883277216611	-2.45233161899829
TGME49_chrIa:1014333:1014822:clu_48_NA	80	60.7142857142857	68.9655172413793	62.5	76.6666666666667	88.8888888888889	68.0449507389163	82.7777777777778	14.7328270388615
TGME49_chrIa:1198922:1199242:clu_51_NA	95.8333333333333	95.5555555555556	96.969696969697	98.1818181818182	90.9090909090909	100	96.635101010101	95.4545454545455	-1.18055555555556
TGME49_chrIa:1201309:1202101:clu_52_NA	85.7142857142857	53.3333333333333	94.1176470588235	84.6153846153846	80.4878048780488	90.9090909090909	79.4451626804568	85.6984478935698	6.25328521311306
TGME49_chrIa:1296060:1296700:clu_61_NA	100	87.5	100	71.4285714285714	91.6666666666667	84.2105263157895	89.7321428571429	87.9385964912281	-1.79354636591481
TGME49_chrIa:1302062:1302502:clu_62_NA	5.16962843295638	6.04265402843602	8.41346153846154	8.41865756541524	9.33179723502304	10.0461893764434	7.0111003913173	9.68899330573323	2.67789291441593
TGME49_chrIa:1302067:1302502:clu_62_NA	46.2035541195477	43.6018957345972	39.6634615384615	40.5005688282139	43.6635944700461	41.8013856812933	42.4923700552051	42.7324900756697	0.240120020464637
TGME49_chrIa:1302067:1302717:clu_62_NA	4.20032310177706	5.21327014218009	8.29326923076923	6.8259385665529	1.036866359447	1.38568129330254	6.13320026031982	1.21127382637477	-4.92192643394505
TGME49_chrIa:1302523:1302717:clu_62_NA	44.1033925686591	44.9052132701422	43.6298076923077	43.7997724687145	45.852534562212	46.5357967667437	44.1095464999559	46.1941656644778	2.08461916452196
TGME49_chrIa:1333936:1334589:clu_63_NA	94.6236559139785	96.1904761904762	95.4545454545455	93.859649122807	94.0397350993377	97.7941176470588	95.0320816704518	95.9169263731983	0.884844702746506
TGME49_chrIa:1354851:1355385:clu_65_NA	97.3684210526316	100	98.2142857142857	100	100	96.4285714285714	98.8956766917293	98.2142857142857	-0.681390977443598
TGME49_chrIa:1400899:1401375:clu_71_NA	90.9090909090909	100	100	80	90.4761904761905	87.5	92.7272727272727	88.9880952380952	-3.73917748917748
TGME49_chrIa:1443411:1443985:clu_76_NA	NA	100	100	NA	82.3529411764706	75	100	78.6764705882353	-21.3235294117647
TGME49_chrIa:1455558:1456590:clu_77_NA	95.8333333333333	92.3076923076923	100	86.9565217391304	93.75	66.6666666666667	93.774386845039	80.2083333333333	-13.5660535117057
TGME49_chrIa:1464656:1464910:clu_78_NA	55.5555555555556	64.7058823529412	52.9411764705882	52.9411764705882	100	71.4285714285714	56.5359477124183	85.7142857142857	29.1783380018674
TGME49_chrIa:1476609:1477264:clu_81_NA	100	90	92.8571428571429	100	93.1818181818182	93.4782608695652	95.7142857142857	93.3300395256917	-2.38424618859403
TGME49_chrIa:1491035:1492256:clu_82_NA	47.9820627802691	50.5836575875486	47.4820143884892	47.6363636363636	44.1988950276243	36.5758754863813	48.4210245981676	40.3873852570028	-8.03363934116481
TGME49_chrIa:1527383:1527821:clu_84_NA	92.5	100	100	100	93.3333333333333	89.4736842105263	98.125	91.4035087719298	-6.72149122807018
TGME49_chrIa:1530341:1530896:clu_85_NA	92.3076923076923	80	75.8620689655172	95.6521739130435	27.7777777777778	33.3333333333333	85.9554837965633	30.5555555555556	-55.3999282410077
TGME49_chrIa:1656078:1656510:clu_86_NA	100	100	96.2264150943396	92.0634920634921	92.5925925925926	100	97.0724767894579	96.2962962962963	-0.776180493161618
TGME49_chrIa:1667561:1668100:clu_87_NA	100	100	100	100	94.4444444444444	85.2941176470588	100	89.8692810457516	-10.1307189542484
TGME49_chrIa:1722712:1723235:clu_90_NA	40.7407407407407	36.3636363636364	61.5384615384615	39.3939393939394	0	33.3333333333333	44.5091945091945	16.6666666666667	-27.8425278425278
TGME49_chrIa:1727463:1727972:clu_92_NA	81.8181818181818	100	100	93.1034482758621	100	87.5	93.730407523511	93.75	0.0195924764890236
TGME49_chrIa:1811271:1812197:clu_101_NA	100	0	100	NA	0	0	66.6666666666667	0	-66.6666666666667
TGME49_chrIa:1813492:1814354:clu_102_NA	48.7179487179487	53.1746031746032	51.5384615384615	48	36.9047619047619	32.8947368421053	50.3577533577534	34.8997493734336	-15.4580039843198
TGME49_chrIa:1818308:1818570:clu_103_NA	100	100	100	99.2537313432836	96.551724137931	97.5	99.8134328358209	97.0258620689655	-2.78757076685537
TGME49_chrIa:1838600:1839106:clu_104_NA	46.6666666666667	74.0740740740741	59.2592592592593	54.5454545454545	37.5	25	58.6363636363636	31.25	-27.3863636363636
TGME49_chrIb:177801:178685:clu_111_NA	100	100	94.4444444444444	100	100	98.0392156862745	98.6111111111111	99.0196078431373	0.408496732026137
TGME49_chrIb:259466:260350:clu_115_NA	78.030303030303	73.9864864864865	78.5478547854785	79.5138888888889	75	68.3168316831683	77.5196332977892	71.6584158415842	-5.86121745620508
TGME49_chrIb:270031:270557:clu_117_NA	96.969696969697	91.4893617021277	91.0714285714286	86.6666666666667	91.4285714285714	94.5945945945946	91.54928847748	93.011583011583	1.46229453410305
TGME49_chrIb:278082:279180:clu_118_NA	99.1071428571429	99.236641221374	99	98	96.2962962962963	94.9152542372881	98.8359460196292	95.6057752667922	-3.23017075283701
TGME49_chrIb:305591:305909:clu_119_NA	100	94.4444444444444	95.5555555555556	97.5	100	100	96.875	100	3.125
TGME49_chrIb:392676:393256:clu_121_NA	80	76.9230769230769	71.4285714285714	86.6666666666667	80	100	78.7545787545788	90	11.2454212454212
TGME49_chrIb:393318:393789:clu_122_NA	63.1578947368421	66.6666666666667	60	100	80.7692307692308	90	72.4561403508772	85.3846153846154	12.9284750337382
TGME49_chrIb:469037:469478:clu_124_NA	91.1764705882353	97.5	96.1538461538462	100	100	100	96.2075791855204	100	3.79242081447964
TGME49_chrIb:637889:638105:clu_127_NA	98.936170212766	99.2125984251969	100	99.2481203007519	98.7012987012987	100	99.3492222346787	99.3506493506493	0.00142711597067091
TGME49_chrIb:688001:688746:clu_130_NA	100	50	33.3333333333333	83.3333333333333	100	91.1764705882353	66.6666666666667	95.5882352941177	28.921568627451
TGME49_chrIb:688888:689222:clu_131_NA	33.3333333333333	75	100	100	92.5925925925926	86.6666666666667	77.0833333333333	89.6296296296296	12.5462962962963
TGME49_chrIb:707426:708055:clu_132_NA	94.1176470588235	97.5308641975309	98.4126984126984	100	93.6842105263158	96.078431372549	97.5153024172632	94.8813209494324	-2.63398146783079
TGME49_chrIb:708867:709357:clu_133_NA	98.5507246376812	98.6301369863014	100	100	94.4444444444444	98.4126984126984	99.2952154059956	96.4285714285714	-2.86664397742422
TGME49_chrIb:712831:713236:clu_134_NA	99.8507462686567	99.601593625498	99.7118155619597	99.438202247191	100	99.4708994708995	99.6505894258264	99.7354497354497	0.0848603096233802
TGME49_chrIb:713358:713521:clu_135_NA	20.6051873198847	22.8960396039604	22.1549636803874	22.3880597014925	4.55696202531646	6.48567119155355	22.0110625764313	5.521316608435	-16.4897459679963
TGME49_chrIb:713358:713699:clu_135_NA	60.3746397694525	55.5693069306931	60.1694915254237	59.3283582089552	91.2236286919831	87.3303167420815	58.8604491086311	89.2769727170323	30.4165236084012
TGME49_chrIb:713592:713699:clu_135_NA	19.0201729106628	21.5346534653465	17.6755447941889	18.2835820895522	4.21940928270042	6.18401206636501	19.1284883149376	5.20171067453271	-13.9267776404049
TGME49_chrIb:833496:833735:clu_140_NA	87.5	100	100	96.1538461538462	95	98.2456140350877	95.9134615384615	96.6228070175439	0.709345479082316
TGME49_chrIb:839459:839612:clu_141_NA	76.1904761904762	67.3684210526316	62.6865671641791	73.8636363636364	77.2727272727273	79.4871794871795	70.0272751927308	78.3799533799534	8.35267818722257
TGME49_chrIb:839693:839825:clu_141_NA	22.2222222222222	30.5263157894737	34.3283582089552	23.8636363636364	22.7272727272727	17.9487179487179	27.7351331460719	20.3379953379953	-7.39713780807654
TGME49_chrIb:840396:840536:clu_142_NA	46.2962962962963	48.1751824817518	51.1627906976744	50	45.8823529411765	34.8484848484849	48.9085673689306	40.3654188948307	-8.54314847409997
TGME49_chrIb:840617:840737:clu_142_NA	51.8518518518518	45.2554744525547	42.6356589147287	47.5	45.8823529411765	60.6060606060606	46.8107463047838	53.2442067736185	6.43346046883472
TGME49_chrIb:863355:863786:clu_143_NA	98.2142857142857	98.5507246376812	97.4358974358974	99.0476190476191	97.9166666666667	100	98.3121317088708	98.9583333333333	0.646201624462492
TGME49_chrIb:864118:864338:clu_144_NA	53.3333333333333	65.2173913043478	62.5	79.0697674418605	43.75	31.25	65.0301230198854	37.5	-27.5301230198854
TGME49_chrIb:865693:866518:clu_145_NA	20.2380952380952	15.5963302752294	25	19.2982456140351	5.04201680672269	5	20.0331677818399	5.02100840336134	-15.0121593784786
TGME49_chrIb:866263:866518:clu_145_NA	65.4761904761905	71.5596330275229	71	66.6666666666667	83.1932773109244	85.8333333333333	68.675622542595	84.5133053221288	15.8376827795338
TGME49_chrIb:879571:880107:clu_146_NA	88.8888888888889	85	94.4444444444444	84.2105263157895	33.3333333333333	42.8571428571429	88.1359649122807	38.0952380952381	-50.0407268170426
TGME49_chrIb:895664:896005:clu_147_NA	5.37634408602151	8.73015873015873	12.8205128205128	11.1888111888112	3	2.88461538461538	9.52895670637606	2.94230769230769	-6.58664901406837
TGME49_chrIb:1045119:1045426:clu_153_NA	46.0526315789474	46	49.0384615384615	47.5	41.5384615384615	51.4285714285714	47.1477732793522	46.4835164835165	-0.66425679583574
TGME49_chrIb:1045457:1045648:clu_153_NA	52.6315789473684	54	50	50.8333333333333	58.4615384615385	45.7142857142857	51.8662280701754	52.0879120879121	0.221684017736649
TGME49_chrIb:1046149:1046847:clu_154_NA	100	72.7272727272727	75	91.6666666666667	85	61.5384615384615	84.8484848484848	73.2692307692308	-11.5792540792541
TGME49_chrIb:1143393:1145305:clu_158_NA	94.1176470588235	77.2727272727273	82	82.3529411764706	67.4418604651163	78.8461538461538	83.9358288770053	73.1440071556351	-10.7918217213703
TGME49_chrIb:1149237:1149671:clu_160_NA	98.3870967741936	97.0238095238095	97.2375690607735	97.3684210526316	100	99.0196078431373	97.504224102852	99.5098039215686	2.0055798187166
TGME49_chrIb:1210840:1211135:clu_161_NA	100	100	55.5555555555556	85.7142857142857	84.8484848484848	73.9130434782609	85.3174603174603	79.3807641633728	-5.93669615408747
TGME49_chrIb:1348923:1349183:clu_164_NA	25.8064516129032	30.5555555555556	38.0952380952381	39.6825396825397	22.2222222222222	30	33.5349462365591	26.1111111111111	-7.42383512544803
TGME49_chrIb:1349319:1349561:clu_164_NA	74.1935483870968	61.1111111111111	59.5238095238095	57.1428571428571	72.2222222222222	60	62.9928315412186	66.1111111111111	3.11827956989248
TGME49_chrIb:1357034:1357161:clu_166_NA	34.6766635426429	36.150234741784	35.9249329758713	36.485532815808	33.3333333333333	35.2009744214373	35.8093410190266	34.2671538773853	-1.54218714164129
TGME49_chrIb:1357226:1357331:clu_166_NA	29.8031865042174	29.3427230046948	29.9374441465594	29.4989414255469	30.2083333333333	27.4056029232643	29.6455737702547	28.8069681282988	-0.838605641955837
TGME49_chrIb:1357488:1357600:clu_166_NA	34.3017806935333	33.5680751173709	33.3333333333333	32.4629498941426	34.1145833333333	35.2009744214373	33.416534759595	34.6577788773853	1.24124411779029
TGME49_chrIb:1409267:1409380:clu_168_NA	100	100	93.3333333333333	100	100	100	98.3333333333333	100	1.66666666666667
TGME49_chrIb:1409873:1410003:clu_169_NA	65.3333333333333	59.8360655737705	60.7476635514019	62.8571428571429	48.4848484848485	66.6666666666667	62.1935513289121	57.5757575757576	-4.61779375315457
TGME49_chrIb:1410088:1410182:clu_169_NA	34.6666666666667	39.344262295082	38.3177570093458	33.3333333333333	48.4848484848485	33.3333333333333	36.4155048261069	40.9090909090909	4.49358608298397
TGME49_chrIb:1496887:1497515:clu_170_NA	100	97.2972972972973	100	100	97.5	92.6829268292683	99.3243243243243	95.0914634146341	-4.23286090969017
TGME49_chrIb:1561379:1562124:clu_174_NA	96.4285714285714	92.1052631578947	100	97.6744186046512	90	100	96.5520632977793	95	-1.55206329777933
TGME49_chrIb:1571161:1571394:clu_176_NA	99.7782705099778	99.4604316546763	100	99.8581560283688	99.5565410199557	100	99.7742145482557	99.7782705099778	0.00405596172211631
TGME49_chrIb:1573657:1574654:clu_177_NA	92.1985815602837	89.5161290322581	95.1219512195122	89.3333333333333	95.7894736842105	87.7358490566038	91.5424987863468	91.7626613704072	0.220162584060347
TGME49_chrIb:1639739:1640095:clu_180_NA	48.5380116959064	46.1049284578696	49.8676081200353	51.6245487364621	51.5337423312883	51.4285714285714	49.0337742525684	51.4811568799299	2.44738262736152
TGME49_chrIb:1695321:1695841:clu_181_NA	62.0111731843575	68.3035714285714	67.3728813559322	63.7614678899083	51.2987012987013	54.5871559633027	65.3622734646924	52.942928631002	-12.4193448336903
TGME49_chrIb:1722889:1723085:clu_182_NA	97.4137931034483	96.9879518072289	99.3150684931507	100	100	100	98.429203350957	100	1.57079664904303
TGME49_chrIb:1763655:1764419:clu_185_NA	10.6837606837607	12.6279863481229	14.1342756183746	14.5061728395062	34.6994535519126	35.8166189111748	12.9880488724411	35.2580362315437	22.2699873591026
TGME49_chrIb:1766149:1766429:clu_186_NA	100	100	100	100	99.5515695067265	99.3227990970655	100	99.437184301896	-0.562815698104046
TGME49_chrIb:1814369:1814992:clu_189_NA	100	98.2905982905983	97.8260869565217	100	94.6564885496183	98.6842105263158	99.02917131178	96.670349537967	-2.35882177381296
TGME49_chrII:31636:32245:clu_193_NA	43.3962264150943	50	48.1481481481481	49.2063492063492	56.7567567567568	54.5454545454545	47.6876809423979	55.6511056511057	7.96342470870773
TGME49_chrII:39125:39748:clu_195_NA	99.1967871485944	97.3509933774834	99.6539792387543	98.0821917808219	99.1071428571429	95.4918032786885	98.5709878864135	97.2994730679157	-1.27151481849782
TGME49_chrII:86947:91339:clu_197_NA	96.2962962962963	97.1264367816092	97.3273942093541	95.5223880597015	97.7238239757208	97.4242424242424	96.5681288367403	97.5740331999816	1.00590436324134
TGME49_chrII:98441:99443:clu_199_NA	78.5714285714286	94.7368421052632	100	96.875	55.1724137931034	68.75	92.5458176691729	61.9612068965517	-30.5846107726212
TGME49_chrII:108334:109514:clu_201_NA	0	100	40	0	100	100	35	100	65
TGME49_chrII:110428:111322:clu_202_NA	72.0930232558139	69.5035460992908	63.6363636363636	57.0621468926554	62.2395833333333	70.6896551724138	65.5737699710309	66.4646192528736	0.890849281842634
TGME49_chrII:111522:112031:clu_202_NA	27.906976744186	29.7872340425532	34.5454545454545	42.3728813559322	37.2395833333333	29.0229885057471	33.6531366720315	33.1312859195402	-0.521850752491268
TGME49_chrII:189094:189522:clu_204_NA	95	88.5714285714286	88.8888888888889	96.969696969697	100	100	92.3575036075036	100	7.6424963924964
TGME49_chrII:223651:224579:clu_207_NA	95.1612903225807	91.1392405063291	93.5483870967742	94.6666666666667	89.4736842105263	100	93.6288961480877	94.7368421052632	1.10794595717549
TGME49_chrII:300254:301051:clu_210_NA	99.2565055762082	99.8540145985401	99.6598639455782	99.8595505617977	99.8463901689708	99.3243243243243	99.6574836705311	99.5853572466476	-0.0721264238835175
TGME49_chrII:309215:309568:clu_211_NA	95.8333333333333	93.1818181818182	88.4615384615385	93.3333333333333	33.3333333333333	100	92.7025058275058	66.6666666666667	-26.0358391608392
TGME49_chrII:309925:310216:clu_212_NA	85	83.3333333333333	76	80.4878048780488	100	81.8181818181818	81.2052845528455	90.9090909090909	9.70380635624537
TGME49_chrII:405472:406226:clu_219_NA	100	99.7067448680352	100	99.4871794871795	99.2307692307692	98.2300884955752	99.7984810888037	98.7304288631722	-1.06805222563145
TGME49_chrII:418916:419169:clu_220_NA	57.1428571428571	49.5327102803738	50	51.7543859649123	47.2222222222222	50	52.1074883470358	48.6111111111111	-3.4963772359247
TGME49_chrII:419249:419814:clu_220_NA	41.2698412698413	50.4672897196262	48.9130434782609	46.4912280701754	50	50	46.7853506344759	50	3.21464936552407
TGME49_chrII:426294:427256:clu_221_NA	100	100	92.8571428571429	76.9230769230769	100	0	92.4450549450549	50	-42.4450549450549
TGME49_chrII:468541:469184:clu_223_NA	29.7909407665505	29.8018292682927	27.8131634819533	28.5817655571635	27.6582278481013	28.5895806861499	28.99692476849	28.1239042671256	-0.873020501364412
TGME49_chrII:469244:469680:clu_223_NA	38.6759581881533	39.1006097560976	35.5980184005662	36.5412445730825	34.3037974683544	37.2299872935197	37.4789577294749	35.7668923809371	-1.71206534853782
TGME49_chrII:469872:470025:clu_223_NA	31.2717770034843	31.0213414634146	36.0226468506723	34.5875542691751	37.7848101265823	33.7992376111817	33.2258298966866	35.792023868882	2.56619397219539
TGME49_chrII:811874:812321:clu_230_NA	54.0540540540541	39.1304347826087	52.5	34.1463414634146	38.5542168674699	37.6237623762376	44.9577075750193	38.0889896218538	-6.86871795316559
TGME49_chrII:811874:812946:clu_230_NA	13.5135135135135	39.1304347826087	17.5	41.4634146341463	25.3012048192771	23.7623762376238	27.9018407325671	24.5317905284504	-3.3700502041167
TGME49_chrII:812393:812946:clu_230_NA	16.2162162162162	4.34782608695652	10	7.31707317073171	26.5060240963855	26.7326732673267	9.47027886847611	26.6193486818561	17.14906981338
TGME49_chrII:866273:866792:clu_236_NA	91.6666666666667	97.1428571428571	97.6190476190476	91.8367346938776	95.7746478873239	89.6907216494845	94.5663265306122	92.7326847684042	-1.833641762208
TGME49_chrII:881514:882155:clu_239_NA	100	100	96.2962962962963	100	89.5522388059701	83.0769230769231	99.0740740740741	86.3145809414466	-12.7594931326275
TGME49_chrII:921539:922277:clu_240_NA	47.6190476190476	53.6585365853659	49.2753623188406	51.3513513513513	62.5	34.1463414634146	50.4760744686513	48.3231707317073	-2.15290373694403
TGME49_chrII:922417:923252:clu_240_NA	52.3809523809524	42.2764227642276	47.1014492753623	44.5945945945946	37.5	63.4146341463415	46.5883547537842	50.4573170731707	3.86896231938649
TGME49_chrII:959130:959824:clu_242_NA	94.7368421052632	87.0967741935484	96.078431372549	81.25	95.2380952380952	80	89.7905119178401	87.6190476190476	-2.17146429879251
TGME49_chrII:959958:960428:clu_243_NA	100	100	100	98.1481481481482	100	82.6086956521739	99.537037037037	91.304347826087	-8.23268921095008
TGME49_chrII:1057372:1057861:clu_245_NA	85.9375	83.7209302325581	88.1578947368421	91.0891089108911	77.3584905660377	74.4186046511628	87.2263584700728	75.8885476086003	-11.3378108614726
TGME49_chrII:1123575:1124476:clu_248_NA	95.6521739130435	94.7368421052632	96.1538461538462	96.1538461538462	58.3333333333333	52.1739130434783	95.6741770814997	55.2536231884058	-40.4205538930939
TGME49_chrII:1127807:1128227:clu_250_NA	100	96.8253968253968	96.4912280701754	98.3606557377049	100	97.1428571428571	97.9193201583193	98.5714285714286	0.652108413109275
TGME49_chrII:1207032:1207878:clu_253_NA	100	98.0392156862745	97.6190476190476	100	96	92	98.9145658263305	94	-4.91456582633053
TGME49_chrII:1250605:1250909:clu_254_NA	97.5510204081633	98.3277591973244	98.8805970149254	97.9452054794521	97.3684210526316	100	98.1761455249663	98.6842105263158	0.508065001349507
TGME49_chrII:1250983:1251304:clu_255_NA	52.9284164859002	53.8194444444444	56.6666666666667	53.76	56.007393715342	57.8947368421053	54.2936318992528	56.9510652787236	2.65743337947078
TGME49_chrII:1315635:1315896:clu_258_NA	100	100	100	81.5789473684211	100	100	95.3947368421053	100	4.60526315789474
TGME49_chrII:1316753:1316999:clu_259_NA	64.5161290322581	60.6060606060606	65.3846153846154	43.4782608695652	71.4285714285714	80	58.4962664731248	75.7142857142857	17.2180192411609
TGME49_chrII:1408407:1408785:clu_268_NA	92.5	96.6101694915254	91.6666666666667	98.1481481481482	98.3333333333333	92.7536231884058	94.7312460765851	95.5434782608696	0.812232184284511
TGME49_chrII:1421953:1422452:clu_272_NA	44.0506329113924	44.1509433962264	44.7826086956522	42.4124513618677	36.0294117647059	40.8805031446541	43.8491590912847	38.45495745468	-5.39420163660469
TGME49_chrII:1421953:1423167:clu_272_NA	5.31645569620253	6.0377358490566	7.82608695652174	6.6147859922179	10.2941176470588	5.66037735849057	6.44876612349969	7.97724750277469	1.528481379275
TGME49_chrII:1422668:1423167:clu_272_NA	44.8101265822785	43.5849056603774	44.1304347826087	45.7198443579767	47.7941176470588	33.9622641509434	44.5613278458103	40.8781908990011	-3.68313694680919
TGME49_chrII:1423284:1423927:clu_273_NA	46.9387755102041	44.3333333333333	45.7142857142857	47.9564032697548	50	46.7289719626168	46.2356994568945	48.3644859813084	2.12878652441394
TGME49_chrII:1423284:1424237:clu_273_NA	4.89795918367347	4.33333333333333	2.85714285714286	2.17983651226158	3.57142857142857	0.934579439252336	3.56706797160281	2.25300400534045	-1.31406396626236
TGME49_chrII:1424003:1424237:clu_273_NA	48.1632653061224	51.3333333333333	50.3571428571429	49.0463215258856	46.4285714285714	52.3364485981308	49.725015755621	49.3825100133511	-0.342505742269907
TGME49_chrII:1437502:1437907:clu_274_NA	39.6551724137931	39.5348837209302	35.0649350649351	49.2063492063492	61.6438356164384	54.2372881355932	40.8653351015019	57.9405618760158	17.0752267745139
TGME49_chrII:1439261:1439720:clu_275_NA	97.6744186046512	98.4126984126984	94.4444444444444	100	98.6111111111111	98.7341772151899	97.6328903654485	98.6726441631505	1.03975379770199
TGME49_chrII:1451212:1451980:clu_276_NA	98.6425339366516	99.0066225165563	98.9010989010989	98.1651376146789	100	98.1012658227848	98.6788482422464	99.0506329113924	0.371784669145981
TGME49_chrII:1452062:1452760:clu_277_NA	97.0443349753695	96.9565217391304	96.4824120603015	93.8524590163934	99.1379310344828	95.5223880597015	96.0839319477987	97.3301595470921	1.24622759929342
TGME49_chrII:1471448:1471938:clu_281_NA	97.7777777777778	99.0196078431373	100	98.3870967741936	92.741935483871	94.7368421052632	98.7961205987772	93.739388794567	-5.0567318042101
TGME49_chrII:1472671:1473008:clu_282_NA	100	99.2307692307692	98.2608695652174	100	98.0392156862745	99.375	99.3729096989967	98.7071078431373	-0.665801855859399
TGME49_chrII:1517134:1517439:clu_284_NA	99.2424242424242	99.3576017130621	99.1951710261569	98.9614243323442	99.672131147541	100	99.1891553284969	99.8360655737705	0.646910245273617
TGME49_chrII:1553934:1554137:clu_286_NA	98.9473684210526	98.8095238095238	98.0392156862745	96.6666666666667	100	100	98.1156936458794	100	1.8843063541206
TGME49_chrII:1773904:1774900:clu_291_NA	30.8641975308642	32.4432576769025	35.3470437017995	35.7786357786358	37.4080882352941	34.3691148775895	33.6082836720505	35.8886015564418	2.28031788439128
TGME49_chrII:1775038:1775687:clu_291_NA	67.3721340388007	66.4886515353805	63.4961439588689	62.6769626769627	61.0294117647059	64.2184557438795	65.0084730525032	62.6239337542927	-2.38453929821051
TGME49_chrII:1775250:1775687:clu_291_NA	1.41093474426808	0.667556742323097	0.51413881748072	0.643500643500644	1.19485294117647	1.2241054613936	0.809032736893135	1.20947920128503	0.400446464391899
TGME49_chrII:1776192:1776673:clu_292_NA	98.6363636363636	100	99.0689013035382	99.2818671454219	99.5341614906832	99.1128010139417	99.2467830213309	99.3234812523125	0.0766982309815347
TGME49_chrII:1776710:1777218:clu_293_NA	57.1428571428571	100	75	88.2352941176471	39.5833333333333	75	80.094537815126	57.2916666666667	-22.8028711484594
TGME49_chrII:1776710:1777237:clu_293_NA	42.8571428571429	0	25	11.7647058823529	60.4166666666667	25	19.9054621848739	42.7083333333333	22.8028711484594
TGME49_chrII:1804366:1805434:clu_296_NA	95.7894736842105	97.2727272727273	95.5223880597015	95.4198473282443	100	95.3846153846154	96.0011090862209	97.6923076923077	1.6911986060868
TGME49_chrII:1822344:1822819:clu_298_NA	96.6292134831461	98.0769230769231	100	98.4375	98.3193277310924	93.3774834437086	98.2859091400173	95.8484055874005	-2.43750355261676
TGME49_chrII:1831452:1832431:clu_300_NA	100	99.3506493506494	100	100	99.4047619047619	98.4375	99.8376623376623	98.921130952381	-0.916531385281374
TGME49_chrII:1837268:1837821:clu_302_NA	4.59770114942529	3.47222222222222	0.78125	4.79452054794521	16.5217391304348	11.304347826087	3.41142347989818	13.9130434782609	10.5016199983627
TGME49_chrII:1940199:1941328:clu_303_NA	96.6666666666667	100	100	100	100	96.2962962962963	99.1666666666667	98.1481481481482	-1.01851851851852
TGME49_chrII:2007469:2008115:clu_307_NA	61.8556701030928	52.8985507246377	57.2413793103448	53.0612244897959	53.763440860215	53.8461538461538	56.2642061569678	53.8047973531844	-2.45940880378335
TGME49_chrII:2079946:2080175:clu_309_NA	84.8484848484848	88.2352941176471	88.6363636363636	92.156862745098	86.3636363636364	94.7368421052632	88.4692513368984	90.5502392344497	2.08098789755135
TGME49_chrII:2135897:2140894:clu_310_NA	89.2857142857143	92.375366568915	93.6046511627907	92.3273657289003	95.5555555555556	90.6542056074766	91.8982744365801	93.1048805815161	1.20660614493605
TGME49_chrII:2142095:2142663:clu_311_NA	98.9010989010989	98.1566820276498	98.0769230769231	96.8	99.0384615384615	100	97.9836760014179	99.5192307692308	1.53555476781284
TGME49_chrII:2222289:2222798:clu_315_NA	100	86.9565217391304	100	80.7692307692308	100	100	91.9314381270903	100	8.0685618729097
TGME49_chrII:2227627:2228055:clu_316_NA	92.5925925925926	88.135593220339	84.0909090909091	97.6190476190476	88.8888888888889	100	90.6095356307221	94.4444444444444	3.83490881372238
TGME49_chrII:2237847:2238232:clu_317_NA	100	50	100	100	75	80.5555555555556	87.5	77.7777777777778	-9.72222222222223
TGME49_chrII:2241822:2242890:clu_320_NA	50	100	66.6666666666667	100	70.5882352941177	100	79.1666666666667	85.2941176470588	6.12745098039217
TGME49_chrII:2243682:2244243:clu_321_NA	75	66.6666666666667	NA	100	59.5238095238095	69.0476190476191	80.5555555555556	64.2857142857143	-16.2698412698413
TGME49_chrII:2245960:2246322:clu_322_NA	20	15.3846153846154	38.4615384615385	35.7142857142857	30.5555555555556	48	27.3901098901099	39.2777777777778	11.8876678876679
TGME49_chrIII:22742:23283:clu_325_NA	100	80	100	66.6666666666667	65.8536585365854	71.875	86.6666666666667	68.8643292682927	-17.802337398374
TGME49_chrIII:23367:24155:clu_326_NA	50	100	50	NA	50	33.3333333333333	66.6666666666667	41.6666666666667	-25
TGME49_chrIII:24230:25074:clu_326_NA	50	0	50	NA	39.4736842105263	57.7777777777778	33.3333333333333	48.625730994152	15.2923976608187
TGME49_chrIII:122945:123126:clu_329_NA	100	83.3333333333333	85.7142857142857	83.3333333333333	86.6666666666667	83.8709677419355	88.0952380952381	85.2688172043011	-2.82642089093702
TGME49_chrIII:181429:182017:clu_334_NA	100	99.4845360824742	100	98.3412322274881	99.8148148148148	99.5959595959596	99.4564420774906	99.7053872053872	0.248945127896619
TGME49_chrIII:189941:191014:clu_335_NA	100	100	73.3333333333333	82.7586206896552	100	25	89.0229885057471	62.5	-26.5229885057471
TGME49_chrIII:305122:306022:clu_338_NA	96.551724137931	98.1818181818182	98.8505747126437	98.989898989899	100	100	98.143504005573	100	1.85649599442704
TGME49_chrIII:306085:306567:clu_339_NA	96.5909090909091	96.5217391304348	96.5909090909091	92.5619834710744	97.0802919708029	93.6170212765958	95.5663851958318	95.3486566236993	-0.217728572132515
TGME49_chrIII:312284:313048:clu_341_NA	86.6666666666667	100	94.5454545454545	71.7948717948718	96	90.625	88.2517482517483	93.3125	5.06075174825175
TGME49_chrIII:318598:319866:clu_342_NA	90	93.9393939393939	92.8571428571429	95.3488372093023	88.2352941176471	93.75	93.0363435014598	90.9926470588235	-2.04369644263625
TGME49_chrIII:335222:336004:clu_344_NA	90.4761904761905	95	85	77.2151898734177	68.1818181818182	64.2857142857143	86.9228450874021	66.2337662337662	-20.6890788536358
TGME49_chrIII:361501:361918:clu_345_NA	77.7777777777778	77.7777777777778	92.8571428571429	100	100	91.304347826087	87.1031746031746	95.6521739130435	8.54899930986886
TGME49_chrIII:370134:370529:clu_346_NA	95.6521739130435	94.7368421052632	100	91.6666666666667	95.7446808510638	96	95.5139206712433	95.8723404255319	0.35841975428859
TGME49_chrIII:370634:371196:clu_347_NA	27.5862068965517	46.1538461538462	36	46.5116279069767	53.4883720930233	52.3809523809524	39.0629202393437	52.9346622369878	13.8717419976442
TGME49_chrIII:376645:377387:clu_348_NA	76.4705882352941	94.1176470588235	95	100	96.9924812030075	96.2025316455696	91.3970588235294	96.5975064242886	5.20044760075916
TGME49_chrIII:377914:378249:clu_349_NA	95	96.9230769230769	95.2380952380952	98.2456140350877	99.3464052287582	98.6301369863014	96.351696549065	98.9882711075298	2.6365745584648
TGME49_chrIII:378647:378974:clu_350_NA	100	96.6666666666667	100	98.2456140350877	97.9865771812081	100	98.7280701754386	98.993288590604	0.265218415165435
TGME49_chrIII:391760:392094:clu_352_NA	95	96.4705882352941	100	96.7741935483871	100	100	97.0611954459203	100	2.9388045540797
TGME49_chrIII:398159:398361:clu_353_NA	50.9009009009009	51.5384615384615	50.8650519031142	50	53.7832310838446	50.1748251748252	50.8261035856192	51.9790281293349	1.15292454371572
TGME49_chrIII:398495:398650:clu_353_NA	47.2972972972973	47.6923076923077	48.7889273356401	48.2269503546099	45.1942740286299	48.7762237762238	48.0013706699638	46.9852489024268	-1.01612176753694
TGME49_chrIII:400955:401308:clu_354_NA	28.5714285714286	30.188679245283	25.2747252747253	26.2773722627737	42.0353982300885	34.5070422535211	27.5780513385526	38.2712202418048	10.6931689032522
TGME49_chrIII:401093:401308:clu_354_NA	71.4285714285714	69.811320754717	74.7252747252747	73.7226277372263	57.9646017699115	65.4929577464789	72.4219486614473	61.7287797581952	-10.6931689032522
TGME49_chrIII:490306:490670:clu_356_NA	100	96.4285714285714	100	92.3076923076923	100	92.156862745098	97.1840659340659	96.078431372549	-1.10563456151691
TGME49_chrIII:620036:621143:clu_359_NA	96.6666666666667	97.5247524752475	95.6140350877193	98.974358974359	95.7446808510638	98.0769230769231	97.1949533009981	96.9108019639934	-0.284151337004673
TGME49_chrIII:762979:763290:clu_365_NA	95.5882352941177	87.5	81.25	91.0112359550562	92.6829268292683	93.75	88.8373678122935	93.2164634146341	4.3790956023407
TGME49_chrIII:827709:828347:clu_366_NA	100	100	100	100	98.6301369863014	97.2789115646258	100	97.9545242754636	-2.0454757245364
TGME49_chrIII:837690:838056:clu_367_NA	97.3333333333333	100	100	98.4732824427481	100	99.4318181818182	98.9516539440204	99.7159090909091	0.764255146888729
TGME49_chrIII:931130:931417:clu_371_NA	80	94.7368421052632	94.1176470588235	100	83.3333333333333	100	92.2136222910217	91.6666666666667	-0.546955624354993
TGME49_chrIII:936374:937126:clu_372_NA	100	94.6428571428571	100	100	92.8571428571429	92.3076923076923	98.6607142857143	92.5824175824176	-6.0782967032967
TGME49_chrIII:939658:939863:clu_373_NA	55.1724137931034	49.3975903614458	48.4536082474227	49.0384615384615	37.037037037037	41.3793103448276	50.5155184851084	39.2081736909323	-11.307344794176
TGME49_chrIII:943313:943629:clu_374_NA	98.4126984126984	97.5609756097561	96.875	98.9130434782609	99.1561181434599	98.75	97.9404293751788	98.95305907173	1.01262969655113
TGME49_chrIII:943713:943996:clu_375_NA	16.6666666666667	14.261744966443	14.662273476112	17.1428571428571	20	18.75	15.6833855630197	19.375	3.6916144369803
TGME49_chrIII:943713:944610:clu_375_NA	68.1818181818182	71.9798657718121	71.334431630972	69.1729323308271	62.5490196078431	64.8320895522388	70.1672619788573	63.690554580041	-6.47670739881636
TGME49_chrIII:944049:944610:clu_375_NA	13.2034632034632	10.738255033557	10.5436573311367	9.02255639097744	13.921568627451	13.2462686567164	10.8769829897836	13.5839186420837	2.70693565230009
TGME49_chrIII:944161:944610:clu_375_NA	1.73160173160173	2.3489932885906	2.96540362438221	3.90977443609023	3.52941176470588	2.98507462686567	2.73894327016619	3.25724319578578	0.518299925619584
TGME49_chrIII:949086:949450:clu_376_NA	99.8717948717949	99.9063670411985	100	100	99.9280575539568	99.7003745318352	99.9445404782483	99.814216042896	-0.130324435352321
TGME49_chrIII:949577:949796:clu_377_NA	100	100	100	100	99.7804610318331	99.5846313603323	100	99.6825461960827	-0.317453803917289
TGME49_chrIII:966819:967161:clu_378_NA	100	98.3050847457627	100	97.2222222222222	100	98.2142857142857	98.8818267419962	99.1071428571429	0.225316115146626
TGME49_chrIII:972700:972897:clu_379_NA	98.1927710843374	98.3957219251337	98.4042553191489	99.1489361702128	98.7903225806452	99.1561181434599	98.5354211247082	98.9732203620525	0.43779923734435
TGME49_chrIII:977294:977408:clu_381_NA	50.9157509157509	51.2367491166078	48.8970588235294	50.5154639175258	46.2732919254658	50.9090909090909	50.3912556933535	48.5911914172784	-1.8000642760751
TGME49_chrIII:977573:977692:clu_381_NA	49.0842490842491	47.3498233215548	48.8970588235294	48.7972508591065	53.1055900621118	48.3116883116883	48.5320955221099	50.7086391869001	2.17654366479011
TGME49_chrIII:1083207:1083637:clu_382_NA	55.7142857142857	54.75	48.9583333333333	51.4541387024609	53.9823008849557	52.9166666666667	52.71918943752	53.4494837758112	0.73029433829123
TGME49_chrIII:1083745:1084030:clu_382_NA	43.5714285714286	44.75	50.2604166666667	48.3221476510067	45.1327433628319	47.0833333333333	46.7259982222755	46.1080383480826	-0.617959874192891
TGME49_chrIII:1101703:1102312:clu_383_NA	17.5609756097561	16.6666666666667	16.5957446808511	13.6094674556213	6.44718792866941	7.85714285714286	16.1082136032238	7.15216539290613	-8.95604821031765
TGME49_chrIII:1101927:1102312:clu_383_NA	80.4878048780488	82.9545454545455	82.7659574468085	86.1932938856016	93.278463648834	91.7142857142857	83.1004004162511	92.4963746815599	9.39597426530878
TGME49_chrIII:1106208:1106487:clu_384_NA	50.7537688442211	50.4237288135593	50	50.6122448979592	50.3267973856209	48.7654320987654	50.4474356389349	49.5461147421932	-0.901320896741737
TGME49_chrIII:1192662:1192838:clu_389_NA	46.1538461538462	63.6363636363636	71.4285714285714	69.2307692307692	78.125	78.2608695652174	62.6123876123876	78.1929347826087	15.5805471702211
TGME49_chrIII:1222922:1223209:clu_391_NA	49.1055456171735	47.9182437547313	49.5954692556634	48.6842105263158	48.8168724279835	50.6382978723404	48.825867288471	49.727585150162	0.901717861690983
TGME49_chrIII:1223349:1223779:clu_391_NA	50.4472271914132	51.778955336866	50.0809061488673	51.0964912280702	51.0288065843621	49.1489361702128	50.8508949763042	50.0888713772875	-0.762023599016729
TGME49_chrIII:1276875:1277276:clu_392_NA	97.7272727272727	95.8333333333333	94.1176470588235	94.8717948717949	95.7142857142857	90.5405405405405	95.6375119978061	93.1274131274131	-2.51009887039299
TGME49_chrIII:1280974:1281399:clu_393_NA	100	86.9565217391304	93.3333333333333	95.4545454545455	93.6170212765958	84	93.9361001317523	88.8085106382979	-5.12758949345444
TGME49_chrIII:1282085:1290455:clu_394_NA	10.4347826086957	3.42465753424658	7.14285714285714	9.14285714285714	12.7946127946128	7.66550522648084	7.53628860716413	10.2300590105468	2.69377040338269
TGME49_chrIII:1289035:1290455:clu_394_NA	89.5652173913044	96.5753424657534	92.8571428571429	90.8571428571429	87.2053872053872	92.3344947735192	92.4637113928359	89.7699409894532	-2.6937704033827
TGME49_chrIII:1353399:1354281:clu_395_NA	28.2608695652174	7.84313725490196	16.0714285714286	13.953488372093	26.1538461538462	32.3076923076923	16.5322309409102	29.2307692307692	12.698538289859
TGME49_chrIII:1357869:1359599:clu_396_NA	2.40963855421687	1.47058823529412	9.41176470588235	7.27272727272727	15.1515151515152	20	5.14117969203015	17.5757575757576	12.4345778837274
TGME49_chrIII:1718073:1718725:clu_403_NA	90.9090909090909	95.1219512195122	100	100	95.5882352941177	100	96.5077605321508	97.7941176470588	1.28635711490806
TGME49_chrIII:1741745:1742724:clu_404_NA	0.178571428571429	0.121802679658952	0.127226463104326	0.115606936416185	2.7681660899654	1.42348754448399	0.135801876937723	2.09582681722469	1.96002494028697
TGME49_chrIII:1741745:1743107:clu_404_NA	99.8214285714286	99.878197320341	99.8727735368957	99.8843930635838	96.3091118800461	98.1020166073547	99.8641981230623	97.2055642437004	-2.65863387936186
TGME49_chrIII:1758696:1759102:clu_406_NA	100	100	100	100	97.7777777777778	98.2142857142857	100	97.9960317460317	-2.00396825396825
TGME49_chrIII:1877945:1878233:clu_410_NA	39.344262295082	45.3947368421053	38.9830508474576	39.3782383419689	36.5217391304348	34.3137254901961	40.7750720816534	35.4177323103154	-5.35733977133801
TGME49_chrIII:1884478:1884616:clu_411_NA	44.8763250883392	46	40.5797101449275	44.6969696969697	41.0094637223975	43.1818181818182	44.0382512325591	42.0956409521078	-1.94261028045128
TGME49_chrIII:1884694:1885100:clu_411_NA	55.1236749116608	53.2	59.4202898550725	54.1666666666667	58.3596214511041	55.9659090909091	55.47765785835	57.1627652710066	1.68510741265662
TGME49_chrIII:1885522:1885670:clu_412_NA	53.5353535353535	56.9060773480663	49.5384615384615	52.9556650246305	54.093567251462	57.6530612244898	53.233889361628	55.8733142379759	2.63942487634791
TGME49_chrIII:1997808:1999033:clu_416_NA	39.1752577319588	46.875	45.1923076923077	36.6197183098592	32.258064516129	33.3333333333333	41.9655709335314	32.7956989247312	-9.16987200880022
TGME49_chrIII:1999230:1999729:clu_416_NA	58.7628865979381	52.0833333333333	53.8461538461538	62.6760563380282	64.5161290322581	66.6666666666667	56.8421075288634	65.5913978494624	8.74929032059899
TGME49_chrIII:2122781:2123651:clu_418_NA	100	100	98.2758620689655	99.2537313432836	95.8333333333333	95.0617283950617	99.3823983530623	95.4475308641975	-3.93486748886473
TGME49_chrIII:2130420:2130880:clu_419_NA	100	96.7741935483871	92.8571428571429	97.5609756097561	88.8888888888889	100	96.7980780038215	94.4444444444444	-2.35363355937707
TGME49_chrIII:2262959:2263160:clu_424_NA	68.75	61.1111111111111	65.2173913043478	45.4545454545455	20	33.3333333333333	60.1332619675011	26.6666666666667	-33.4665953008344
TGME49_chrIII:2276757:2276899:clu_430_NA	13.1578947368421	13.0434782608696	30.6122448979592	21.2765957446809	0	0	19.5225534100879	0	-19.5225534100879
TGME49_chrIII:2284648:2284799:clu_432_NA	57.6576576576577	49.079754601227	57.6642335766423	45.6410256410256	47.0588235294118	43.1578947368421	52.5106678691382	45.1083591331269	-7.40230873601122
TGME49_chrIII:2367679:2368234:clu_437_NA	31.25	4.54545454545455	30	29.1666666666667	61.1111111111111	34.375	23.7405303030303	47.7430555555556	24.0025252525253
TGME49_chrIII:2461728:2461872:clu_439_NA	0	NA	0	50	43.75	39.3939393939394	16.6666666666667	41.5719696969697	24.905303030303
TGME49_chrIII:2461728:2462647:clu_439_NA	100	NA	100	50	34.375	36.3636363636364	83.3333333333333	35.3693181818182	-47.9640151515151
TGME49_chrIV:103913:104385:clu_441_NA	32.258064516129	36.2068965517241	39	31.8681318681319	30.2325581395349	26.9230769230769	34.8332732339963	28.5778175313059	-6.25545570269036
TGME49_chrIV:105381:105798:clu_442_NA	40.5228758169935	41.4634146341463	41.2322274881517	42.5925925925926	34.8837209302326	37.1134020618557	41.452777632971	35.9985614960441	-5.4542161369269
TGME49_chrIV:105586:105798:clu_442_NA	59.4771241830065	58.5365853658537	58.7677725118483	57.4074074074074	65.1162790697674	62.8865979381443	58.547222367029	64.0014385039559	5.4542161369269
TGME49_chrIV:268449:269320:clu_447_NA	93.75	91.6666666666667	93.9393939393939	97.4358974358974	100	95	94.1979895104895	97.5	3.30201048951049
TGME49_chrIV:389799:390532:clu_452_NA	95.4545454545455	93.9393939393939	84	87.5	65	78.125	90.2234848484848	71.5625	-18.6609848484848
TGME49_chrIV:390149:390532:clu_452_NA	4.54545454545455	6.06060606060606	16	12.5	35	21.875	9.77651515151515	28.4375	18.6609848484848
TGME49_chrIV:497172:497954:clu_456_NA	54.5454545454545	63.0952380952381	49.2537313432836	44.4444444444444	36.6666666666667	51.7857142857143	52.8347171071052	44.2261904761905	-8.60852663091468
TGME49_chrIV:540615:541120:clu_457_NA	100	100	98.5074626865672	96.969696969697	98.1132075471698	97.6744186046512	98.869289914066	97.8938130759105	-0.975476838155544
TGME49_chrIV:541352:542017:clu_458_NA	93.5064935064935	100	95.8333333333333	100	100	98.9247311827957	97.3349567099567	99.4623655913979	2.12740888144114
TGME49_chrIV:551021:552285:clu_459_NA	99.9492900608519	99.9586776859504	99.7947454844007	99.9287241625089	99.7990353697749	99.7998398718975	99.907859348428	99.7994376208362	-0.108421727591761
TGME49_chrIV:562903:563263:clu_460_NA	100	93.6170212765958	93.4782608695652	100	100	100	96.7738205365402	100	3.22617946345976
TGME49_chrIV:614258:614387:clu_461_NA	100	66.6666666666667	0	50	66.6666666666667	71.875	54.1666666666667	69.2708333333333	15.1041666666667
TGME49_chrIV:716599:717236:clu_464_NA	100	98.5294117647059	98.7261146496815	99.4444444444444	100	98.7951807228916	99.174992714708	99.3975903614458	0.22259764673781
TGME49_chrIV:894681:895437:clu_466_NA	77.7777777777778	100	93.3333333333333	61.5384615384615	83.3333333333333	100	83.1623931623932	91.6666666666667	8.50427350427351
TGME49_chrIV:933059:933930:clu_469_NA	96.9072164948454	99.1525423728814	100	100	98.2857142857143	97.4576271186441	99.0149397169317	97.8716707021792	-1.14326901475249
TGME49_chrIV:934103:936155:clu_470_NA	98.5294117647059	95.8677685950413	97.196261682243	91.5789473684211	96.3768115942029	95.7264957264957	95.7930973526028	96.0516536603493	0.258556307746488
TGME49_chrIV:1165482:1165614:clu_475_NA	47.7611940298507	46.830985915493	48.0519480519481	44.4444444444444	39.0804597701149	49.1803278688525	46.7721431104341	44.1303938194837	-2.64174929095035
TGME49_chrIV:1165788:1165904:clu_475_NA	46.6417910447761	44.3661971830986	42.8571428571429	42.8104575163399	53.7931034482759	43.7158469945355	44.1688971503394	48.7544752214057	4.58557807106632
TGME49_chrIV:1166207:1167102:clu_476_NA	0	0	100	NA	88.8888888888889	56.4102564102564	33.3333333333333	72.6495726495726	39.3162393162393
TGME49_chrIV:1171227:1171614:clu_477_NA	90.9090909090909	90	66.6666666666667	89.4736842105263	90.7407407407407	93.1506849315068	84.262360446571	91.9457128361238	7.68335238955282
TGME49_chrIV:1339883:1340352:clu_487_NA	93.854748603352	88.2352941176471	90	92.5490196078431	84.8739495798319	90.9722222222222	91.1597655822105	87.9230859010271	-3.23667968118347
TGME49_chrIV:1396294:1396637:clu_490_NA	100	100	100	100	90.9090909090909	95	100	92.9545454545455	-7.04545454545455
TGME49_chrIV:1439401:1440382:clu_494_NA	55.5555555555556	50	62.5	80	20	60	62.0138888888889	40	-22.0138888888889
TGME49_chrIV:1473027:1473820:clu_495_NA	99.5121951219512	99.3548387096774	99.7772828507795	99.7894736842105	99.8245614035088	99.6557659208262	99.6084475916547	99.7401636621675	0.131716070512795
TGME49_chrIV:1572521:1573156:clu_498_NA	3.6036036036036	1.9047619047619	4.47761194029851	1.49253731343284	10.1351351351351	8.87573964497041	2.86962869052421	9.50543739005277	6.63580869952856
TGME49_chrIV:1572687:1573156:clu_498_NA	88.2882882882883	90.4761904761905	91.7910447761194	92.5373134328358	80.4054054054054	82.2485207100592	90.7732092433585	81.3269630577323	-9.44624618562621
TGME49_chrIV:1638924:1639767:clu_499_NA	100	96.1538461538462	95	93.3333333333333	90	100	96.1217948717949	95	-1.12179487179488
TGME49_chrIV:1731667:1731917:clu_502_NA	45.993756503642	46.2311557788945	45.981308411215	44.8780487804878	49.0581490581491	49.1372843210803	45.7710673685598	49.0977166896147	3.32664932105484
TGME49_chrIV:1731667:1732119:clu_502_NA	8.53277835587929	8.87772194304858	8.41121495327103	9.43089430894309	1.63800163800164	0.750187546886722	8.8131523902855	1.19409459244418	-7.61905779784132
TGME49_chrIV:1731967:1732119:clu_502_NA	45.4734651404787	44.8911222780569	45.607476635514	45.6910569105691	49.3038493038493	50.112528132033	45.4157802411547	49.7081887179412	4.29240847678647
TGME49_chrIV:1732397:1733277:clu_503_NA	4.79233226837061	4.89130434782609	6.70391061452514	6.92520775623269	10.3982300884956	7.92291220556745	5.82818874673863	9.16057114703151	3.33238240029288
TGME49_chrIV:1733853:1734254:clu_503_NA	9.58466453674121	11.1413043478261	10.3351955307263	10.2493074792244	25.8849557522124	22.2698072805139	10.3276179736295	24.0773815163632	13.7497635427337
TGME49_chrIV:1851022:1851397:clu_505_NA	57.8947368421053	58.0278128950695	58.2865168539326	60.8235294117647	53.2883642495784	51.7711171662125	58.758149000718	52.5297407078955	-6.22840829282255
TGME49_chrIV:1852016:1852316:clu_506_NA	99.746192893401	98.9795918367347	99.5959595959596	98.9881956155143	98.8636363636364	99.5614035087719	99.3274849854024	99.2125199362041	-0.114965049198261
TGME49_chrIV:1887356:1887937:clu_507_NA	28.5714285714286	57.1428571428571	0	66.6666666666667	83.3333333333333	50	38.0952380952381	66.6666666666667	28.5714285714286
TGME49_chrIV:1888082:1888514:clu_508_NA	100	85.7142857142857	100	100	54.1666666666667	82.6086956521739	96.4285714285714	68.3876811594203	-28.0408902691511
TGME49_chrIV:1891775:1892495:clu_509_NA	73.5294117647059	65.5913978494624	100	100	58.1818181818182	100	84.7802024035421	79.0909090909091	-5.68929331263297
TGME49_chrIV:1969650:1969919:clu_511_NA	100	100	91.6666666666667	90	88	100	95.4166666666667	94	-1.41666666666666
TGME49_chrIV:2004029:2004663:clu_513_NA	97.9166666666667	97.7272727272727	97.6744186046512	98.2456140350877	100	98.4126984126984	97.8909930084196	99.2063492063492	1.31535619792963
TGME49_chrIV:2156458:2157260:clu_517_NA	34.1353383458647	34.8373557187828	34.5054945054945	35.183349851338	35.2293577981651	33.8919925512104	34.66538460537	34.5606751746878	-0.104709430682192
TGME49_chrIV:2156458:2157263:clu_517_NA	65.8646616541353	65.1626442812172	65.4945054945055	64.816650148662	64.7706422018349	66.1080074487896	65.33461539463	65.4393248253122	0.104709430682192
TGME49_chrIV:2163454:2163592:clu_518_NA	100	100	71.4285714285714	66.6666666666667	100	82.1428571428571	84.5238095238095	91.0714285714286	6.54761904761905
TGME49_chrIV:2381039:2381413:clu_525_NA	21.0526315789474	30	52.6315789473684	46.6666666666667	48.1481481481481	48.2758620689655	37.5877192982456	48.2120051085568	10.6242858103112
TGME49_chrIV:2383455:2384473:clu_526_NA	100	100	100	100	74.3589743589744	81.0344827586207	100	77.6967285587975	-22.3032714412025
TGME49_chrIV:2433614:2434511:clu_527_NA	100	100	98.5714285714286	100	100	93.9024390243902	99.6428571428571	96.9512195121951	-2.69163763066203
TGME49_chrIV:2451495:2451884:clu_528_NA	92.2077922077922	83.3333333333333	90	86.9565217391304	87.9699248120301	86.875	88.124411820064	87.422462406015	-0.701949414048968
TGME49_chrIV:2451685:2451884:clu_528_NA	7.79220779220779	16.6666666666667	10	13.0434782608696	12.0300751879699	13.125	11.875588179936	12.577537593985	0.701949414048956
TGME49_chrIV:2473016:2473633:clu_530_NA	96.2962962962963	97.5609756097561	90.9090909090909	91.8918918918919	100	100	94.1645636767588	100	5.8354363232412
TGME49_chrIV:2474363:2474969:clu_531_NA	95.8333333333333	88.0952380952381	91.1111111111111	84.6153846153846	100	100	89.9137667887668	100	10.0862332112332
TGME49_chrIV:2559897:2560992:clu_533_NA	94.5945945945946	92.7272727272727	96.2962962962963	98.1818181818182	100	83.3333333333333	95.4499954499954	91.6666666666667	-3.78332878332877
TGME49_chrIV:2669840:2670176:clu_536_NA	100	99.5670995670996	99.4949494949495	99.5121951219512	96.734693877551	97.6923076923077	99.6435610460001	97.2135007849294	-2.43006026107072
TGME49_chrIV:2676179:2676913:clu_537_NA	99.6699669966997	99.4897959183673	98.9100817438692	99.4884910485933	100	99.5689655172414	99.3895839268824	99.7844827586207	0.394898831738303
TGME49_chrV:11362:11907:clu_540_NA	58.0645161290323	61.0655737704918	57.4380165289256	65	63.0434782608696	52.9411764705882	60.3920266071124	57.9923273657289	-2.39969924138352
TGME49_chrV:11594:11907:clu_540_NA	5.52995391705069	6.55737704918033	6.61157024793388	4.58333333333333	7.2463768115942	10.1604278074866	5.82055863687456	8.70340230954042	2.88284367266586
TGME49_chrV:11768:11907:clu_540_NA	7.83410138248848	2.86885245901639	5.78512396694215	7.5	1.08695652173913	1.06951871657754	5.99701945211176	1.07823761915834	-4.91878183295342
TGME49_chrV:3117:3662:clu_540_NA	12.4423963133641	11.8852459016393	11.5702479338843	9.58333333333333	12.6811594202899	12.8342245989305	11.3703058705553	12.7576920096102	1.38738613905491
TGME49_chrV:3349:11907:clu_540_NA	4.14746543778802	4.0983606557377	6.61157024793388	5.83333333333333	5.07246376811594	7.75401069518717	5.17268241869824	6.41323723165155	1.24055481295332
TGME49_chrV:3349:3662:clu_540_NA	4.14746543778802	6.55737704918033	7.02479338842975	5	7.60869565217391	10.1604278074866	5.68240896884952	8.88456172983027	3.20215276098075
TGME49_chrV:4748:5204:clu_542_NA	6.32911392405063	6.04838709677419	6.25	6.79245283018868	9.88142292490119	9.16334661354582	6.35498846275338	9.5223847692235	3.16739630647012
TGME49_chrV:4748:5608:clu_542_NA	68.9873417721519	62.0967741935484	69.7115384615385	64.5283018867924	65.2173913043478	67.7290836653386	66.3309890785078	66.4732374848432	0.142248406335426
TGME49_chrV:5243:5608:clu_542_NA	7.59493670886076	7.66129032258065	6.25	7.54716981132075	11.4624505928854	11.1553784860558	7.26334921069054	11.3089145394706	4.04556532878003
TGME49_chrV:6736:7094:clu_543_NA	66.6666666666667	87.5	85.7142857142857	44.4444444444444	82.3529411764706	63.768115942029	71.0813492063492	73.0605285592498	1.97917935290057
TGME49_chrV:10478:11031:clu_546_NA	94.1860465116279	96.0132890365448	91.6666666666667	93.6599423631124	96.9387755102041	93.6599423631124	93.881486144488	95.2993589366582	1.41787279217029
TGME49_chrV:12993:13854:clu_547_NA	57.3770491803279	55.8823529411765	57.6470588235294	58.273381294964	68.3760683760684	61.7647058823529	57.2949605599994	65.0703871292107	7.77542656921121
TGME49_chrV:28607:29160:clu_548_NA	100	100	100	100	93.4210526315789	92.4528301886792	100	92.9369414101291	-7.06305858987091
TGME49_chrV:52018:52370:clu_550_NA	93.3333333333333	88.8888888888889	90.9090909090909	84	84.9315068493151	77.3333333333333	89.2828282828283	81.1324200913242	-8.15040819150407
TGME49_chrV:52018:52438:clu_550_NA	6.66666666666667	11.1111111111111	9.09090909090909	16	15.0684931506849	22.6666666666667	10.7171717171717	18.8675799086758	8.15040819150408
TGME49_chrV:56187:56441:clu_551_NA	100	100	96.8253968253968	98.4126984126984	96.1038961038961	96	98.8095238095238	96.051948051948	-2.75757575757576
TGME49_chrV:67700:72561:clu_552_NA	25	22.2222222222222	22.2222222222222	0	42.3076923076923	36.5384615384615	17.3611111111111	39.4230769230769	22.0619658119658
TGME49_chrV:68269:71046:clu_553_NA	62.5	64.7058823529412	61.1111111111111	47.3684210526316	51.5151515151515	75.6756756756757	58.921353629171	63.5954135954136	4.67405996624263
TGME49_chrV:71224:88812:clu_554_NA	33.3333333333333	90	60	50	61.1111111111111	66.6666666666667	58.3333333333333	63.8888888888889	5.55555555555556
TGME49_chrV:179928:180533:clu_555_NA	80	100	87.5	100	100	0	91.875	50	-41.875
TGME49_chrV:481746:482496:clu_562_NA	100	98.6301369863014	98.5915492957747	97.2972972972973	99.0291262135922	100	98.6297458948433	99.5145631067961	0.884817211952793
TGME49_chrV:486960:487166:clu_563_NA	35.1351351351351	27.4647887323944	21.1382113821138	28.7958115183246	28.7671232876712	25.3731343283582	28.133486691992	27.0701288080147	-1.06335788397726
TGME49_chrV:487241:487588:clu_563_NA	39.1891891891892	44.3661971830986	37.3983739837398	42.9319371727749	36.986301369863	37.3134328358209	40.9714243822006	37.149867102842	-3.82155727935867
TGME49_chrV:498170:498720:clu_566_NA	25.5520504731861	23.5632183908046	24.5810055865922	24.7113163972286	27.1505376344086	27.8301886792453	24.6018977119529	27.4903631568269	2.88846544487406
TGME49_chrV:498979:499833:clu_566_NA	3.47003154574132	5.17241379310345	4.74860335195531	6.9284064665127	15.8602150537634	12.2641509433962	5.0798637893282	14.0621829985798	8.98231920925164
TGME49_chrV:499579:499833:clu_566_NA	0	1.14942528735632	1.11731843575419	1.38568129330254	2.68817204301075	3.5377358490566	0.913106254103263	3.11295394603368	2.19984769193042
TGME49_chrV:500073:500634:clu_567_NA	98.0519480519481	97.6047904191617	96.875	94.5	98.8439306358381	97.9899497487437	96.7579346177774	98.4169401922909	1.6590055745135
TGME49_chrV:500948:501306:clu_568_NA	10	36.6666666666667	34.375	20.5882352941176	41.4285714285714	49.1228070175439	25.4074754901961	45.2756892230576	19.8682137328616
TGME49_chrV:500954:501306:clu_568_NA	60	40	31.25	23.5294117647059	37.1428571428571	36.8421052631579	38.6948529411765	36.9924812030075	-1.70237173816896
TGME49_chrV:526223:526780:clu_572_NA	57.8947368421053	80.9523809523809	50	61.9047619047619	88.5714285714286	80.9523809523809	62.687969924812	84.7619047619048	22.0739348370927
TGME49_chrV:539511:540018:clu_574_NA	51.0204081632653	53.5714285714286	67.8571428571429	61.7647058823529	61.2903225806452	62.5850340136054	58.5534213685474	61.9376782971253	3.38425692857788
TGME49_chrV:540216:540618:clu_574_NA	42.8571428571429	28.5714285714286	23.8095238095238	27.9411764705882	26.8817204301075	31.2925170068027	30.7948179271709	29.0871187184551	-1.70769920871574
TGME49_chrV:546973:547500:clu_575_NA	100	100	100	100	97.1428571428571	92.156862745098	100	94.6498599439776	-5.35014005602241
TGME49_chrV:819141:819634:clu_580_NA	93.0599369085173	89.922480620155	93.8028169014084	91.6434540389972	90.0735294117647	90.9502262443439	92.1071721172695	90.5118778280543	-1.5952942892152
TGME49_chrV:837555:837908:clu_581_NA	77.7777777777778	78.2608695652174	76.9230769230769	77.7777777777778	87.2340425531915	73.3333333333333	77.6848755109625	80.2836879432624	2.59881243229994
TGME49_chrV:843917:844557:clu_582_NA	92.3076923076923	89.4736842105263	95.6521739130435	100	85.7142857142857	85.7142857142857	94.3583876078155	85.7142857142857	-8.64410189352982
TGME49_chrV:980664:980817:clu_585_NA	0	0	2.17391304347826	0	40.625	31.9148936170213	0.543478260869565	36.2699468085106	35.7264685476411
TGME49_chrV:980664:981308:clu_585_NA	100	100	97.8260869565217	100	59.375	68.0851063829787	99.4565217391304	63.7300531914894	-35.7264685476411
TGME49_chrV:1007775:1008897:clu_587_NA	98.8304093567251	99.0384615384615	99.0196078431373	98.5221674876847	100	100	98.8526615565022	100	1.14733844349783
TGME49_chrV:1044946:1045257:clu_588_NA	98.9473684210526	96.25	96.1661341853035	97.3134328358209	98.961937716263	99.5	97.1692338605443	99.2309688581315	2.06173499758724
TGME49_chrV:1045101:1045257:clu_588_NA	1.05263157894737	3.75	3.83386581469649	2.6865671641791	1.03806228373702	0.5	2.83076613945574	0.769031141868512	-2.06173499758723
TGME49_chrV:1112906:1113194:clu_591_NA	92.4528301886792	90.7407407407407	92.7536231884058	93.4426229508197	81.8181818181818	80	92.3474542671614	80.9090909090909	-11.4383633580705
TGME49_chrV:1149893:1151229:clu_593_NA	100	100	100	99.4652406417112	99.3788819875776	99.5670995670996	99.8663101604278	99.4729907773386	-0.393319383089207
TGME49_chrV:1151321:1151904:clu_594_NA	99.2	96.2962962962963	99.1935483870968	99.0825688073395	99.3355481727575	99.2805755395683	98.4431033726831	99.3080618561629	0.864958483479782
TGME49_chrV:1153556:1153914:clu_595_NA	0	0.108813928182807	0	0	0.897959183673469	1.8095987411487	0.0272034820457018	1.35377896241109	1.32657548036538
TGME49_chrV:1153556:1154306:clu_595_NA	100	99.8911860718172	100	100	99.1020408163265	98.1904012588513	99.9727965179543	98.6462210375889	-1.32657548036538
TGME49_chrV:1172482:1173447:clu_598_NA	28.9719626168224	25.4355400696864	20.4081632653061	27.5720164609054	1.8957345971564	3.33333333333333	25.5969206031801	2.61453396524487	-22.9823866379352
TGME49_chrV:1211587:1211775:clu_601_NA	40.0641025641026	39.612188365651	41.7827298050139	42.7184466019417	43.25	42.7027027027027	41.0443668341773	42.9763513513514	1.93198451717405
TGME49_chrV:1212112:1212535:clu_602_NA	58.0071174377224	55.7575757575758	58.0174927113703	57.5835475578406	58.5365853658537	58.0213903743316	57.3414333661273	58.2789878700926	0.937554503965337
TGME49_chrV:1214369:1214573:clu_603_NA	100	100	NA	100	88.2352941176471	93.9393939393939	100	91.0873440285205	-8.9126559714795
TGME49_chrV:1230032:1230580:clu_606_NA	91.6666666666667	89.4736842105263	86.9565217391304	87.5	100	100	88.8992181540809	100	11.1007818459191
TGME49_chrV:1248156:1248683:clu_607_NA	94.1176470588235	97.9591836734694	100	100	92.5925925925926	86.6666666666667	98.0192076830732	89.6296296296296	-8.3895780534436
TGME49_chrV:1248957:1249376:clu_608_NA	97.2222222222222	92.5925925925926	88.3720930232558	96.4285714285714	95.4545454545455	95.2380952380952	93.6538698166605	95.3463203463203	1.69245052965982
TGME49_chrV:1455481:1456320:clu_613_NA	99.7347480106101	99.5967741935484	100	99.8287671232877	99.5750708215297	98.3333333333333	99.7900723318615	98.9542020774315	-0.835870254429992
TGME49_chrV:1576537:1577057:clu_616_NA	100	100	98.7951807228916	100	98.5915492957747	96.2121212121212	99.6987951807229	97.4018352539479	-2.29695992677496
TGME49_chrV:1578019:1578056:clu_617_NA	100	100	100	97.1428571428571	98.8439306358381	100	99.2857142857143	99.4219653179191	0.136251032204797
TGME49_chrV:1715027:1715803:clu_621_NA	98.5185185185185	100	97.2972972972973	99.4186046511628	98.6577181208054	100	98.8086051167447	99.3288590604027	0.520253943658034
TGME49_chrV:1767204:1767330:clu_625_NA	97.9166666666667	96.2264150943396	95.3367875647668	97.2602739726027	100	98.5185185185185	96.685035824594	99.2592592592593	2.5742234346653
TGME49_chrV:1769412:1769689:clu_626_NA	100	99.1525423728814	98.7096774193548	98.0645161290323	100	97.5308641975309	98.9816839803171	98.7654320987654	-0.216251881551685
TGME49_chrV:1784505:1785117:clu_627_NA	84.7826086956522	88.0434782608696	80.2816901408451	85.5421686746988	70.2702702702703	85.7142857142857	84.6624864430164	77.992277992278	-6.67020845073841
TGME49_chrV:1820267:1820648:clu_630_NA	2.02020202020202	2.2508038585209	1.77514792899408	1.38504155124654	6.27906976744186	5.03432494279176	1.85779883974089	5.65669735511681	3.79889851537593
TGME49_chrV:1820508:1820648:clu_630_NA	97.979797979798	97.7491961414791	97.6331360946746	98.3379501385042	92.7906976744186	94.0503432494279	97.9250200886139	93.4205204619233	-4.50449962669069
TGME49_chrV:1982328:1983027:clu_636_NA	98.4536082474227	100	100	100	95.4545454545455	93.75	99.6134020618557	94.6022727272727	-5.01112933458296
TGME49_chrV:1984055:1984608:clu_637_NA	99.0990990990991	95.1807228915663	98.8439306358381	97.7011494252874	98.6486486486486	95	97.7062255129477	96.8243243243243	-0.881901188623388
TGME49_chrV:2097842:2098265:clu_641_NA	63.3333333333333	48.3516483516484	61.3636363636364	62.6262626262626	20.8955223880597	25.8064516129032	58.9187201687202	23.3509870004815	-35.5677331682387
TGME49_chrV:2487060:2487402:clu_645_NA	100	100	100	100	100	97.0930232558139	100	98.546511627907	-1.45348837209303
TGME49_chrV:2748302:2748721:clu_660_NA	96.3636363636364	100	98.3333333333333	98.876404494382	96.9230769230769	98.3050847457627	98.3933435478379	97.6140808344198	-0.77926271341812
TGME49_chrV:2764101:2764732:clu_661_NA	98.4848484848485	97.4683544303797	100	100	86.2068965517241	92.156862745098	98.9883007288071	89.1818796484111	-9.80642108039598
TGME49_chrV:2768852:2769405:clu_662_NA	97.0588235294118	95.1219512195122	96.2264150943396	98.4375	97.2972972972973	97.8723404255319	96.7111724608159	97.5848188614146	0.873646400598716
TGME49_chrV:2981379:2981719:clu_669_NA	56.3253012048193	56.0109289617486	51.7412935323383	53.8126361655773	55.3516819571865	54.798331015299	54.4725399661209	55.0750064862428	0.602466520121894
TGME49_chrV:2981863:2982714:clu_669_NA	43.3734939759036	43.9890710382514	47.2636815920398	46.1873638344227	44.6483180428135	45.201668984701	45.2034026101544	44.9249935137572	-0.278409096397141
TGME49_chrV:2982903:2983817:clu_670_NA	89.3081761006289	84.3243243243243	83	85.9903381642512	85.8006042296072	93.1137724550898	85.6557096473011	89.4571883423485	3.80147869504742
TGME49_chrV:3020570:3020945:clu_671_NA	97.4522292993631	99.3975903614458	97.5	98.3870967741936	99.0990990990991	98.7179487179487	98.1842291087506	98.9085239085239	0.724294799773304
TGME49_chrV:3090246:3090576:clu_675_NA	94.7530864197531	92.8571428571429	94.3850267379679	96.6292134831461	97.752808988764	97.4459724950884	94.6561173745025	97.5993907419262	2.94327336742374
TGME49_chrV:3103312:3103695:clu_676_NA	83.3333333333333	83.3333333333333	0	100	24	38.6363636363636	66.6666666666667	31.3181818181818	-35.3484848484849
TGME49_chrV:3103441:3103695:clu_676_NA	16.6666666666667	16.6666666666667	100	0	76	61.3636363636364	33.3333333333333	68.6818181818182	35.3484848484849
TGME49_chrV:3108548:3108906:clu_678_NA	99.21875	95.9770114942529	98.3695652173913	98.6301369863014	97.0149253731343	97.5806451612903	98.0488659244864	97.2977852672123	-0.751080657274059
TGME49_chrV:3110264:3112287:clu_679_NA	100	98.9189189189189	95.6730769230769	99.4897959183673	100	98.2142857142857	98.5204479400908	99.1071428571429	0.586694917052057
TGME49_chrVI:15566:16082:clu_691_NA	90	95.2380952380952	93.3333333333333	80.7692307692308	83.3333333333333	100	89.8351648351648	91.6666666666667	1.83150183150184
TGME49_chrVI:48022:48318:clu_692_NA	96.4285714285714	96.25	97.2972972972973	98.7012987012987	100	98.2608695652174	97.1692918567919	99.1304347826087	1.96114292581683
TGME49_chrVI:70699:70946:clu_693_NA	33.3333333333333	38.5113268608414	41.7682926829268	39.1184573002755	38.8535031847134	39.0909090909091	38.1828525443443	38.9722061378112	0.78935359346697
TGME49_chrVI:71080:71590:clu_693_NA	66.2745098039216	60.8414239482201	57.6219512195122	60.8815426997245	60.5095541401274	60.9090909090909	61.4048569178446	60.7093225246091	-0.695534393235434
TGME49_chrVI:140855:141301:clu_694_NA	100	100	100	100	70	84.6153846153846	100	77.3076923076923	-22.6923076923077
TGME49_chrVI:462395:463607:clu_700_NA	97.1476510067114	97.1204188481675	97.6519337016575	98.2905982905983	97.8835978835979	98.5386221294363	97.5526504617837	98.2111100065171	0.658459544733432
TGME49_chrVI:505471:506157:clu_701_NA	99.2537313432836	98.5611510791367	97.5460122699387	94.3965517241379	96.3562753036437	95.7142857142857	97.4393616041242	96.0352805089647	-1.4040810951595
TGME49_chrVI:506237:507276:clu_702_NA	3.57142857142857	10.9375	18.1818181818182	9.34579439252336	1.49253731343284	0.636942675159236	10.5091352864425	1.06473999429604	-9.44439529214649
TGME49_chrVI:506237:507438:clu_702_NA	96.4285714285714	87.5	81.8181818181818	90.6542056074766	98.5074626865672	96.1783439490446	89.1002397135575	97.3429033178059	8.24266360424841
TGME49_chrVI:508815:509801:clu_703_NA	100	100	100	100	100	95.049504950495	100	97.5247524752475	-2.47524752475248
TGME49_chrVI:512660:512922:clu_704_NA	0	0	25	0	62.0689655172414	66.6666666666667	6.25	64.367816091954	58.117816091954
TGME49_chrVI:565471:566207:clu_706_NA	92.8571428571429	95.4545454545455	100	100	77.7777777777778	85.7142857142857	97.0779220779221	81.7460317460317	-15.3318903318903
TGME49_chrVI:830188:830860:clu_709_NA	100	97.1428571428571	91.8367346938776	100	92.8571428571429	100	97.2448979591837	96.4285714285714	-0.816326530612244
TGME49_chrVI:924330:924833:clu_717_NA	100	100	100	100	95.9183673469388	93.3333333333333	100	94.6258503401361	-5.37414965986395
TGME49_chrVI:925746:926004:clu_718_NA	98.8372093023256	97.5	97.2972972972973	100	98.3050847457627	98.2758620689655	98.4086266499057	98.2904734073641	-0.118153242541609
TGME49_chrVI:926497:927519:clu_719_NA	94.5205479452055	99.1150442477876	97	99.2063492063492	100	100	97.4604853498356	100	2.53951465016442
TGME49_chrVI:939492:939698:clu_720_NA	99.7481108312343	99.2890995260664	99.375	98.7854251012146	98.371335504886	99.0769230769231	99.2994088646288	98.7241292909045	-0.575279573724259
TGME49_chrVI:944855:945068:clu_723_NA	55.1851851851852	51.7385257301808	50.8498583569405	50.9210526315789	52.2781774580336	51.5923566878981	52.1736554759714	51.9352670729658	-0.23838840300553
TGME49_chrVI:945155:945387:clu_723_NA	43.3333333333333	47.5660639777469	47.7337110481586	47.5	47.0023980815348	47.1337579617834	46.5332770898097	47.0680780216591	0.534800931849389
TGME49_chrVI:950712:950875:clu_724_NA	6.38297872340426	17.0731707317073	24.4444444444444	15.7303370786517	5.88235294117647	8.10810810810811	15.9077327445519	6.99523052464229	-8.91250221990964
TGME49_chrVI:956464:956789:clu_725_NA	46.7289719626168	43.6363636363636	42.8571428571429	48.9208633093525	53.1914893617021	45.2830188679245	45.535835441369	49.2372541148133	3.70141867344437
TGME49_chrVI:956870:957206:clu_725_NA	51.4018691588785	54.5454545454545	52.3809523809524	46.0431654676259	44.6808510638298	54.7169811320755	51.0928603882278	49.6989160979526	-1.39394429027521
TGME49_chrVI:958172:958510:clu_726_NA	100	94.2307692307692	100	94.7368421052632	93.3333333333333	100	97.2419028340081	96.6666666666667	-0.575236167341444
TGME49_chrVI:958842:959004:clu_727_NA	97.5609756097561	98.1818181818182	91.9354838709677	92.1052631578947	96.551724137931	96	94.9458852051092	96.2758620689655	1.32997686385633
TGME49_chrVI:960534:960829:clu_728_NA	96.875	96.551724137931	97.4025974025974	96.2025316455696	100	100	96.7579632965245	100	3.24203670347549
TGME49_chrVI:993499:994061:clu_729_NA	48.7266553480475	48.5091743119266	48.8338192419825	49.2004920049201	46.3385354141657	49.4252873563218	48.8175352267192	47.8819113852438	-0.935623841475419
TGME49_chrVI:994227:995006:clu_729_NA	51.1035653650255	51.2614678899083	51.1661807580175	50.7995079950799	53.421368547419	50.5747126436782	51.0826805020078	51.9980405955486	0.915360093540777
TGME49_chrVI:1037003:1037220:clu_731_NA	100	NA	NA	NA	77.0833333333333	69.7368421052632	100	73.4100877192982	-26.5899122807018
TGME49_chrVI:1037017:1037220:clu_731_NA	0	NA	NA	NA	22.9166666666667	30.2631578947368	0	26.5899122807018	26.5899122807018
TGME49_chrVI:1111533:1112395:clu_733_NA	60.3174603174603	52.0547945205479	53.7037037037037	53.8461538461538	26.8292682926829	32.4324324324324	54.9805280969665	29.6308503625577	-25.3496777344088
TGME49_chrVI:1313594:1313786:clu_736_NA	71.4285714285714	70.5882352941177	72.5	64.1025641025641	67.4418604651163	52.9411764705882	69.6548427063133	60.1915184678523	-9.46332423846104
TGME49_chrVI:1322875:1322990:clu_739_NA	54.0540540540541	58.4070796460177	57.5471698113208	59.6330275229358	53.6585365853659	59.4594594594595	57.4103327585821	56.5589980224127	-0.851334736169413
TGME49_chrVI:1323157:1323466:clu_739_NA	44.5945945945946	37.1681415929204	41.5094339622642	37.6146788990826	46.3414634146341	40.5405405405405	40.2217122622154	43.4410019775873	3.21928971537193
TGME49_chrVI:1324496:1324628:clu_740_NA	66.6666666666667	60.6666666666667	66.3551401869159	66.6666666666667	75.8620689655172	66.6666666666667	65.088785046729	71.2643678160919	6.17558276936298
TGME49_chrVI:1324496:1324646:clu_740_NA	33.3333333333333	39.3333333333333	33.6448598130841	33.3333333333333	24.1379310344828	33.3333333333333	34.911214953271	28.735632183908	-6.17558276936298
TGME49_chrVI:1333607:1333850:clu_741_NA	37.0860927152318	33.1707317073171	33.2805071315372	34.2816500711238	35.4712041884817	33.3757961783439	34.4547454063025	34.4235001834128	-0.0312452228896518
TGME49_chrVI:1333909:1334083:clu_741_NA	29.9668874172185	32.3170731707317	30.4278922345483	33.1436699857752	31.8062827225131	32.2292993630573	31.4638807020685	32.0177910427852	0.553910340716747
TGME49_chrVI:1343167:1343324:clu_743_NA	97.8494623655914	93.75	95.6521739130435	98.3870967741936	100	97.5903614457831	96.4096832632071	98.7951807228916	2.38549745968444
TGME49_chrVI:1344033:1344191:clu_744_NA	57.6719576719577	56.6666666666667	53.5564853556485	57.5757575757576	55.3191489361702	48.6842105263158	56.3677168175076	52.001679731243	-4.36603708626461
TGME49_chrVI:1344244:1344415:clu_744_NA	41.7989417989418	42.5925925925926	45.1882845188285	41.4141414141414	41.8439716312057	47.3684210526316	42.7484900811261	44.6061963419186	1.85770626079256
TGME49_chrVI:1345752:1346175:clu_745_NA	61.1510791366906	61.6379310344828	58.2887700534759	63.1970260223048	51.5873015873016	65.1515151515152	61.0687015617385	58.3694083694084	-2.69929319233017
TGME49_chrVI:1350051:1350713:clu_746_NA	99.468085106383	99.4535519125683	100	100	99.1071428571429	99.6323529411765	99.7304092547378	99.3697478991597	-0.360661355578145
TGME49_chrVI:1351501:1352066:clu_747_NA	99.1701244813278	98.6842105263158	98.5964912280702	99.2084432717678	98.6928104575163	99.1202346041056	98.9148173768704	98.906522530811	-0.0082948460594281
TGME49_chrVI:1437908:1438352:clu_749_NA	100	100	89.4736842105263	100	97.2222222222222	93.6170212765958	97.3684210526316	95.419621749409	-1.9487993032226
TGME49_chrVI:1622593:1623162:clu_754_NA	97.8260869565217	97.7272727272727	100	95.7142857142857	100	100	97.81691134952	100	2.18308865047996
TGME49_chrVI:1658806:1659183:clu_755_NA	100	100	0	66.6666666666667	93.1034482758621	100	66.6666666666667	96.551724137931	29.8850574712644
TGME49_chrVI:1683343:1684539:clu_758_NA	31.8181818181818	39.0625	34	48.8888888888889	16	27.7777777777778	38.4423926767677	21.8888888888889	-16.5535037878788
TGME49_chrVI:1687534:1688000:clu_759_NA	0.884955752212389	0.363636363636364	0.927152317880795	0.346420323325635	3.6848792884371	1.88888888888889	0.630541189263796	2.786884088663	2.1563428993992
TGME49_chrVI:1687695:1688000:clu_759_NA	97.3451327433628	98.7878787878788	97.7483443708609	97.6905311778291	94.9174078780178	96.5555555555555	97.8929717699829	95.7364817167867	-2.15649005319625
TGME49_chrVI:1691591:1700255:clu_764_NA	12.8205128205128	8.92857142857143	8.37004405286344	10.4417670682731	13.2743362831858	15.9533073929961	10.1402238425552	14.613821838091	4.47359799553578
TGME49_chrVI:1709444:1724517:clu_764_NA	29.7435897435897	29.9107142857143	29.5154185022026	25.3012048192771	29.646017699115	36.1867704280156	28.6177318376959	32.9163940635653	4.29866222586936
TGME49_chrVI:1691693:1692294:clu_765_NA	96.0674157303371	95.5390334572491	93.4782608695652	92.8030303030303	95.7792207792208	97.3154362416107	94.4719350900454	96.5473285104158	2.07539342037035
TGME49_chrVI:1692356:1693308:clu_767_NA	0.956937799043062	2.4390243902439	1.8018018018018	2.94117647058824	5.22088353413655	4.0590405904059	2.03473511541925	4.63996206227123	2.60522694685197
TGME49_chrVI:1695854:1696172:clu_770_NA	11.5107913669065	11.214953271028	17.2185430463576	15.9509202453988	8.59598853868195	10.6728538283063	13.9738019824227	9.6344211834941	-4.33938079892862
TGME49_chrVI:1705474:1705792:clu_770_NA	61.8705035971223	59.3457943925234	47.682119205298	54.601226993865	77.0773638968481	74.4779582366589	55.8749110472022	75.7776610667535	19.9027500195514
TGME49_chrVI:1705474:1706414:clu_770_NA	13.6690647482014	17.2897196261682	19.205298013245	14.7239263803681	3.72492836676218	3.48027842227378	16.2220021919957	3.60260339451798	-12.6193987974777
TGME49_chrVI:1706010:1706414:clu_770_NA	10.0719424460432	10.7476635514019	14.5695364238411	12.8834355828221	8.88252148997135	10.2088167053364	12.068144501027	9.54566909765389	-2.52247540337316
TGME49_chrVI:1711482:1711797:clu_773_NA	77.1428571428572	56.7567567567568	75	67.741935483871	92.4242424242424	86.25	69.1603873458712	89.3371212121212	20.17673386625
TGME49_chrVI:1807258:1807784:clu_776_NA	66.6666666666667	90	82.7586206896552	76.9230769230769	96.1538461538462	93.9393939393939	79.0870910698497	95.04662004662	15.9595289767704
TGME49_chrVI:1812885:1813457:clu_778_NA	0	0	NA	100	94.8717948717949	86.8421052631579	33.3333333333333	90.8569500674764	57.5236167341431
TGME49_chrVI:1815019:1815511:clu_779_NA	100	99.3710691823899	98.5294117647059	100	97.9289940828402	99.6951219512195	99.475120236774	98.8120580170299	-0.663062219744091
TGME49_chrVI:1815617:1816860:clu_780_NA	100	99.2957746478873	99.0476190476191	100	98.9051094890511	98.4313725490196	99.5858484238766	98.6682410190353	-0.917607404841249
TGME49_chrVI:1882322:1882670:clu_783_NA	100	100	97.6190476190476	100	89.6551724137931	95.2380952380952	99.4047619047619	92.4466338259442	-6.95812807881774
TGME49_chrVI:2066580:2067413:clu_787_NA	100	100	96.2962962962963	100	80	80	99.0740740740741	80	-19.0740740740741
TGME49_chrVI:2302724:2303053:clu_792_NA	39.3939393939394	53.4883720930233	42.5	46.2962962962963	33.3333333333333	39.1304347826087	45.4196519458147	36.231884057971	-9.18776788784372
TGME49_chrVI:2438563:2438737:clu_795_NA	48.5822306238185	50.1672240802676	55.1181102362205	52.638700947226	45.7236842105263	51.4666666666667	51.6265664718831	48.5951754385965	-3.03139103328665
TGME49_chrVI:2438925:2439183:clu_795_NA	51.2287334593573	49.6655518394649	44.8818897637795	47.0906630581867	53.9473684210526	48.5333333333333	48.2167095301971	51.240350877193	3.02364134699587
TGME49_chrVI:2797784:2797925:clu_807_NA	60	57.3170731707317	56.7796610169492	57.1095571095571	60	58.6826347305389	57.8015728243095	59.3413173652695	1.53974454095997
TGME49_chrVI:2797784:2798220:clu_807_NA	1.58730158730159	3.17073170731707	4.80225988700565	3.03030303030303	0	1.19760479041916	3.14764905298184	0.598802395209581	-2.54884665777225
TGME49_chrVI:2797983:2798220:clu_807_NA	38.4126984126984	39.5121951219512	38.4180790960452	39.8601398601399	40	40.1197604790419	39.0507781227087	40.059880239521	1.00910211681228
TGME49_chrVI:2885444:2885625:clu_813_NA	64.9006622516556	63.5838150289017	56.78391959799	59.3406593406593	50	57.3426573426573	61.1522640548017	53.6713286713287	-7.48093538347299
TGME49_chrVI:2899778:2900470:clu_814_NA	1.57728706624606	0.248756218905473	0.882352941176471	1.69082125603865	4.0983606557377	3.23529411764706	1.09980437059166	3.66682738669238	2.56702301610072
TGME49_chrVI:2918335:2919108:clu_815_NA	43.1818181818182	60.7142857142857	37.2549019607843	50	53.3980582524272	56.7901234567901	47.7877514642221	55.0940908546087	7.3063393903866
TGME49_chrVI:2918377:2919108:clu_815_NA	56.8181818181818	39.2857142857143	62.7450980392157	50	46.6019417475728	43.2098765432099	52.2122485357779	44.9059091453913	-7.3063393903866
TGME49_chrVI:2919442:2919641:clu_816_NA	0	100	66.6666666666667	83.3333333333333	90.9090909090909	86.3636363636364	62.5	88.6363636363636	26.1363636363636
TGME49_chrVI:3001379:3002321:clu_819_NA	100	100	100	100	75	83.3333333333333	100	79.1666666666667	-20.8333333333333
TGME49_chrVI:3013542:3014254:clu_821_NA	100	91.6666666666667	100	85.7142857142857	80.7692307692308	87.5	94.3452380952381	84.1346153846154	-10.2106227106227
TGME49_chrVI:3034645:3035074:clu_822_NA	43.4065934065934	41.991341991342	43.6018957345972	41.3669064748201	34.9726775956284	24.4791666666667	42.5916844018382	29.7259221311475	-12.8657622706906
TGME49_chrVI:3086038:3086760:clu_825_NA	57.5757575757576	50.9090909090909	80.7692307692308	69.0909090909091	66.6666666666667	33.3333333333333	64.5862470862471	50	-14.5862470862471
TGME49_chrVI:3107365:3107709:clu_826_NA	NA	66.6666666666667	100	0	92.3076923076923	85.7142857142857	55.5555555555556	89.010989010989	33.4554334554335
TGME49_chrVI:3188862:3189846:clu_830_NA	96.1363636363636	94.8916408668731	96.1016949152542	97.1332209106239	95.6456456456456	95.3890489913545	96.0657300822787	95.5173473185	-0.548382763778676
TGME49_chrVI:3278631:3279259:clu_832_NA	98.0769230769231	98.1132075471698	97.7611940298508	99.21875	97.2222222222222	94.7368421052632	98.2925186634859	95.9795321637427	-2.31298649974323
TGME49_chrVI:3356567:3358220:clu_836_NA	98.6068111455108	98.5074626865672	98.4886649874055	99.2213570634038	98.669623059867	99.5449374288965	98.7060739707218	99.1072802443817	0.401206273659881
TGME49_chrVI:3425442:3426249:clu_838_NA	33.3333333333333	38.2716049382716	39.1549295774648	33.879781420765	40.4011461318052	38.7341772151899	36.1599123174587	39.5676616734975	3.40774935603883
TGME49_chrVI:3467127:3468184:clu_839_NA	100	99.4708994708995	98.5401459854015	100	100	99.3610223642172	99.5027613640752	99.6805111821086	0.177749818033391
TGME49_chrVI:3592105:3592493:clu_843_NA	100	100	100	96.551724137931	97.1428571428571	92.3076923076923	99.1379310344828	94.7252747252747	-4.41265630920805
TGME49_chrVIIa:2338:4696:clu_848_NA	46.6666666666667	42.8571428571429	63.6363636363636	42.8571428571429	56.25	45.7142857142857	49.004329004329	50.9821428571429	1.97781385281386
TGME49_chrVIIa:4773:5394:clu_849_NA	30.7692307692308	17.6470588235294	25.7142857142857	30	57.4468085106383	56.7567567567568	26.0326438267615	57.1017826336975	31.0691388069361
TGME49_chrVIIa:16093:16696:clu_853_NA	14.2857142857143	0	0	0	31.5789473684211	35.2941176470588	3.57142857142857	33.4365325077399	29.8651039363114
TGME49_chrVIIa:17210:19441:clu_854_NA	84.2105263157895	44.8275862068966	26.6666666666667	51.6129032258064	66.2162162162162	71.9298245614035	51.8294206037898	69.0730203888099	17.2435997850201
TGME49_chrVIIa:157190:157507:clu_860_NA	100	100	99.7126436781609	99.7506234413965	98.828125	99.2481203007519	99.8658167798894	99.0381226503759	-0.827694129513418
TGME49_chrVIIa:191602:191721:clu_863_NA	100	98.7096774193548	100	98.9847715736041	100	98.6842105263158	99.4236122482397	99.3421052631579	-0.0815069850818304
TGME49_chrVIIa:303551:304260:clu_864_NA	36.734693877551	39.6825396825397	32.5581395348837	42.6229508196721	35.7142857142857	40.5063291139241	37.8995809786616	38.1103074141049	0.210726435443242
TGME49_chrVIIa:304440:305191:clu_864_NA	57.1428571428571	57.1428571428571	58.1395348837209	54.0983606557377	57.1428571428571	54.4303797468354	56.6309024562932	55.7866184448463	-0.844284011446938
TGME49_chrVIIa:487704:487845:clu_868_NA	47.808764940239	47.1359223300971	45.6605593056895	46.4187327823691	47.0932500975419	45.6332703213611	46.7559948395987	46.3632602094515	-0.392734630147189
TGME49_chrVIIa:487704:488168:clu_868_NA	1.02447353443369	0.825242718446602	0.433944069431051	0.780532598714417	1.56067108856808	1.43667296786389	0.766048230256441	1.49867202821599	0.732623797959548
TGME49_chrVIIa:487987:488168:clu_868_NA	51.1667615253273	52.0388349514563	53.9054966248795	52.8007346189164	51.34607881389	52.930056710775	52.4779569301449	52.1380677623325	-0.339889167812359
TGME49_chrVIIa:488701:488818:clu_869_NA	57.1367884451997	54.3193277310924	55.1711580480699	54.683879510096	55.7190033023116	54.2890040299367	55.3277884336145	55.0040036661241	-0.323784767490352
TGME49_chrVIIa:488701:489094:clu_869_NA	0.212404418011895	0.336134453781513	0.291332847778587	0.165508109897385	0.660462323626539	0.719631548647093	0.251344957367345	0.690046936136816	0.438701978769471
TGME49_chrVIIa:488995:489094:clu_869_NA	42.6508071367884	45.3445378151261	44.5375091041515	45.1506123800066	43.6205343740618	44.9913644214162	44.4208666090181	44.305949397739	-0.114917211279106
TGME49_chrVIIa:489373:489473:clu_870_NA	99.5332555425904	99.7193638914874	100	99.9098286744815	97.8739002932551	98.9840348330914	99.7906120271398	98.4289675631733	-1.36164446396654
TGME49_chrVIIa:489373:489544:clu_870_NA	0.466744457409568	0.280636108512629	0	0.0901713255184851	2.12609970674487	1.01596516690856	0.20938797286017	1.57103243682672	1.36164446396655
TGME49_chrVIIa:491969:492468:clu_872_NA	3.84615384615385	5.26315789473684	7.69230769230769	5.33333333333333	13.4831460674157	18.3908045977011	5.53373819163293	15.9369753325584	10.4032371409255
TGME49_chrVIIa:492023:492468:clu_872_NA	92.3076923076923	89.4736842105263	86.5384615384615	92	85.3932584269663	77.0114942528736	90.07995951417	81.2023763399199	-8.87758317425012
TGME49_chrVIIa:493689:493788:clu_873_NA	31.3636363636364	28.8423153692615	29.2403746097815	27.255985267035	24.7887323943662	25.1034482758621	29.1755779024286	24.9460903351141	-4.22948756731445
TGME49_chrVIIa:493862:494062:clu_873_NA	52.9545454545455	52.7944111776447	53.2778355879292	53.683241252302	52.3943661971831	52.551724137931	53.1775083681054	52.4730451675571	-0.704463200548297
TGME49_chrVIIa:494455:494559:clu_874_NA	99.2523364485981	99.0712074303406	99.3220338983051	99.400299850075	98.7405541561713	99.5495495495496	99.2614694068297	99.1450518528604	-0.116417553969271
TGME49_chrVIIa:513388:513736:clu_875_NA	100	93.75	100	93.1034482758621	75	91.6666666666667	96.7133620689655	83.3333333333333	-13.3800287356322
TGME49_chrVIIa:524582:524993:clu_876_NA	35.2941176470588	35.8024691358025	33.3333333333333	43.0769230769231	46.4285714285714	46.969696969697	36.8767107982794	46.6991341991342	9.82242340085477
TGME49_chrVIIa:527205:527980:clu_877_NA	5.04201680672269	4.51612903225806	5.14285714285714	4.65116279069767	13.5514018691589	10.3092783505155	4.83804144313389	11.9303401098372	7.09229866670328
TGME49_chrVIIa:527205:528035:clu_877_NA	83.1932773109244	82.5806451612903	81.1428571428571	79.0697674418605	76.1682242990654	77.8350515463918	81.4966367642331	77.0016379227286	-4.49499884150448
TGME49_chrVIIa:540938:541802:clu_880_NA	94.2857142857143	91.6666666666667	100	100	81.8181818181818	70.2702702702703	96.4880952380952	76.0442260442261	-20.4438691938692
TGME49_chrVIIa:645748:646318:clu_881_NA	98.4615384615385	100	98.6111111111111	100	99.4117647058823	100	99.2681623931624	99.7058823529412	0.437719959778775
TGME49_chrVIIa:721317:722471:clu_884_NA	95.2054794520548	92.9203539823009	96.2441314553991	97.1830985915493	99.2307692307692	97.4193548387097	95.388265870326	98.3250620347395	2.93679616441345
TGME49_chrVIIa:806913:807156:clu_886_NA	44.4444444444444	0	0	42.8571428571429	79.4117647058823	78.9473684210526	21.8253968253968	79.1795665634675	57.3541697380707
TGME49_chrVIIa:957874:958421:clu_888_NA	76.25	78.2608695652174	76.0869565217391	77.5510204081633	91.025641025641	85.7142857142857	77.03721162378	88.3699633699634	11.3327517461834
TGME49_chrVIIa:1019679:1020860:clu_891_NA	100	99.5505617977528	100	100	99.9170812603648	99.8306519898391	99.8876404494382	99.873866625102	-0.0137738243362264
TGME49_chrVIIa:1155806:1157524:clu_899_NA	23.8095238095238	33.3333333333333	40.7407407407407	26.3157894736842	25	38.5964912280702	31.0498468393205	31.7982456140351	0.748398774714563
TGME49_chrVIIa:1151208:1152203:clu_902_NA	41.6666666666667	50	31.8181818181818	0	37.037037037037	20.4081632653061	30.8712121212121	28.7226001511716	-2.14861197004054
TGME49_chrVIIa:1210050:1210247:clu_904_NA	0	50	80	100	84.375	82.6086956521739	57.5	83.491847826087	25.991847826087
TGME49_chrVIIa:1223446:1223642:clu_905_NA	50	46.3414634146341	32.3529411764706	52.8089887640449	15	28.8135593220339	45.3758483387874	21.9067796610169	-23.4690686777705
TGME49_chrVIIa:1223811:1223942:clu_906_NA	47.2049689440994	53.1496062992126	46.4285714285714	54.3071161048689	48.6486486486487	53.8461538461538	50.2725656941881	51.2474012474012	0.974835553213168
TGME49_chrVIIa:1224103:1224322:clu_906_NA	51.5527950310559	46.0629921259843	52.6785714285714	45.3183520599251	50.4504504504504	45.2991452991453	48.9031776613842	47.8747978747979	-1.02837978658629
TGME49_chrVIIa:1246804:1247477:clu_908_NA	81.8181818181818	96.4285714285714	75.8620689655172	67.8571428571429	26.6666666666667	33.3333333333333	80.4914912673533	30	-50.4914912673533
TGME49_chrVIIa:1349172:1349667:clu_909_NA	90.625	96.6666666666667	100	97.1428571428571	100	100	96.1086309523809	100	3.89136904761905
TGME49_chrVIIa:1385460:1386455:clu_911_NA	100	99.8809523809524	100	99.8098859315589	99.0748528174937	99.3079584775086	99.9227095781278	99.1914056475012	-0.731303930626666
TGME49_chrVIIa:1430210:1430708:clu_912_NA	100	100	98.8095238095238	100	98.9285714285714	99.6632996632997	99.7023809523809	99.2959355459355	-0.4064454064454
TGME49_chrVIIa:1446438:1446835:clu_913_NA	93.75	97.7272727272727	97.3684210526316	97.6190476190476	100	100	96.616185349738	100	3.38381465026202
TGME49_chrVIIa:1475223:1475696:clu_915_NA	48.5576923076923	42.8571428571429	49.8349834983498	45.8452722063037	50.5681818181818	48.0978260869565	46.7737727173722	49.3330039525692	2.55923123519699
TGME49_chrVIIa:1475794:1476224:clu_915_NA	50.9615384615385	57.1428571428571	49.8349834983498	53.5816618911175	48.2954545454545	51.9021739130435	52.8802602484657	50.098814229249	-2.78144601921672
TGME49_chrVIIa:1542144:1543399:clu_920_NA	100	100	87.5	85.7142857142857	75	92	93.3035714285714	83.5	-9.80357142857143
TGME49_chrVIIa:1566956:1567422:clu_921_NA	97.2222222222222	99.0740740740741	96.5811965811966	98.1566820276498	97.6744186046512	95.9568733153639	97.7585437262857	96.8156459600075	-0.942897766278151
TGME49_chrVIIa:1645608:1645819:clu_923_NA	28.2051282051282	42.5925925925926	46.551724137931	47.0588235294118	39.1304347826087	26.9230769230769	41.1020671162659	33.0267558528428	-8.07531126342309
TGME49_chrVIIa:1646016:1646271:clu_923_NA	71.7948717948718	53.7037037037037	53.448275862069	50.5882352941176	56.5217391304348	65.3846153846154	57.3837716636905	60.9531772575251	3.56940559383456
TGME49_chrVIIa:1665304:1665993:clu_924_NA	57.1428571428571	60	66.6666666666667	28.5714285714286	79.6875	78.3333333333333	53.0952380952381	79.0104166666667	25.9151785714286
TGME49_chrVIIa:1665792:1665993:clu_924_NA	42.8571428571429	40	33.3333333333333	71.4285714285714	20.3125	21.6666666666667	46.9047619047619	20.9895833333333	-25.9151785714286
TGME49_chrVIIa:1666802:1667266:clu_925_NA	100	95.8904109589041	100	100	96.1832061068702	96.875	98.972602739726	96.5291030534351	-2.44349968629092
TGME49_chrVIIa:1667340:1667590:clu_926_NA	100	100	96.7213114754098	98.8888888888889	99.4011976047904	98.6206896551724	98.9025500910747	99.0109436299814	0.108393538906725
TGME49_chrVIIa:1731780:1731884:clu_929_NA	100	99.8027613412229	99.959250203749	100	99.8572108519753	99.8533724340176	99.940502886243	99.8552916429964	-0.0852112432465333
TGME49_chrVIIa:1731958:1732213:clu_930_NA	0.0982800982800983	0.222965440356745	0.405022276225192	0.115207373271889	0.905088062622309	1.01863354037267	0.210368797033481	0.96186080149749	0.751492004464009
TGME49_chrVIIa:1732102:1732213:clu_930_NA	99.9017199017199	99.7770345596433	99.5949777237748	99.8847926267281	99.0949119373777	98.9813664596273	99.7896312029665	99.0381391985025	-0.751492004464012
TGME49_chrVIIa:1732520:1732713:clu_931_NA	99.4550408719346	99.4115339348764	99.1673605328893	99.205448354143	98.8369388229821	98.6905061697306	99.3098459234608	98.7637224963563	-0.546123427104504
TGME49_chrVIIa:1732520:1733075:clu_931_NA	0.544959128065395	0.588466065123578	0.832639467110741	0.794551645856981	1.16306117701791	1.30949383026945	0.690154076539174	1.23627750364368	0.546123427104509
TGME49_chrVIIa:1751417:1752651:clu_937_NA	100	98.780487804878	97.5308641975309	100	100	94.8717948717949	99.0778380006022	97.4358974358974	-1.6419405647048
TGME49_chrVIIa:1804753:1805373:clu_940_NA	79.4117647058823	63.3333333333333	64.2857142857143	79.4117647058823	78.5714285714286	45.4545454545455	71.6106442577031	62.012987012987	-9.59765724471607
TGME49_chrVIIa:1821742:1822069:clu_941_NA	100	100	99.7630331753555	100	99.6078431372549	99.1694352159468	99.9407582938389	99.3886391766009	-0.552119117237993
TGME49_chrVIIa:1851953:1852798:clu_942_NA	78.5714285714286	55	36.8421052631579	56.25	60	0	56.6658834586466	30	-26.6658834586466
TGME49_chrVIIa:1871517:1872059:clu_943_NA	99.6062992125984	99.7023809523809	100	99.2084432717678	99.5049504950495	99.7530864197531	99.6292808591868	99.6290184574013	-0.000262401785505517
TGME49_chrVIIa:1872460:1873011:clu_944_NA	94.5868945868946	95.0354609929078	96.420581655481	93.5010482180294	95.3959484346225	92.6186291739894	94.8859963633282	94.007288804306	-0.878707559022232
TGME49_chrVIIa:1872460:1873350:clu_944_NA	5.41310541310541	4.9645390070922	3.57941834451902	6.49895178197065	4.60405156537753	7.38137082601054	5.11400363667182	5.99271119569404	0.878707559022219
TGME49_chrVIIa:1888859:1889292:clu_947_NA	100	100	97.6744186046512	96.969696969697	100	100	98.661028893587	100	1.33897110641297
TGME49_chrVIIa:1964286:1964701:clu_948_NA	32.0618556701031	32.1575061525841	31.0832025117739	31.9434102755026	33.8818249813014	33.2559938128384	31.8114936524909	33.5689093970699	1.75741574457896
TGME49_chrVIIa:1964827:1965541:clu_948_NA	34.8453608247423	33.7981952420016	35.3218210361067	34.4005956813105	34.1062079281975	35.8855375096674	34.5914931960403	34.9958727189324	0.404379522892157
TGME49_chrVIIa:1966405:1967054:clu_949_NA	52.824427480916	55.3246753246753	60.5019815059445	56.7180616740088	59.3975903614458	57.8397212543554	56.3422864963862	58.6186558079006	2.27636931151443
TGME49_chrVIIa:1969322:1969810:clu_950_NA	97.8947368421053	96.6494845360825	96.7455621301775	97.7329974811083	98.1578947368421	98.9556135770235	97.2556952473684	98.5567541569328	1.30105890956442
TGME49_chrVIIa:1970497:1970870:clu_951_NA	99.7159090909091	99.7727272727273	99.5967741935484	99.6363636363636	99.7840172786177	100	99.6804435483871	99.8920086393089	0.211565090921752
TGME49_chrVIIa:2010018:2010382:clu_954_NA	100	100	100	91.4285714285714	96.078431372549	100	97.8571428571429	98.0392156862745	0.182072829131641
TGME49_chrVIIa:2033877:2034319:clu_957_NA	99.581589958159	99.849774661993	99.7498749374687	99.9053478466635	99.7050147492625	99.5920448750637	99.7716468510711	99.6485298121631	-0.123117038907921
TGME49_chrVIIa:2125578:2125874:clu_961_NA	97.2222222222222	95.6521739130435	96.2025316455696	95.8333333333333	97.9591836734694	92.9133858267717	96.2275652785422	95.4362847501205	-0.791280528421638
TGME49_chrVIIa:2127726:2128127:clu_962_NA	95.049504950495	90.9090909090909	94.2857142857143	100	95.3846153846154	98.8505747126437	95.0610775363251	97.1175950486295	2.05651751230448
TGME49_chrVIIa:2190024:2190709:clu_966_NA	83.3333333333333	95.4545454545455	64	82.6086956521739	87.5	89.5833333333333	81.3491436100132	88.5416666666667	7.1925230566535
TGME49_chrVIIa:2234498:2234734:clu_970_NA	96.6942148760331	96.551724137931	95.1388888888889	98.1927710843374	97.7777777777778	98.0769230769231	96.6443997467976	97.9273504273504	1.28295068055284
TGME49_chrVIIa:2234817:2235186:clu_971_NA	49.2592592592593	53.4883720930233	53.0612244897959	52.0833333333333	48.6486486486487	52.1551724137931	51.9730472938529	50.4019105312209	-1.57113676263207
TGME49_chrVIIa:2237104:2237539:clu_972_NA	52.3809523809524	51.8433179723502	55.6962025316456	54.0598290598291	53.6231884057971	51.8072289156626	53.4950754861943	52.7152086607299	-0.779866825464431
TGME49_chrVIIa:2237580:2237912:clu_972_NA	44.9404761904762	47.4654377880184	43.5443037974684	45.0854700854701	44.5652173913043	47.7911646586345	45.2589219653583	46.1781910249694	0.919269059611167
TGME49_chrVIIa:2237977:2238670:clu_973_NA	96.3541666666667	98.3471074380165	98.5714285714286	96.8871595330739	97.7941176470588	100	97.5399655522964	98.8970588235294	1.357093271233
TGME49_chrVIIa:2438301:2438748:clu_977_NA	100	100	98.9847715736041	97.8835978835979	98.6254295532646	98.9795918367347	99.2170923643005	98.8025106949997	-0.41458166930083
TGME49_chrVIIa:2440381:2440813:clu_978_NA	97.65625	99.0654205607477	99.3377483443709	99.21875	99.1525423728814	98.3388704318937	98.8195422262796	98.7457064023875	-0.0738358238920966
TGME49_chrVIIa:2524328:2524527:clu_984_NA	75	76.9230769230769	75	60	100	100	71.7307692307692	100	28.2692307692308
TGME49_chrVIIa:2534704:2535069:clu_986_NA	100	95.2941176470588	100	98.8095238095238	100	100	98.5259103641457	100	1.47408963585434
TGME49_chrVIIa:2609943:2610470:clu_987_NA	100	86.9565217391304	84	63.1578947368421	89.6551724137931	100	83.5286041189931	94.8275862068966	11.2989820879034
TGME49_chrVIIa:2615660:2616346:clu_989_NA	100	80	100	75	94.4444444444444	88.2352941176471	88.75	91.3398692810458	2.58986928104575
TGME49_chrVIIa:2711521:2712041:clu_991_NA	63.5416666666667	69.0476190476191	63	66.0550458715596	52.6315789473684	46.969696969697	65.4110828964613	49.8006379585327	-15.6104449379286
TGME49_chrVIIa:2822476:2822752:clu_993_NA	5.16431924882629	2.94117647058824	2.56410256410256	3.24909747292419	15.0197628458498	16.078431372549	3.47967393911032	15.5490971091994	12.0694231700891
TGME49_chrVIIa:2998851:2999637:clu_999_NA	30.4635761589404	30.2884615384615	40.5	37.4045801526718	32.5	38.5714285714286	34.6641544625184	35.5357142857143	0.871559823195867
TGME49_chrVIIa:2998991:2999637:clu_999_NA	66.2251655629139	65.8653846153846	57	60.6870229007634	58.3333333333333	57.1428571428571	62.4443932697655	57.7380952380952	-4.70629803167023
TGME49_chrVIIa:3006764:3006993:clu_1000_NA	69.5890410958904	73.9130434782609	70.8715596330275	74.3137254901961	91.5680473372781	88.0918220946915	72.1718424243437	89.8299347159848	17.6580922916411
TGME49_chrVIIa:3006764:3007009:clu_1000_NA	30.4109589041096	25.4658385093168	28.8990825688073	25.4901960784314	8.43195266272189	11.9081779053085	27.5665190151663	10.1700652840152	-17.3964537311511
TGME49_chrVIIa:3007117:3007314:clu_1001_NA	96.551724137931	99.3212669683258	99.2924528301887	99.1169977924945	98.2343499197432	97.6452119309262	98.570610432235	97.9397809253347	-0.630829506900298
TGME49_chrVIIa:3007117:3007355:clu_1001_NA	3.44827586206897	0.678733031674208	0.707547169811321	0.883002207505519	1.76565008025682	2.35478806907378	1.429389567765	2.0602190746653	0.6308295069003
TGME49_chrVIIa:3007483:3008182:clu_1002_NA	85.9922178988327	86.7924528301887	87.7022653721683	87.6106194690265	95.6822107081174	95.3206239168111	87.024388892554	95.5014173124643	8.47702841991023
TGME49_chrVIIa:3043265:3043950:clu_1003_NA	26.1904761904762	26.2295081967213	24.0506329113924	24.7572815533981	32.03125	28.9855072463768	25.306974712997	30.5083786231884	5.20140391019141
TGME49_chrVIIa:3044051:3044298:clu_1003_NA	11.3095238095238	10.9289617486339	6.32911392405063	6.79611650485437	10.546875	14.975845410628	8.84092899676567	12.761360205314	3.92043120854834
TGME49_chrVIIa:3268531:3268941:clu_1011_NA	5.89622641509434	7.16981132075472	6.17495711835334	6.48414985590778	5.38461538461539	2.77777777777778	6.43128617752755	4.08119658119658	-2.35008959633096
TGME49_chrVIIa:3328962:3329873:clu_1015_NA	84.6153846153846	93.3333333333333	88	100	100	100	91.4871794871795	100	8.51282051282051
TGME49_chrVIIa:3368298:3369575:clu_1016_NA	98.9130434782609	99.2307692307692	98.1481481481482	99.2700729927007	100	100	98.8905084624697	100	1.10949153753026
TGME49_chrVIIa:3681404:3681807:clu_1030_NA	99.2857142857143	99.4535519125683	94.578313253012	98.8636363636364	99.2063492063492	97.2477064220184	98.0453039537327	98.2270278141838	0.181723860451044
TGME49_chrVIIa:3681909:3682672:clu_1031_NA	6.89655172413793	6.28930817610063	9.09090909090909	4.76190476190476	0.934579439252336	2.53164556962025	6.7596684382631	1.73311250443629	-5.02655593382681
TGME49_chrVIIa:3682399:3682672:clu_1031_NA	18.9655172413793	27.0440251572327	23.7762237762238	19.047619047619	9.34579439252336	12.6582278481013	22.2083463056137	11.0020111203123	-11.2063351853014
TGME49_chrVIIa:3796461:3797226:clu_1034_NA	0.540216086434574	0.579150579150579	0.334768053562889	0.672043010752688	3.1787220240026	3.11577566415218	0.531544432475182	3.14724884407739	2.61570441160221
TGME49_chrVIIa:3796812:3797226:clu_1034_NA	98.1992797118848	98.7934362934363	98.9000478240077	98.3870967741936	96.5293545248135	96.5562479501476	98.5699651508806	96.5428012374805	-2.02716391340002
TGME49_chrVIIa:3817966:3818428:clu_1035_NA	56.198347107438	52.8735632183908	53.3333333333333	52.5423728813559	48.8636363636364	55.421686746988	53.7369041351295	52.1426615553122	-1.59424257981736
TGME49_chrVIIa:3818531:3818901:clu_1035_NA	43.801652892562	47.1264367816092	46.1111111111111	45.7627118644068	51.1363636363636	44.578313253012	45.7004781624223	47.8573384446878	2.15686028226557
TGME49_chrVIIa:3861058:3861554:clu_1036_NA	100	NA	0	NA	21	29.4736842105263	50	25.2368421052632	-24.7631578947368
TGME49_chrVIIa:3861106:3861554:clu_1036_NA	0	NA	0	NA	22	23.1578947368421	0	22.5789473684211	22.5789473684211
TGME49_chrVIIa:3861608:3862009:clu_1036_NA	0	NA	100	NA	47	40	50	43.5	-6.5
TGME49_chrVIIa:3893110:3894571:clu_1039_NA	33.3333333333333	34.5454545454545	34.6153846153846	42.1052631578947	23.9130434782609	35.8490566037736	36.1498589130168	29.8810500410172	-6.26880887199958
TGME49_chrVIIa:3897013:3897264:clu_1040_NA	96.1904761904762	97.1428571428571	93.6170212765958	97.7443609022556	97.6744186046512	100	96.1736788780462	98.8372093023256	2.6635304242794
TGME49_chrVIIa:3911021:3911235:clu_1042_NA	63.1578947368421	70.9677419354839	50	61.5384615384615	91.0299003322259	92.3728813559322	61.4160245526969	91.7013908440791	30.2853662913822
TGME49_chrVIIa:3912850:3913053:clu_1043_NA	98.9130434782609	98.6159169550173	97.979797979798	99.1304347826087	98.7084870848708	98.5865724381625	98.6597982989212	98.6475297615167	-0.0122685374045091
TGME49_chrVIIa:3913774:3914442:clu_1044_NA	97.6190476190476	99.6996996996997	97.6666666666667	99.2105263157895	99.6545768566494	99.4633273703041	98.5489850753009	99.5589521134767	1.00996703817589
TGME49_chrVIIa:3920313:3921004:clu_1045_NA	86.0759493670886	87.5	93.1034482758621	85.9649122807018	91.1764705882353	99.0654205607477	88.1610774809131	95.1209455744915	6.95986809357838
TGME49_chrVIIa:3934068:3935155:clu_1052_NA	100	73.3333333333333	75	91.6666666666667	87.3015873015873	92.4528301886792	85	89.8772087451333	4.87720874513327
TGME49_chrVIIa:4122530:4124226:clu_1055_NA	2.03045685279188	1.23456790123457	1.8348623853211	4.89795918367347	11.5740740740741	24.3697478991597	2.49946158075525	17.9719109866169	15.4724494058616
TGME49_chrVIIa:4201733:4202063:clu_1060_NA	100	92.3076923076923	92.6829268292683	100	100	100	96.2476547842402	100	3.75234521575985
TGME49_chrVIIa:4360053:4360245:clu_1064_NA	91.4141414141414	93.7984496124031	93.9655172413793	91.2162162162162	85.4304635761589	84.9162011173184	92.598581121035	85.1733323467387	-7.42524877429632
TGME49_chrVIIa:4360953:4361392:clu_1065_NA	33.5365853658537	37.5	32.1180555555556	35.7823129251701	35.3086419753086	33.4080717488789	34.7342384616448	34.3583568620938	-0.375881599551036
TGME49_chrVIIa:4361570:4362088:clu_1065_NA	28.8617886178862	29.1666666666667	31.25	28.7074829931973	28.641975308642	31.390134529148	29.4964845694375	30.016054918895	0.519570349457446
TGME49_chrVIIa:4362288:4362685:clu_1065_NA	35.3658536585366	30.2884615384615	32.9861111111111	31.5646258503401	35.0617283950617	32.7354260089686	32.5512630396123	33.8985772020152	1.34731416240283
TGME49_chrVIIa:4363073:4363270:clu_1066_NA	8.95522388059701	14.8148148148148	12.3376623376623	15.1658767772512	7.43801652892562	9.09090909090909	12.8183944525813	8.26446280991736	-4.55393164266398
TGME49_chrVIIa:4368550:4368930:clu_1068_NA	6.282722513089	6.63900414937759	4.88888888888889	4.8582995951417	0.641025641025641	0.5	5.6672287866243	0.57051282051282	-5.09671596611148
TGME49_chrVIIa:4368977:4369088:clu_1068_NA	9.42408376963351	5.80912863070539	8	5.26315789473684	0.641025641025641	0.5	7.12409257376894	0.57051282051282	-6.55357975325612
TGME49_chrVIIa:4420216:4421916:clu_1073_NA	98.9130434782609	99.0196078431373	98.8095238095238	98.7012987012987	97.5806451612903	97.196261682243	98.8608684580552	97.3884534217667	-1.47241503628851
TGME49_chrVIIa:4427437:4428103:clu_1074_NA	47.1861471861472	49.1295938104449	53.3333333333333	49.0683229813665	53.7396121883656	49.2647058823529	49.679349327823	51.5021590353593	1.82280970753634
TGME49_chrVIIa:4428183:4428722:clu_1074_NA	52.8138528138528	50.8704061895551	46.6666666666667	50.4658385093168	45.7063711911357	50.7352941176471	50.2041910448478	48.2208326543914	-1.98335839045644
TGME49_chrVIIa:4429072:4429603:clu_1075_NA	99.5535714285714	99.3150684931507	98.2142857142857	99.0066225165563	98.5074626865672	99.4475138121547	99.022387038141	98.9774882493609	-0.0448987887801024
TGME49_chrVIIa:4436591:4436779:clu_1076_NA	54.9295774647887	60.1449275362319	58.0882352941177	58.8235294117647	54.2857142857143	48.5981308411215	57.9965674267257	51.4419225634179	-6.55464486330786
TGME49_chrVIIb:125190:125988:clu_1079_NA	50	31.25	18.1818181818182	50	55	68.4210526315789	37.3579545454545	61.7105263157895	24.3525717703349
TGME49_chrVIIb:129810:129998:clu_1080_NA	41.1764705882353	33.3333333333333	36.8421052631579	50	66.6666666666667	72	40.3379772961816	69.3333333333333	28.9953560371517
TGME49_chrVIIb:226171:226600:clu_1081_NA	98.2758620689655	94.8717948717949	97.5609756097561	96.4705882352941	96.3636363636364	97.3333333333333	96.7948051964526	96.8484848484848	0.0536796520322014
TGME49_chrVIIb:254042:254899:clu_1085_NA	100	95.959595959596	100	100	96.7479674796748	93.5714285714286	98.989898989899	95.1596980255517	-3.83020096434731
TGME49_chrVIIb:282207:282510:clu_1086_NA	100	97.3333333333333	100	97.8947368421053	97.2222222222222	100	98.8070175438597	98.6111111111111	-0.195906432748544
TGME49_chrVIIb:291492:292027:clu_1089_NA	99.488926746167	98.9174560216509	100	99.7512437810945	98.635477582846	98.1549815498155	99.5394066372281	98.3952295663308	-1.14417707089734
TGME49_chrVIIb:297023:297523:clu_1090_NA	100	100	100	97.5609756097561	98.0769230769231	92.8571428571429	99.390243902439	95.467032967033	-3.92321093540606
TGME49_chrVIIb:417235:418037:clu_1096_NA	100	92.3076923076923	90	100	85.7142857142857	92.3076923076923	95.5769230769231	89.010989010989	-6.56593406593407
TGME49_chrVIIb:463469:463838:clu_1098_NA	42.1052631578947	26.3157894736842	42.3728813559322	45.4545454545455	60	100	39.0621198605142	80	40.9378801394858
TGME49_chrVIIb:463532:463838:clu_1098_NA	57.8947368421053	73.6842105263158	57.6271186440678	54.5454545454545	40	0	60.9378801394858	20	-40.9378801394858
TGME49_chrVIIb:481752:481896:clu_1100_NA	65.7894736842105	61.3207547169811	57.843137254902	64.7540983606557	76.3358778625954	74.8201438848921	62.4268660041873	75.5780108737438	13.1511448695564
TGME49_chrVIIb:500155:500511:clu_1101_NA	100	99.2217898832685	99.79035639413	99.8236331569665	99.618320610687	99.6815286624204	99.7089448585912	99.6499246365537	-0.059020222037546
TGME49_chrVIIb:624040:624514:clu_1109_NA	88	97.8723404255319	88.8888888888889	79.4117647058823	82.3529411764706	100	88.5432485050758	91.1764705882353	2.63322208315951
TGME49_chrVIIb:640291:640793:clu_1110_NA	11.7241379310345	7.60869565217391	9.20245398773006	11.9760479041916	29.2792792792793	37.9310344827586	10.1278338687825	33.6051568810189	23.4773230122364
TGME49_chrVIIb:653196:653599:clu_1113_NA	87.8787878787879	100	96.875	100	100	100	96.188446969697	100	3.81155303030303
TGME49_chrVIIb:688063:688411:clu_1114_NA	98.0392156862745	98.9130434782609	98.0392156862745	97.5903614457831	100	100	98.1454590741482	100	1.85454092585175
TGME49_chrVIIb:726977:727309:clu_1115_NA	54.5454545454545	42.8571428571429	23.8095238095238	60	33.3333333333333	26.6666666666667	45.3030303030303	30	-15.3030303030303
TGME49_chrVIIb:752472:752887:clu_1116_NA	56.4102564102564	52.8301886792453	54.3859649122807	45.2380952380952	50	60.8695652173913	52.2161263099694	55.4347826086957	3.21865629872624
TGME49_chrVIIb:799753:800624:clu_1122_NA	92.8571428571429	75	75	90	78.5714285714286	78.125	83.2142857142857	78.3482142857143	-4.86607142857144
TGME49_chrVIIb:803601:803737:clu_1124_NA	0	0	0.833333333333333	0.699300699300699	8.92857142857143	10.9090909090909	0.383158508158508	9.91883116883117	9.53567266067266
TGME49_chrVIIb:808105:808382:clu_1128_NA	31.4685314685315	35.1648351648352	39.7790055248619	30.8108108108108	30.8943089430894	26.7605633802817	34.3057957422598	28.8274361616856	-5.47835958057427
TGME49_chrVIIb:831546:832190:clu_1129_NA	100	100	98.780487804878	100	98.5148514851485	99.4652406417112	99.6951219512195	98.9900460634299	-0.705075887789633
TGME49_chrVIIb:844020:844508:clu_1130_NA	100	100	98.6577181208054	98.9130434782609	98.2758620689655	100	99.3926903997666	99.1379310344828	-0.254759365283803
TGME49_chrVIIb:855164:856098:clu_1131_NA	100	99.8116760828625	99.6389891696751	100	99.7655334114889	100	99.8626663131344	99.8827667057444	0.0201003926100327
TGME49_chrVIIb:856675:857434:clu_1132_NA	95.8246346555324	96.3979416809606	98.4848484848485	97.4320241691843	94.8849104859335	95.6175298804781	97.0348622476314	95.2512201832058	-1.78364206442563
TGME49_chrVIIb:857026:857434:clu_1132_NA	0.835073068893528	0.857632933104631	0.189393939393939	0.604229607250755	2.55754475703325	2.12483399734396	0.621582387160713	2.3411893771886	1.71960699002789
TGME49_chrVIIb:903539:903779:clu_1137_NA	98.1481481481482	100	98.1132075471698	98.7654320987654	91.304347826087	100	98.7566969485208	95.6521739130435	-3.10452303547737
TGME49_chrVIIb:904686:904798:clu_1138_NA	59.349593495935	73.7588652482269	59.4827586206897	52.1472392638037	68.2539682539683	68.3544303797468	61.1846141571638	68.3041993168575	7.11958515969373
TGME49_chrVIIb:905112:905229:clu_1138_NA	40.650406504065	25.531914893617	37.9310344827586	40.4907975460123	25.3968253968254	27.8481012658228	36.1510383566132	26.6224633313241	-9.52857502528914
TGME49_chrVIIb:915516:915835:clu_1139_NA	45.4545454545455	51.1111111111111	46.5116279069767	52.112676056338	54.5454545454545	56	48.7974901322428	55.2727272727273	6.47523714048445
TGME49_chrVIIb:915911:916363:clu_1139_NA	51.5151515151515	44.4444444444444	53.4883720930233	46.4788732394366	36.3636363636364	44	48.981710323014	40.1818181818182	-8.79989214119577
TGME49_chrVIIb:937138:937383:clu_1141_NA	22.3880597014925	26.6666666666667	25.6756756756757	34.8837209302326	13.5593220338983	12.7272727272727	27.4035307435169	13.1432973805855	-14.2602333629313
TGME49_chrVIIb:1115857:1116286:clu_1144_NA	100	83.3333333333333	84.6153846153846	100	100	80	91.9871794871795	90	-1.98717948717949
TGME49_chrVIIb:1119515:1120040:clu_1145_NA	99.7320830542532	99.7202014549524	99.818401937046	99.6354166666667	99.6538081107814	99.7377622377622	99.7265257782296	99.6957851742718	-0.0307406039577387
TGME49_chrVIIb:1120730:1121643:clu_1146_NA	86.5275142314991	89.0339425587467	84.3558282208589	86.1486486486486	80.5813953488372	78.2377919320595	86.5164834149383	79.4095936404483	-7.10688977449
TGME49_chrVIIb:1120925:1121643:clu_1146_NA	13.4724857685009	10.9660574412533	15.6441717791411	13.8513513513514	19.4186046511628	21.7622080679406	13.4835165850617	20.5904063595517	7.10688977449
TGME49_chrVIIb:1141205:1141759:clu_1148_NA	0	15	0	0	22.5490196078431	15.5339805825243	3.75	19.0415000951837	15.2915000951837
TGME49_chrVIIb:1141308:1141759:clu_1148_NA	8.33333333333333	0	0	0	19.6078431372549	12.621359223301	2.08333333333333	16.1146011802779	14.0312678469446
TGME49_chrVIIb:1141308:1142342:clu_1148_NA	50	25	40	33.3333333333333	33.3333333333333	31.0679611650485	37.0833333333333	32.2006472491909	-4.88268608414239
TGME49_chrVIIb:1147179:1148301:clu_1149_NA	100	100	100	100	96.1538461538462	80.6451612903226	100	88.3995037220844	-11.6004962779156
TGME49_chrVIIb:1210188:1210796:clu_1150_NA	97.841726618705	98.9304812834225	99.4708994708995	99.0476190476191	96.1832061068702	96.551724137931	98.8226816051615	96.3674651224006	-2.45521648276087
TGME49_chrVIIb:1211010:1211325:clu_1151_NA	55.0607287449393	50.0917431192661	53.1021897810219	49.0045941807044	53.7790697674419	49.7076023391813	51.8148139564829	51.7433360533116	-0.0714779031713562
TGME49_chrVIIb:1211453:1212166:clu_1151_NA	44.7368421052632	48.9908256880734	46.7153284671533	50.2297090352221	46.2209302325581	50.2923976608187	47.668176323928	48.2566639466884	0.588487622760447
TGME49_chrVIIb:1312304:1312699:clu_1153_NA	42.8571428571429	39.7435897435897	41.6666666666667	45	38.6363636363636	48	42.3168498168498	43.3181818181818	1.001332001332
TGME49_chrVIIb:1312817:1313102:clu_1153_NA	53.0612244897959	60.2564102564103	55.5555555555556	50	59.0909090909091	52	54.7182975754404	55.5454545454545	0.827156970014116
TGME49_chrVIIb:1348427:1349088:clu_1154_NA	90.9090909090909	84.7826086956522	85.4838709677419	93.4426229508197	96.2962962962963	90.9090909090909	88.6545483808262	93.6026936026936	4.94814522186742
TGME49_chrVIIb:1531879:1532413:clu_1157_NA	99.7590361445783	98.5915492957747	98.3372921615202	99.4285714285714	90.3682719546742	89.766081871345	99.0291122576111	90.0671769130096	-8.96193534460153
TGME49_chrVIIb:1531879:1532522:clu_1157_NA	0.240963855421687	1.40845070422535	1.66270783847981	0.571428571428571	9.63172804532578	10.233918128655	0.970887742388855	9.93282308699037	8.96193534460152
TGME49_chrVIIb:1534259:1534633:clu_1161_NA	57.1022727272727	59.3639575971731	56.8361581920904	54.6875	57.12	57.1220930232558	56.9974721291341	57.1210465116279	0.123574382493842
TGME49_chrVIIb:1534770:1535033:clu_1161_NA	42.7556818181818	40.4004711425206	43.0508474576271	45.2083333333333	42.88	42.8779069767442	42.8538334379157	42.8789534883721	0.0251200504563727
TGME49_chrVIIb:1566377:1566764:clu_1163_NA	46.8085106382979	45.5445544554455	47.6190476190476	45.3488372093023	39.63133640553	42.0212765957447	46.3302374805233	40.8263065006373	-5.50393097988602
TGME49_chrVIIb:1577526:1577892:clu_1167_NA	50.5376344086022	48.5714285714286	45.8333333333333	61.5384615384615	50	37.7049180327869	51.6202144629564	43.8524590163934	-7.76775544656296
TGME49_chrVIIb:1578025:1578307:clu_1168_NA	95.4545454545455	92.5925925925926	90.7407407407407	96.7741935483871	97.4358974358974	100	93.8905180840665	98.7179487179487	4.82743063388224
TGME49_chrVIIb:1617027:1617210:clu_1170_NA	35.8490566037736	33.3333333333333	27.5862068965517	23.1884057971014	46.1538461538462	44.4444444444444	29.98925065769	45.2991452991453	15.3098946414553
TGME49_chrVIIb:1617027:1617244:clu_1170_NA	16.9811320754717	15.3846153846154	25.8620689655172	18.8405797101449	0	0	19.2670990339373	0	-19.2670990339373
TGME49_chrVIIb:1617275:1617647:clu_1170_NA	45.2830188679245	48.7179487179487	44.8275862068966	55.0724637681159	53.8461538461538	55.5555555555556	48.4752543902214	54.7008547008547	6.22560031063327
TGME49_chrVIIb:1617926:1618148:clu_1171_NA	23.3333333333333	40	46.1538461538462	32	25	0	35.3717948717949	12.5	-22.8717948717949
TGME49_chrVIIb:1623992:1624459:clu_1172_NA	47.2972972972973	40.2173913043478	39.6825396825397	46.25	34.8837209302326	37.2549019607843	43.3618070710462	36.0693114455084	-7.29249562553777
TGME49_chrVIIb:1646295:1646886:clu_1174_NA	68.8888888888889	63.0434782608696	62.7906976744186	64.5161290322581	47.8260869565217	42.1052631578947	64.8097984641088	44.9656750572082	-19.8441234069005
TGME49_chrVIIb:1937531:1938021:clu_1181_NA	95.2380952380952	96.1038961038961	96.7741935483871	92.0792079207921	96.7741935483871	98.4496124031008	95.0488482027926	97.6119029757439	2.5630547729513
TGME49_chrVIIb:2060552:2061169:clu_1186_NA	100	99.0990990990991	99.0654205607477	99.2063492063492	98.4126984126984	98.75	99.342717216549	98.5813492063492	-0.761368010199789
TGME49_chrVIIb:2112052:2112890:clu_1189_NA	98.7179487179487	98.4	96.2264150943396	95.1219512195122	94.0298507462687	97.4683544303797	97.1165787579501	95.7491025883242	-1.36747616962593
TGME49_chrVIIb:2129932:2130453:clu_1190_NA	78.2608695652174	83.3333333333333	90.3225806451613	86.9565217391304	83.4355828220859	89.5061728395062	84.7183263207106	86.470877830796	1.75255151008542
TGME49_chrVIIb:2129932:2130486:clu_1190_NA	21.7391304347826	16.6666666666667	9.67741935483871	13.0434782608696	16.5644171779141	10.4938271604938	15.2816736792894	13.529122169204	-1.75255151008542
TGME49_chrVIIb:2138244:2138613:clu_1191_NA	100	99.5098039215686	100	100	99.3506493506494	98.5130111524164	99.8774509803922	98.9318302515329	-0.945620728859296
TGME49_chrVIIb:2172690:2172941:clu_1195_NA	72	73.6842105263158	64.8148148148148	69.6774193548387	83.3333333333333	69.4805194805195	70.0441111739923	76.4069264069264	6.36281523293408
TGME49_chrVIIb:2194301:2194627:clu_1196_NA	20	66.6666666666667	100	100	70.3703703703704	86.2068965517241	71.6666666666667	78.2886334610473	6.6219667943806
TGME49_chrVIIb:2196809:2197239:clu_1197_NA	94.4444444444444	95.6521739130435	90.1960784313726	93.3333333333333	96.4285714285714	87.5	93.4065075305485	91.9642857142857	-1.44222181626273
TGME49_chrVIIb:2200536:2201414:clu_1198_NA	100	99.7512437810945	99.75	99.5910020449898	99.5391705069124	99.3006993006993	99.7730614565211	99.4199349038059	-0.353126552715196
TGME49_chrVIIb:2201651:2202020:clu_1199_NA	100	99.5975855130785	99.8102466793169	98.5029940119761	98.5294117647059	99.7442455242967	99.4777065510929	99.1368286445013	-0.340877906591572
TGME49_chrVIIb:2239126:2239535:clu_1203_NA	100	98.3333333333333	93.2432432432432	96.1038961038961	100	98.2142857142857	96.9201181701182	99.1071428571429	2.18702468702469
TGME49_chrVIIb:2289184:2289982:clu_1205_NA	100	100	100	100	71.4285714285714	56.25	100	63.8392857142857	-36.1607142857143
TGME49_chrVIIb:2466446:2467102:clu_1211_NA	87.5	88.8888888888889	93.1818181818182	90.2439024390244	96.4285714285714	97.6744186046512	89.9536523774329	97.0514950166113	7.09784263917842
TGME49_chrVIIb:2481416:2482396:clu_1213_NA	100	90.9090909090909	91.6666666666667	87.5	33.3333333333333	88.8888888888889	92.5189393939394	61.1111111111111	-31.4078282828283
TGME49_chrVIIb:2639144:2639357:clu_1215_NA	100	100	42.8571428571429	80	74.4186046511628	84	80.7142857142857	79.2093023255814	-1.5049833887043
TGME49_chrVIIb:2684033:2684563:clu_1216_NA	54.4	70.0934579439252	49.1803278688525	54.4117647058823	60.6060606060606	51.1627906976744	57.021387629665	55.8844256518675	-1.1369619777975
TGME49_chrVIIb:2701071:2702277:clu_1218_NA	94.7368421052632	95.6521739130435	99.1525423728814	89.6774193548387	98.1012658227848	98.4496124031008	94.8047444365067	98.2754391129428	3.47069467643612
TGME49_chrVIIb:2703755:2704260:clu_1220_NA	66.6666666666667	75	57.1428571428571	100	81.25	79.1666666666667	74.7023809523809	80.2083333333333	5.50595238095238
TGME49_chrVIIb:2749433:2749631:clu_1224_NA	0.348432055749129	0.500625782227785	0	0.356294536817102	0.99160945842868	1.3953488372093	0.301338093698504	1.19347914781899	0.892141054120487
TGME49_chrVIIb:2749503:2749631:clu_1224_NA	99.6515679442509	99.4993742177722	100	99.6437054631829	99.0083905415713	98.6046511627907	99.6986619063015	98.806520852181	-0.892141054120486
TGME49_chrVIIb:2776735:2777343:clu_1226_NA	98.5507246376812	99.6825396825397	98.7755102040816	99.6078431372549	100	99.390243902439	99.1541544153893	99.6951219512195	0.540967535830163
TGME49_chrVIIb:2796175:2796544:clu_1228_NA	100	100	97.5609756097561	98.1818181818182	92.8571428571429	88	98.9356984478936	90.4285714285714	-8.50712701932214
TGME49_chrVIIb:2848801:2849649:clu_1232_NA	97.2292191435768	96.0629921259843	96.0474308300395	96.697247706422	96.7391304347826	97.3058637083994	96.5092224515057	97.022497071591	0.51327462008534
TGME49_chrVIIb:2853993:2854936:clu_1233_NA	100	100	90.4761904761905	100	50	87.5	97.6190476190476	68.75	-28.8690476190476
TGME49_chrVIIb:2960464:2961244:clu_1235_NA	80.7692307692308	91.1392405063291	94.7916666666667	92.9203539823009	92.8571428571429	91.6666666666667	89.9051229811319	92.2619047619048	2.35678178077291
TGME49_chrVIIb:2962763:2963150:clu_1236_NA	98.989898989899	100	100	98.7261146496815	99.5169082125604	99.0476190476191	99.4290034098951	99.2822636300897	-0.146739779805415
TGME49_chrVIIb:2963900:2964607:clu_1237_NA	71.6535433070866	80.1587301587302	80.7453416149068	62.5	64.4736842105263	63.1746031746032	73.7644037701809	63.8241436925647	-9.94026007761616
TGME49_chrVIIb:2965353:2965877:clu_1237_NA	25.1968503937008	16.6666666666667	16.1490683229814	32.6388888888889	32.5657894736842	34.9206349206349	22.6628685680594	33.7432121971596	11.0803436291001
TGME49_chrVIIb:2969200:2970797:clu_1238_NA	8.24742268041237	10.377358490566	7.07070707070707	8.94308943089431	18.75	18.9189189189189	8.65964441814495	18.8344594594595	10.1748150413145
TGME49_chrVIIb:2969745:2970101:clu_1238_NA	21.6494845360825	12.2641509433962	12.1212121212121	24.390243902439	19.4444444444444	21.6216216216216	17.6062728757825	20.533033033033	2.92676015725057
TGME49_chrVIIb:3081915:3082266:clu_1242_NA	94.8717948717949	95.2054794520548	98.0392156862745	97.9057591623037	98.2456140350877	97.3958333333333	96.505562293107	97.8207236842105	1.31516139110356
TGME49_chrVIIb:3101027:3101348:clu_1244_NA	88	100	100	95.8333333333333	100	75	95.9583333333333	87.5	-8.45833333333334
TGME49_chrVIIb:3114479:3114994:clu_1247_NA	0.590551181102362	0.835421888053467	0.533333333333333	0.507185122569738	0.974358974358974	1.67652859960552	0.616622881264725	1.32544378698225	0.708820905717524
TGME49_chrVIIb:3114572:3114994:clu_1247_NA	99.1141732283465	99.1645781119465	99.3777777777778	99.2392223161454	98.8717948717949	97.8303747534517	99.223937858554	98.3510848126233	-0.872853045930768
TGME49_chrVIIb:3115308:3116281:clu_1248_NA	97.8975032851511	97.3029045643154	96.3768115942029	98.0187695516163	98.1781376518219	99.0206746463547	97.3989972488214	98.5994061490883	1.20040890026688
TGME49_chrVIIb:3221060:3221397:clu_1255_NA	97.1014492753623	97.9695431472081	97.4619289340102	97.4619289340102	98.2142857142857	98.4615384615385	97.4987125726477	98.3379120879121	0.839199515264397
TGME49_chrVIIb:3275412:3275670:clu_1256_NA	46.6666666666667	45.6392887383573	46.875	45.8992805755396	46.6275659824047	47.1376370280146	46.2700589951409	46.8826015052096	0.612542510068764
TGME49_chrVIIb:3275412:3275956:clu_1256_NA	0.808080808080808	1.35478408128704	1.06907894736842	1.72661870503597	0.733137829912023	0.609013398294762	1.23964063544306	0.671075614103393	-0.568565021339668
TGME49_chrVIIb:3275702:3275956:clu_1256_NA	52.5252525252525	53.0059271803556	52.0559210526316	52.3741007194245	52.6392961876833	52.2533495736906	52.4903003694161	52.4463228806869	-0.0439774887291051
TGME49_chrVIIb:3349698:3350422:clu_1258_NA	62.8571428571429	88.8888888888889	64	70.3703703703704	70.7692307692308	50.9259259259259	71.5291005291005	60.8475783475783	-10.6815221815222
TGME49_chrVIIb:3349784:3350422:clu_1258_NA	34.2857142857143	5.55555555555556	20	25.9259259259259	15.3846153846154	29.6296296296296	21.4417989417989	22.5071225071225	1.06532356532357
TGME49_chrVIIb:3350530:3350690:clu_1259_NA	41.1016949152542	35.15625	40.8396946564886	38.6018237082067	44.9324324324324	48.7012987012987	38.9248658199874	46.8168655668656	7.8919997468782
TGME49_chrVIIb:3398018:3398688:clu_1261_NA	97.1428571428571	97.1428571428571	97.2222222222222	95.3488372093023	100	100	96.7141934293097	100	3.2858065706903
TGME49_chrVIIb:3405740:3405884:clu_1264_NA	99.8311523849726	99.5719963313971	99.6563573883162	99.8042414355628	99.7799295774648	99.5762711864407	99.7159368850622	99.6781003819527	-0.0378365031094319
TGME49_chrVIIb:3434533:3435066:clu_1267_NA	98.641765704584	99.163179916318	98.7635239567233	99.0885416666667	99.0325417766051	98.73046875	98.914252811073	98.8815052633026	-0.0327475477704553
TGME49_chrVIIb:3471699:3472158:clu_1269_NA	100	100	95.8904109589041	98.2758620689655	100	98.1981981981982	98.5415682569674	99.0990990990991	0.557530842131712
TGME49_chrVIIb:3507595:3508445:clu_1270_NA	100	100	100	100	100	93.75	100	96.875	-3.125
TGME49_chrVIIb:3626344:3626657:clu_1275_NA	52.2727272727273	51.4705882352941	48.4848484848485	47.8260869565217	70	44.4444444444444	50.0135627373479	57.2222222222222	7.20865948487432
TGME49_chrVIIb:3626805:3627079:clu_1275_NA	40.9090909090909	48.5294117647059	50	50.7246376811594	30	55.5555555555556	47.5407850887391	42.7777777777778	-4.76300731096128
TGME49_chrVIIb:3852312:3852788:clu_1283_NA	61.5384615384615	77.7777777777778	58.3333333333333	47.3684210526316	66.6666666666667	52.9411764705882	61.2544984255511	59.8039215686274	-1.45057685692362
TGME49_chrVIIb:4107850:4108666:clu_1287_NA	48.155737704918	47.6415094339623	50	49.8591549295775	48.2248520710059	47.5609756097561	48.9141005171144	47.892913840381	-1.02118667673343
TGME49_chrVIIb:4108722:4109231:clu_1287_NA	51.844262295082	51.7295597484277	49.2537313432836	49.4366197183099	51.6272189349112	52.1341463414634	50.5660432762758	51.8806826381873	1.31463936191156
TGME49_chrVIIb:4191566:4192182:clu_1292_NA	94.3396226415094	100	98.3870967741936	94.4444444444444	94.7368421052632	92.1348314606742	96.7927909650369	93.4358367829687	-3.35695418206819
TGME49_chrVIIb:4259088:4259751:clu_1293_NA	100	100	92.3076923076923	93.8775510204082	100	90.9090909090909	96.5463108320251	95.4545454545455	-1.09176537747966
TGME49_chrVIIb:4265325:4265915:clu_1294_NA	93.9393939393939	93.3333333333333	95.4545454545455	98.1481481481482	100	100	95.2188552188552	100	4.78114478114477
TGME49_chrVIIb:4268809:4269491:clu_1295_NA	99.1561181434599	98.8970588235294	99.5833333333333	100	96.8944099378882	99.6996996996997	99.4091275750807	98.297054818794	-1.11207275628672
TGME49_chrVIIb:4273471:4273626:clu_1296_NA	90	80	76.9230769230769	77.2727272727273	44.4444444444444	62.5	81.0489510489511	53.4722222222222	-27.5767288267288
TGME49_chrVIIb:4437735:4438434:clu_1305_NA	92.8571428571429	100	95.2380952380952	96.4285714285714	97.8723404255319	95	96.1309523809524	96.436170212766	0.305217831813579
TGME49_chrVIIb:4539427:4539638:clu_1309_NA	61.8421052631579	60.9756097560976	69.3548387096774	60.4651162790698	43.75	52.9411764705882	63.1594175020007	48.3455882352941	-14.8138292667065
TGME49_chrVIIb:4541014:4541375:clu_1310_NA	83.8709677419355	88.4615384615385	83.3333333333333	90.2173913043478	79.6296296296296	77.7777777777778	86.4708077102888	78.7037037037037	-7.76710400658507
TGME49_chrVIIb:4545378:4545537:clu_1311_NA	41.688654353562	45.0530035335689	43.0188679245283	46.1100569259962	46.0420032310178	42.7027027027027	43.9676456844139	44.3723529668602	0.404707282446381
TGME49_chrVIIb:4545378:4545762:clu_1311_NA	0.527704485488127	0.706713780918728	0	0.189753320683112	2.74636510500808	2.16216216216216	0.356042896772492	2.45426363358512	2.09822073681263
TGME49_chrVIIb:4545661:4545762:clu_1311_NA	56.2005277044855	52.4734982332155	55.2830188679245	52.7514231499051	49.2730210016155	53.1081081081081	54.1771169888827	51.1905645548618	-2.98655243402087
TGME49_chrVIIb:4555907:4556072:clu_1312_NA	34.1902313624679	33.728981206726	32.2851153039832	32.0754716981132	37.5647668393782	34.3984962406015	33.0699498928226	35.9816315399899	2.91168164716729
TGME49_chrVIIb:4556180:4556284:clu_1312_NA	29.6915167095116	29.4757665677547	30.293501048218	28.7940935192781	29.5336787564767	31.015037593985	29.5637194611906	30.2743581752308	0.710638714040225
TGME49_chrVIIb:4556459:4556726:clu_1312_NA	36.1182519280206	36.3996043521266	37.2117400419287	38.3921246923708	32.9015544041451	34.3984962406015	37.0304302536117	33.6500253223733	-3.38040493123837
TGME49_chrVIIb:4557208:4557330:clu_1313_NA	100	99.6389891696751	98.744769874477	99.2805755395683	100	99.1452991452991	99.4160836459301	99.5726495726496	0.156565926719466
TGME49_chrVIIb:4560410:4560568:clu_1316_NA	50	61.3636363636364	48.8888888888889	61.6438356164384	33.3333333333333	42.8571428571429	55.4740902172409	38.0952380952381	-17.3788521220028
TGME49_chrVIIb:4560660:4560761:clu_1316_NA	35.7142857142857	25	26.6666666666667	27.3972602739726	30	10.7142857142857	28.6945531637312	20.3571428571429	-8.33741030658839
TGME49_chrVIIb:4569701:4569861:clu_1317_NA	68.9655172413793	44.1558441558442	53.2467532467532	69.7674418604651	42.5	52.8301886792453	59.0338891261105	47.6650943396226	-11.3687947864878
TGME49_chrVIIb:4573466:4574028:clu_1318_NA	83.3333333333333	85.7142857142857	85.7142857142857	60	76.4705882352941	78.9473684210526	78.6904761904762	77.7089783281734	-0.981497862302817
TGME49_chrVIIb:4881359:4881463:clu_1326_NA	100	93.1818181818182	97.5609756097561	98.1481481481482	100	100	97.2227354849306	100	2.77726451506939
TGME49_chrVIIb:4882194:4882468:clu_1327_NA	100	88	97.5	95.8333333333333	92.3076923076923	100	95.3333333333333	96.1538461538462	0.820512820512818
TGME49_chrVIIb:4950626:4950927:clu_1330_NA	53.9989118607182	51.803349076857	52.1868559651935	52.8692995854244	52.4166220795434	50.9764445339239	52.7146041220483	51.6965333067337	-1.01807081531461
TGME49_chrVIIb:4951160:4951400:clu_1330_NA	45.8378672470076	47.8960927436668	47.5383558506984	46.9997818023129	47.3515248796148	48.8222266961949	47.0680244109214	48.0868757879048	1.01885137698339
TGME49_chrVIIb:5034289:5034526:clu_1337_NA	0	0	0	10.5263157894737	73.3333333333333	68.9655172413793	2.63157894736842	71.1494252873563	68.5178463399879
TGME49_chrVIII:22354:22557:clu_1340_NA	76.7567567567568	78.0487804878049	80.0829875518672	76.2376237623762	78.9156626506024	73.6842105263158	77.7815371397013	76.2999365884591	-1.48160055124217
TGME49_chrVIII:22980:23115:clu_1341_NA	38.9496717724289	40.1680672268908	40.4605263157895	40.99560761347	42.1621621621622	40.9836065573771	40.1434682321448	41.5728843597696	1.42941612762483
TGME49_chrVIII:23162:23282:clu_1341_NA	60.8315098468271	59.8319327731092	59.5394736842105	58.8579795021962	57.027027027027	58.8114754098361	59.7652239515858	57.9192512184315	-1.84597273315423
TGME49_chrVIII:23905:24041:clu_1342_NA	49.5652173913044	48.6007462686567	49.738219895288	49.213691026827	49.4488188976378	50.0616522811344	49.279468645519	49.7552355893861	0.475766943867093
TGME49_chrVIII:24079:24380:clu_1342_NA	50.0621118012422	50.9328358208955	49.9476439790576	50.5087881591119	50.0787401574803	49.4451294697904	50.3628449400768	49.7619348136353	-0.600910126441477
TGME49_chrVIII:27020:27519:clu_1343_NA	69.2111959287532	75.1020408163265	73.4567901234568	76.5704584040747	75.5102040816327	70.2127659574468	73.5851213181528	72.8614850195397	-0.723636298613073
TGME49_chrVIII:40140:40414:clu_1344_NA	5.88235294117647	5.20833333333333	1.47058823529412	2.83018867924528	15.5555555555556	10.4477611940298	3.8478657972623	13.0016583747927	9.1537925775304
TGME49_chrVIII:40140:40432:clu_1344_NA	5.88235294117647	10.4166666666667	10.2941176470588	7.54716981132075	15.5555555555556	25.3731343283582	8.53507676655568	20.4643449419569	11.9292681754012
TGME49_chrVIII:49543:50066:clu_1346_NA	56.1484918793503	59.1752577319588	54.3157894736842	54.3293718166384	57.1428571428571	59.748427672956	55.9922277254079	58.4456424079066	2.45341468249863
TGME49_chrVIII:50167:50353:clu_1346_NA	43.1554524361949	40	45.0526315789474	45.5008488964346	42.3280423280423	40.251572327044	43.4272332278942	41.2898073275432	-2.13742590035105
TGME49_chrVIII:109582:110654:clu_1347_NA	99.9153259949196	99.6372430471584	99.7910863509749	99.878197320341	99.0942028985507	99.238578680203	99.8054631783485	99.1663907893769	-0.639072388971599
TGME49_chrVIII:362535:363082:clu_1354_NA	100	96.969696969697	93.8461538461538	97.5609756097561	91.6666666666667	82.6086956521739	97.0942066064017	87.1376811594203	-9.95652544698144
TGME49_chrVIII:373498:374476:clu_1355_NA	99.9259259259259	99.7214484679666	99.8906506287589	99.8003992015968	99.7281131049483	99.8218527315914	99.834606056062	99.7749829182699	-0.0596231377921441
TGME49_chrVIII:437983:438437:clu_1356_NA	100	100	93.75	100	28.5714285714286	71.4285714285714	98.4375	50	-48.4375
TGME49_chrVIII:651339:651824:clu_1362_NA	0.429447852760736	0.0494559841740851	0.298507462686567	0.361570247933884	0.943989930774072	0.5720823798627	0.284745386888818	0.758036155318386	0.473290768429568
TGME49_chrVIII:666300:666583:clu_1364_NA	20	18.4168012924071	18.8679245283019	22.9166666666667	21.7579250720461	19.8391420911528	20.0503481218439	20.7985335815995	0.74818545975555
TGME49_chrVIII:666300:667684:clu_1364_NA	56.6990291262136	55.4119547657512	57.5471698113208	57.0512820512821	58.0691642651297	53.3512064343164	56.6773589386419	55.710185349723	-0.967173588918882
TGME49_chrVIII:667083:667684:clu_1364_NA	23.3009708737864	26.1712439418417	23.5849056603774	20.0320512820513	20.1729106628242	26.8096514745308	23.2722929395142	23.4912810686775	0.218988129163336
TGME49_chrVIII:667830:668585:clu_1365_NA	87.0796460176991	88.8399412628488	89.209726443769	86.7816091954023	88.8888888888889	89.568345323741	87.9777307299298	89.2286171063149	1.25088637638515
TGME49_chrVIII:667830:668859:clu_1365_NA	1.5929203539823	1.17474302496329	1.3677811550152	1.86781609195402	2.88065843621399	2.03836930455636	1.5008151564787	2.45951387038517	0.958698713906471
TGME49_chrVIII:668926:669189:clu_1366_NA	98.9528795811518	100	99.5260663507109	99.1111111111111	96.9348659003831	97.9508196721311	99.3975142607435	97.4428427862571	-1.95467147448632
TGME49_chrVIII:669384:669632:clu_1367_NA	94.5454545454545	94.6043165467626	95.9866220735786	94.059405940594	97.7777777777778	99.0267639902676	94.7989497765975	98.4022708840227	3.60332110742524
TGME49_chrVIII:713988:714359:clu_1370_NA	80	79.4871794871795	89.8550724637681	76.5957446808511	84.2105263157895	90.4761904761905	81.4844991579497	87.34335839599	5.85885923804031
TGME49_chrVIII:757619:758339:clu_1372_NA	61.5094339622641	61.3526570048309	55.7083906464924	57.9411764705882	59.6034696406444	61.4485981308411	59.1279145210439	60.5260338857427	1.39811936469881
TGME49_chrVIII:758490:759025:clu_1372_NA	38.3018867924528	38.3252818035427	44.2916093535076	41.7647058823529	40.272614622057	38.5514018691589	40.670870957964	39.4120082456079	-1.25886271235607
TGME49_chrVIII:966539:968083:clu_1380_NA	17.3913043478261	11.7647058823529	17.2413793103448	29.0322580645161	37.5	51.8518518518518	18.85741190126	44.6759259259259	25.8185140246659
TGME49_chrVIII:1118006:1118321:clu_1384_NA	100	99.6478873239437	99.0595611285266	98.9655172413793	99.009900990099	99.1202346041056	99.4182414234624	99.0650677971023	-0.353173626360103
TGME49_chrVIII:1153850:1154269:clu_1385_NA	100	98.0891719745223	99.1869918699187	99.3630573248408	93.6507936507936	84.8484848484848	99.1598052923204	89.2496392496392	-9.9101660426812
TGME49_chrVIII:1157959:1158346:clu_1386_NA	100	98.5915492957747	97.7272727272727	100	78.9473684210526	86.9565217391304	99.0797055057619	82.9519450800915	-16.1277604256703
TGME49_chrVIII:1229733:1230886:clu_1387_NA	99.9163879598662	99.8651382333109	100	99.882491186839	99.7956403269755	99.7402597402597	99.916004345004	99.7679500336176	-0.148054311386417
TGME49_chrVIII:1277146:1278169:clu_1388_NA	99.4832041343669	98.2490272373541	100	99.8266897746967	100	100	99.3897302866044	100	0.610269713395581
TGME49_chrVIII:1426437:1427064:clu_1391_NA	85.7142857142857	75	94.4444444444444	81.8181818181818	100	100	84.244227994228	100	15.755772005772
TGME49_chrVIII:1427291:1427657:clu_1392_NA	97.8723404255319	83.6363636363636	87.719298245614	93.8461538461538	87.6712328767123	93.0555555555556	90.7685390384159	90.3633942161339	-0.405144822281912
TGME49_chrVIII:1587001:1587935:clu_1394_NA	1.21739130434783	0.641848523748395	0.559440559440559	0.8274231678487	1.59420289855072	2.05580029368576	0.81152588884637	1.82500159611824	1.01347570727187
TGME49_chrVIII:1587212:1587935:clu_1394_NA	3.1304347826087	2.31065468549422	3.21678321678322	2.12765957446809	5.94202898550725	5.58002936857562	2.69638306483856	5.76102917704144	3.06464611220288
TGME49_chrVIII:1604143:1605180:clu_1395_NA	85	95.2380952380952	100	100	80	100	95.0595238095238	90	-5.05952380952381
TGME49_chrVIII:1647218:1647679:clu_1396_NA	56.4935064935065	59.1133004926108	55.7142857142857	59.3406593406593	60.8695652173913	57.5757575757576	57.6654380102656	59.2226613965744	1.55722338630885
TGME49_chrVIII:1647765:1648459:clu_1396_NA	5.19480519480519	4.92610837438424	4.28571428571429	6.22710622710623	0	9.09090909090909	5.15843352050249	4.54545454545455	-0.61297897504794
TGME49_chrVIII:1647765:1648534:clu_1396_NA	37.6623376623377	35.4679802955665	39.5238095238095	32.967032967033	39.1304347826087	33.3333333333333	36.4052901121867	36.231884057971	-0.173406054215647
TGME49_chrVIII:1663357:1663977:clu_1398_NA	29.3706293706294	30.3571428571429	36.0902255639098	37.7906976744186	44.6700507614213	50.2958579881657	33.4021738665251	47.4829543747935	14.0807805082684
TGME49_chrVIII:1716950:1717301:clu_1401_NA	90	87.5	66.6666666666667	90	96.7741935483871	86.5384615384615	83.5416666666667	91.6563275434243	8.11466087675767
TGME49_chrVIII:1773852:1774668:clu_1402_NA	45.9501557632399	46.1259079903148	46.6176470588235	46.6265060240964	46.958174904943	43.8756855575868	46.3300542091186	45.4169302312649	-0.913123977853743
TGME49_chrVIII:1774697:1775253:clu_1402_NA	52.803738317757	53.0266343825666	52.6470588235294	51.6867469879518	52.0912547528517	54.4789762340037	52.5410446279512	53.2851154934277	0.74407086547648
TGME49_chrVIII:1785422:1786215:clu_1403_NA	99.1525423728814	98.6577181208054	97.7272727272727	100	99.0610328638498	100	98.8843833052399	99.5305164319249	0.646133126685015
TGME49_chrVIII:1880465:1881127:clu_1404_NA	85.6060606060606	89.3854748603352	86.1386138613861	86.5384615384615	76.7857142857143	70.5426356589147	86.9171527165609	73.6641749723145	-13.2529777442464
TGME49_chrVIII:1880787:1881127:clu_1404_NA	10.6060606060606	7.82122905027933	11.8811881188119	8.17307692307692	19.6428571428571	25.5813953488372	9.62038867455719	22.6121262458472	12.99173757129
TGME49_chrVIII:1974564:1975187:clu_1405_NA	100	99.7747747747748	100	99.5348837209302	99.7701149425287	100	99.8274146239263	99.8850574712644	0.0576428473381014
TGME49_chrVIII:1979493:1979994:clu_1406_NA	99.6422182468694	99.4557823129252	99.7179125528914	99.2376111817027	99.8819362455726	99.6359223300971	99.5133810735972	99.7589292878349	0.245548214237701
TGME49_chrVIII:2020054:2020900:clu_1409_NA	100	100	100	100	91.8781725888325	94.0366972477064	100	92.9574349182695	-7.04256508173054
TGME49_chrVIII:2048139:2048508:clu_1410_NA	50	80	87.5	50	50	53.5714285714286	66.875	51.7857142857143	-15.0892857142857
TGME49_chrVIII:2048139:2048603:clu_1410_NA	50	20	12.5	50	50	46.4285714285714	33.125	48.2142857142857	15.0892857142857
TGME49_chrVIII:2056406:2057061:clu_1411_NA	76.0869565217391	62.5	58.7301587301587	72.9166666666667	65.3846153846154	57.8947368421053	67.5584454796411	61.6396761133603	-5.91876936628081
TGME49_chrVIII:2096725:2097239:clu_1412_NA	99.7175141242938	99.79035639413	99.5444191343963	99.6175908221797	100	99.6699669966997	99.66747011875	99.8349834983498	0.167513379599868
TGME49_chrVIII:2103559:2103829:clu_1413_NA	38.9830508474576	50	43.3333333333333	48.8888888888889	29.5454545454545	57.5757575757576	45.30131826742	43.5606060606061	-1.7407122068139
TGME49_chrVIII:2129941:2130897:clu_1414_NA	91.304347826087	95.4545454545455	95	100	83.3333333333333	100	95.4397233201581	91.6666666666667	-3.77305665349142
TGME49_chrVIII:2178252:2178787:clu_1417_NA	100	89.2857142857143	92.8571428571429	100	96.2025316455696	98.8372093023256	95.5357142857143	97.5198704739476	1.98415618823331
TGME49_chrVIII:2201322:2201735:clu_1419_NA	50	25	0	66.6666666666667	40.2985074626866	33.9285714285714	35.4166666666667	37.113539445629	1.69687277896234
TGME49_chrVIII:2201322:2202026:clu_1419_NA	50	75	100	33.3333333333333	52.2388059701493	46.4285714285714	64.5833333333333	49.3336886993603	-15.249644633973
TGME49_chrVIII:2212538:2212760:clu_1420_NA	98.6842105263158	99.5967741935484	99.6197718631179	100	99.7183098591549	100	99.4751891457455	99.8591549295775	0.383965783831968
TGME49_chrVIII:2214263:2215067:clu_1421_NA	93.9597315436242	90.7894736842105	90.3669724770642	92.2018348623853	97.4789915966387	95.4314720812183	91.8295031418211	96.4552318389285	4.62572869710739
TGME49_chrVIII:2215121:2215463:clu_1422_NA	50	NA	50	0	19.2307692307692	13.0841121495327	33.3333333333333	16.157440690151	-17.1758926431824
TGME49_chrVIII:2215135:2215463:clu_1422_NA	50	NA	50	100	80.7692307692308	86.9158878504673	66.6666666666667	83.842559309849	17.1758926431824
TGME49_chrVIII:2215932:2216660:clu_1423_NA	92.8571428571429	94.7368421052632	100	81.8181818181818	97.9452054794521	98.2142857142857	92.353041695147	98.0797455968689	5.72670390172193
TGME49_chrVIII:2219033:2219190:clu_1424_NA	97.1153846153846	94.9790794979079	91.703056768559	96.3709677419355	97.7035490605428	96.8553459119497	95.0421221559467	97.2794474862462	2.2373253302995
TGME49_chrVIII:2236071:2236396:clu_1427_NA	99.5255666842383	100	99.8756734355574	99.8174516246805	99.9561787905346	100	99.8046729361191	99.9780893952673	0.173416459148257
TGME49_chrVIII:2242402:2242595:clu_1428_NA	96.4285714285714	98	86.6666666666667	98.6486486486486	80.7692307692308	100	94.9359716859717	90.3846153846154	-4.55135630135629
TGME49_chrVIII:2242915:2243095:clu_1429_NA	31.1320754716981	25.7309941520468	26.5822784810127	37.7906976744186	36.1111111111111	27.1428571428571	30.309011444794	31.6269841269841	1.31797268219009
TGME49_chrVIII:2243181:2243307:clu_1429_NA	31.1320754716981	38.0116959064327	32.2784810126582	29.0697674418605	30.5555555555556	27.1428571428571	32.6230049581624	28.8492063492063	-3.77379860895604
TGME49_chrVIII:2243392:2243508:clu_1429_NA	33.9622641509434	35.672514619883	37.3417721518987	30.8139534883721	26.3888888888889	34.2857142857143	34.4476261027743	30.3373015873016	-4.11032451547273
TGME49_chrVIII:2247232:2247747:clu_1430_NA	NA	100	NA	100	77.2727272727273	93.3333333333333	100	85.3030303030303	-14.6969696969697
TGME49_chrVIII:2247788:2249566:clu_1431_NA	100	100	60	100	95	90	90	92.5	2.5
TGME49_chrVIII:2282278:2282666:clu_1433_NA	100	97.6635514018692	100	98.326359832636	99.537037037037	99.6168582375479	98.9974778086263	99.5769476372925	0.579469828666177
TGME49_chrVIII:2295344:2295803:clu_1437_NA	38.1909547738693	33.2	33.7606837606838	35.5481727574751	37.5598086124402	35.258358662614	35.174952823007	36.4090836375271	1.23413081452004
TGME49_chrVIII:2295900:2296242:clu_1437_NA	25.1256281407035	27.6	28.6324786324786	30.5647840531561	29.9043062200957	28.8753799392097	27.9807227065846	29.3898430796527	1.40912037306814
TGME49_chrVIII:2296353:2296936:clu_1437_NA	34.6733668341709	36.4	35.8974358974359	31.8936877076412	30.1435406698565	34.3465045592705	34.716122609812	32.2450226145635	-2.4710999952485
TGME49_chrVIII:2297028:2297234:clu_1438_NA	100	97.4358974358974	100	100	99.236641221374	98.2608695652174	99.3589743589744	98.7487553932957	-0.610218965678655
TGME49_chrVIII:2298087:2298633:clu_1439_NA	47.3684210526316	43.4782608695652	40.9090909090909	32.0754716981132	28.2828282828283	27.0491803278689	40.9578111323502	27.6660043053486	-13.2918068270017
TGME49_chrVIII:2298188:2298633:clu_1439_NA	52.6315789473684	56.5217391304348	59.0909090909091	67.9245283018868	71.7171717171717	72.9508196721311	59.0421888676498	72.3339956946514	13.2918068270017
TGME49_chrVIII:2444454:2444874:clu_1441_NA	100	94.7368421052632	100	100	89.4736842105263	100	98.6842105263158	94.7368421052632	-3.94736842105263
TGME49_chrVIII:2605890:2607158:clu_1445_NA	98.533724340176	100	99.0147783251232	99.1596638655462	96.3636363636364	99.3670886075949	99.1770416327113	97.8653624856156	-1.31167914709569
TGME49_chrVIII:2625222:2625378:clu_1446_NA	87.1794871794872	91.8367346938776	96.1538461538462	95.4545454545455	86.6666666666667	68.75	92.6561533704391	77.7083333333333	-14.9478200371057
TGME49_chrVIII:2625389:2625894:clu_1447_NA	50	100	100	80	87.5	86.6666666666667	82.5	87.0833333333333	4.58333333333334
TGME49_chrVIII:2660487:2661266:clu_1449_NA	100	100	83.3333333333333	100	72.2222222222222	89.4736842105263	95.8333333333333	80.8479532163743	-14.9853801169591
TGME49_chrVIII:2668832:2669221:clu_1452_NA	98.936170212766	99.1525423728814	99.21875	98.6206896551724	96.9230769230769	96.1038961038961	98.9820380602049	96.5134865134865	-2.46855154671842
TGME49_chrVIII:2707617:2708241:clu_1455_NA	100	95.6521739130435	97.5609756097561	87.0967741935484	100	90.4761904761905	95.077480929087	95.2380952380952	0.160614309008253
TGME49_chrVIII:2895744:2895988:clu_1460_NA	NA	NA	NA	NA	47.7272727272727	59.3406593406593	NA	53.533966033966	NA
TGME49_chrVIII:2895744:2896156:clu_1460_NA	NA	NA	NA	NA	37.5	34.0659340659341	NA	35.782967032967	NA
TGME49_chrVIII:2897011:2897506:clu_1461_NA	NA	NA	NA	NA	92.5925925925926	88.2352941176471	NA	90.4139433551198	NA
TGME49_chrVIII:2899394:2899858:clu_1463_NA	NA	NA	NA	NA	62.5	80.5555555555556	NA	71.5277777777778	NA
TGME49_chrVIII:2899954:2901357:clu_1464_NA	100	94.7368421052632	100	100	98.4536082474227	97.5535168195719	98.6842105263158	98.0035625334973	-0.680647992818507
TGME49_chrVIII:3012568:3013108:clu_1465_NA	92.3076923076923	98.0769230769231	88.0952380952381	93.0232558139535	100	88.2352941176471	92.8757773234517	94.1176470588235	1.24186973537181
TGME49_chrVIII:3033902:3034358:clu_1467_NA	49.2063492063492	45.8333333333333	48.780487804878	50	33.3333333333333	46.1538461538462	48.4550425861401	39.7435897435897	-8.71145284255041
TGME49_chrVIII:3034418:3034807:clu_1467_NA	50.7936507936508	51.3888888888889	51.219512195122	48.5294117647059	44.4444444444444	46.1538461538462	50.4828659105919	45.2991452991453	-5.18372061144658
TGME49_chrVIII:3055615:3055806:clu_1470_NA	43.4782608695652	43.4782608695652	47.5	45.945945945946	45.4545454545455	47.3684210526316	45.1006169212691	46.4114832535885	1.31086633231942
TGME49_chrVIII:3055854:3056149:clu_1470_NA	52.1739130434783	50.7246376811594	45	51.3513513513513	45.4545454545455	44.7368421052632	49.8124755189973	45.0956937799043	-4.71678173909295
TGME49_chrVIII:3261769:3262336:clu_1474_NA	97.5	100	96	97.0588235294118	97.0149253731343	100	97.6397058823529	98.5074626865672	0.867756804214224
TGME49_chrVIII:3307666:3308121:clu_1475_NA	100	95.8333333333333	97.6190476190476	94.5945945945946	100	100	97.0117438867439	100	2.98825611325611
TGME49_chrVIII:3308870:3309116:clu_1476_NA	98.6301369863014	98.75	94.2307692307692	98.7012987012987	100	95.4545454545455	97.5780512295923	97.7272727272727	0.149221497680401
TGME49_chrVIII:3407112:3407496:clu_1481_NA	93.1034482758621	96.6666666666667	95.3488372093023	100	94.7368421052632	100	96.2797380379578	97.3684210526316	1.0886830146738
TGME49_chrVIII:3408825:3409097:clu_1482_NA	88.2352941176471	84.8484848484848	95.4545454545455	94.1176470588235	100	83.3333333333333	90.6639928698752	91.6666666666667	1.00267379679146
TGME49_chrVIII:3409534:3409858:clu_1483_NA	91.6666666666667	94.1176470588235	93.1034482758621	100	100	100	94.7219405003381	100	5.27805949966194
TGME49_chrVIII:3419433:3419882:clu_1484_NA	100	100	NA	NA	90.3225806451613	87.1794871794872	100	88.7510339123242	-11.2489660876758
TGME49_chrVIII:3436147:3436946:clu_1485_NA	97.1428571428571	100	96.551724137931	100	72.2222222222222	86.3636363636364	98.423645320197	79.2929292929293	-19.1307160272678
TGME49_chrVIII:3570530:3571417:clu_1487_NA	95.2380952380952	88.2352941176471	95.4545454545455	87.5	100	100	91.6069837025719	100	8.39301629742806
TGME49_chrVIII:3599045:3600218:clu_1490_NA	98.4615384615385	96.7213114754098	96.3636363636364	100	98.6111111111111	98.7951807228916	97.8866215751462	98.7031459170013	0.816524341855171
TGME49_chrVIII:3700226:3700321:clu_1493_NA	47.1153846153846	48.7012987012987	50	46.7836257309941	46.6666666666667	39.3939393939394	48.1500772619194	43.030303030303	-5.11977423161633
TGME49_chrVIII:3700388:3700487:clu_1493_NA	51.9230769230769	49.3506493506493	50	49.7076023391813	53.3333333333333	54.5454545454545	50.2453321532269	53.9393939393939	3.69406178616705
TGME49_chrVIII:3787332:3787665:clu_1494_NA	85.7142857142857	100	100	100	94.4444444444444	87.8048780487805	96.4285714285714	91.1246612466125	-5.30391018195895
TGME49_chrVIII:3821013:3821712:clu_1496_NA	84	81.5789473684211	77.7777777777778	82.9268292682927	60	100	81.5708886036229	80	-1.57088860362288
TGME49_chrVIII:3822699:3823448:clu_1497_NA	82.3529411764706	66.6666666666667	64.9122807017544	75	66.6666666666667	46.6666666666667	72.2329721362229	56.6666666666667	-15.5663054695563
TGME49_chrVIII:3825657:3826424:clu_1498_NA	49.1379310344828	59.8039215686275	47.787610619469	47.4074074074074	46.2962962962963	48.4375	51.0342176574967	47.3668981481482	-3.66731950934851
TGME49_chrVIII:3826612:3826998:clu_1498_NA	49.1379310344828	40.1960784313725	52.212389380531	52.5925925925926	44.4444444444444	46.875	48.5347478597447	45.6597222222222	-2.8750256375225
TGME49_chrVIII:3925415:3925852:clu_1501_NA	0.917431192660551	3.52112676056338	2.94117647058824	5.63380281690141	8.10810810810811	8.98203592814371	3.25338431017839	8.54507201812591	5.29168770794752
TGME49_chrVIII:3925943:3926121:clu_1501_NA	86.2385321100918	92.9577464788732	87.5	88.0281690140845	79.4594594594595	83.2335329341317	88.6811119007624	81.3464961967956	-7.33461570396678
TGME49_chrVIII:3933696:3934085:clu_1502_NA	100	100	100	100	92.8571428571429	98.0769230769231	100	95.467032967033	-4.53296703296704
TGME49_chrVIII:3995541:3995766:clu_1505_NA	6.25	0	23.5294117647059	13.3333333333333	39.4736842105263	41.1764705882353	10.7781862745098	40.3250773993808	29.546891124871
TGME49_chrVIII:4029096:4029643:clu_1508_NA	95.1219512195122	100	100	97.9591836734694	98.6666666666667	98.6486486486486	98.2702837232454	98.6576576576577	0.387373934412267
TGME49_chrVIII:4130062:4130488:clu_1511_NA	93.5483870967742	100	100	94.2857142857143	82.3529411764706	86.3636363636364	96.9585253456221	84.3582887700535	-12.6002365755687
TGME49_chrVIII:4257064:4257264:clu_1512_NA	100	99.8958333333333	100	99.9029126213592	100	99.4601889338731	99.9496864886731	99.7300944669366	-0.21959202173656
TGME49_chrVIII:4319864:4320400:clu_1515_NA	76.4705882352941	83.3333333333333	76.4705882352941	100	80	100	84.0686274509804	90	5.93137254901961
TGME49_chrVIII:4349590:4349889:clu_1517_NA	100	100	98.1651376146789	99.7624703087886	100	100	99.4819019808669	100	0.518098019133134
TGME49_chrVIII:4389940:4390540:clu_1518_NA	35.7142857142857	62.5	40	50	20	66.6666666666667	47.0535714285714	43.3333333333333	-3.7202380952381
TGME49_chrVIII:4447205:4447429:clu_1519_NA	57.1428571428571	55.4655870445344	56.7961165048544	50.8960573476703	51.9298245614035	52.445652173913	55.075154509979	52.1877383676583	-2.88741614232077
TGME49_chrVIII:4447483:4447798:clu_1519_NA	42.3469387755102	44.1295546558704	42.2330097087379	47.3118279569892	45.6140350877193	45.9239130434783	44.0053327742769	45.7689740655988	1.76364129132184
TGME49_chrVIII:4482123:4482956:clu_1521_NA	96.551724137931	100	96.2962962962963	94.5945945945946	81.25	91.6666666666667	96.8606537572055	86.4583333333333	-10.4023204238722
TGME49_chrVIII:4522730:4523494:clu_1523_NA	85.7142857142857	95.2380952380952	100	93.75	100	100	93.6755952380952	100	6.32440476190476
TGME49_chrVIII:4612297:4612734:clu_1527_NA	100	99.2	99.3006993006993	99.4285714285714	97.1830985915493	100	99.4823176823177	98.5915492957747	-0.89076838654303
TGME49_chrVIII:4613937:4614350:clu_1528_NA	52.6595744680851	50.7246376811594	52.9680365296804	53.6121673003802	48.4210526315789	49.1525423728814	52.4911039948263	48.7867975022302	-3.70430649259612
TGME49_chrVIII:4614385:4614614:clu_1528_NA	46.2765957446808	47.463768115942	43.8356164383562	45.6273764258555	50.5263157894737	46.8926553672316	45.8008391812086	48.7094855783527	2.90864639714403
TGME49_chrVIII:4908205:4909318:clu_1541_NA	51.1363636363636	47.008547008547	48.5714285714286	50.4854368932039	48.7562189054726	46.5346534653465	49.3004440273858	47.6454361854096	-1.65500784197619
TGME49_chrVIII:4909381:4911240:clu_1541_NA	47.7272727272727	52.1367521367521	50.7142857142857	48.5436893203884	49.7512437810945	51.980198019802	49.7804999746747	50.8657209004483	1.08522092577352
TGME49_chrVIII:4914797:4915149:clu_1542_NA	100	99.3006993006993	97.3509933774834	98.2248520710059	100	100	98.7191361872972	100	1.28086381270283
TGME49_chrVIII:4985525:4986410:clu_1544_NA	12.8205128205128	24.3243243243243	34.0425531914894	20	41.2371134020619	35.3535353535354	22.7968475840816	38.2953243777986	15.498476793717
TGME49_chrVIII:4985841:4986410:clu_1544_NA	84.6153846153846	75.6756756756757	65.9574468085106	77.7777777777778	57.7319587628866	62.6262626262626	76.0065712193372	60.1791106945746	-15.8274605247626
TGME49_chrVIII:5067452:5067962:clu_1546_NA	95.8646616541353	97.6271186440678	99.3079584775086	98.0916030534351	97.979797979798	98.125	97.7228354572867	98.052398989899	0.329563532612255
TGME49_chrVIII:5105605:5106361:clu_1547_NA	50	100	81.8181818181818	75	91.1111111111111	81.25	76.7045454545455	86.1805555555556	9.4760101010101
TGME49_chrVIII:5112097:5113154:clu_1548_NA	28.8659793814433	25.4385964912281	21.3114754098361	17.8947368421053	16.8831168831169	15.5844155844156	23.3776970311532	16.2337662337662	-7.14393079738694
TGME49_chrVIII:5146406:5146803:clu_1550_NA	50	50	66.6666666666667	50	72.7272727272727	82.7586206896552	54.1666666666667	77.742946708464	23.5762800417973
TGME49_chrVIII:5155933:5156040:clu_1551_NA	100	0	100	NA	73.3333333333333	87.8787878787879	66.6666666666667	80.6060606060606	13.9393939393939
TGME49_chrVIII:5212506:5215706:clu_1553_NA	6.28385698808234	8.99376669634906	7.57446808510638	7.75	5.37330316742081	6.67468430547204	7.65052294238445	6.02399373644643	-1.62652920593802
TGME49_chrVIII:5212551:5214453:clu_1553_NA	13.5427952329361	9.61709706144256	13.2765957446808	13	14.5361990950226	15.0330727600722	12.3591220097649	14.7846359275474	2.42551391778252
TGME49_chrVIII:5212551:5215706:clu_1553_NA	7.15059588299025	9.97328584149599	10.0425531914894	8.91666666666667	11.9343891402715	9.07997594708358	9.02077539566057	10.5071825436775	1.48640714801697
TGME49_chrVIII:5212551:5218217:clu_1553_NA	9.85915492957746	9.17186108637578	8.59574468085106	9.41666666666667	9.89819004524887	9.86169573060734	9.26085684086774	9.8799428879281	0.619086047060359
TGME49_chrVIII:5214515:5215706:clu_1553_NA	6.71722643553629	3.29474621549421	5.36170212765957	5.5	8.31447963800905	7.27600721587492	5.21841869467252	7.79524342694199	2.57682473226947
TGME49_chrVIII:5214515:5218217:clu_1553_NA	7.90899241603467	9.26090828138914	8.85106382978723	9.16666666666667	8.0316742081448	10.7035478051714	8.79690779846943	9.36761100665809	0.570703208188661
TGME49_chrVIII:5215778:5218217:clu_1553_NA	21.1267605633803	21.193232413179	23.6595744680851	21.9166666666667	24.3212669683258	22.0084185207456	21.9740585278278	23.1648427445357	1.19078421670795
TGME49_chrVIII:5216956:5218217:clu_1553_NA	4.7670639219935	3.29474621549421	4.42553191489362	3.41666666666667	3.61990950226244	3.48767288033674	3.976002179762	3.55379119129959	-0.422210988462406
TGME49_chrVIII:5221715:5222383:clu_1554_NA	99.3079584775086	99.7297297297297	100	99.4858611825193	100	100	99.6308873474394	100	0.369112652560588
TGME49_chrVIII:5274984:5276080:clu_1555_NA	100	100	99.5642701525055	100	99.8154981549816	99.604743083004	99.8910675381264	99.7101206189928	-0.180946919133604
TGME49_chrVIII:5276327:5276937:clu_1556_NA	83.8174273858921	89.2857142857143	90.0611620795107	86.962962962963	91.3107511045655	92.274678111588	87.53181667852	91.7927146080768	4.26089792955675
TGME49_chrVIII:5291186:5291471:clu_1557_NA	46.9879518072289	49.6503496503497	49.0740740740741	43.8888888888889	42.6229508196721	51.5151515151515	47.4003161051354	47.0690511674118	-0.33126493772356
TGME49_chrVIII:5291566:5291679:clu_1557_NA	51.8072289156626	48.951048951049	50	51.1111111111111	55.7377049180328	42.4242424242424	50.4673472444557	49.0809736711376	-1.38637357331808
TGME49_chrVIII:5311524:5311684:clu_1558_NA	NA	NA	NA	NA	73.6842105263158	87.5	NA	80.5921052631579	NA
TGME49_chrVIII:5312363:5312474:clu_1559_NA	98.9298454221165	99.1364421416235	98.9140271493213	98.8425925925926	99.1397109428768	99.2307692307692	98.9557268264135	99.185240086823	0.229513260409547
TGME49_chrVIII:5312363:5312758:clu_1559_NA	0.475624256837099	0.345423143350604	0.633484162895928	0.385802469135802	0.378527185134205	0.501672240802676	0.460083508054858	0.44009971296844	-0.019983795086418
TGME49_chrVIII:5452485:5453894:clu_1563_NA	97.9166666666667	100	100	100	96.9230769230769	97.2602739726027	99.4791666666667	97.0916754478398	-2.38749121882682
TGME49_chrVIII:5545185:5545417:clu_1567_NA	4.65116279069767	6.13496932515337	3.03030303030303	3.58974358974359	8.24175824175824	8.42696629213483	4.35154468397442	8.33436226694654	3.98281758297212
TGME49_chrVIII:5661444:5662238:clu_1574_NA	3.125	4.34782608695652	3.125	2.17391304347826	59.4202898550725	70.7317073170732	3.1929347826087	65.0759985860728	61.8830638034641
TGME49_chrVIII:5710011:5711361:clu_1579_NA	100	100	100	100	98.3050847457627	91.6666666666667	100	94.9858757062147	-5.01412429378531
TGME49_chrVIII:5802809:5803167:clu_1582_NA	NA	NA	0	66.6666666666667	64	56.4102564102564	33.3333333333333	60.2051282051282	26.8717948717949
TGME49_chrVIII:5804418:5804948:clu_1583_NA	NA	NA	NA	NA	88.8888888888889	80.7692307692308	NA	84.8290598290598	NA
TGME49_chrVIII:5807631:5808048:clu_1584_NA	100	NA	100	100	91.1764705882353	94.6428571428571	100	92.9096638655462	-7.09033613445379
TGME49_chrVIII:5808316:5809010:clu_1585_NA	NA	NA	100	0	46.4285714285714	57.1428571428571	50	51.7857142857143	1.78571428571428
TGME49_chrVIII:5809081:5809420:clu_1586_NA	0	0	0	NA	50	52	0	51	51
TGME49_chrVIII:5809494:5812156:clu_1586_NA	100	50	100	NA	37.5	38	83.3333333333333	37.75	-45.5833333333333
TGME49_chrVIII:5884775:5885220:clu_1588_NA	100	98.6425339366516	99.5327102803738	98.993288590604	100	100	99.2921332019074	100	0.707866798092638
TGME49_chrVIII:5885489:5885734:clu_1589_NA	40.8921933085502	47.3509933774834	40.1408450704225	39.0123456790123	44.3877551020408	45.0892857142857	41.8490943588671	44.7385204081633	2.88942604929614
TGME49_chrVIII:5886090:5886712:clu_1589_NA	58.7360594795539	51.6556291390728	59.5070422535211	60	55.6122448979592	54.9107142857143	57.474682718037	55.2614795918367	-2.21320312620023
TGME49_chrVIII:6015279:6015733:clu_1593_NA	100	100	100	100	96.8325791855204	96.039603960396	100	96.4360915729582	-3.56390842704181
TGME49_chrVIII:6016802:6017326:clu_1594_NA	100	98.4848484848485	100	100	98.7654320987654	96	99.6212121212121	97.3827160493827	-2.23849607182942
TGME49_chrVIII:6104524:6105029:clu_1597_NA	30.4347826086957	45.8333333333333	30.6451612903226	45.3125	46.1111111111111	46.8354430379747	38.0564443080879	46.4732770745429	8.41683276645501
TGME49_chrVIII:6105111:6105893:clu_1597_NA	56.5217391304348	39.5833333333333	45.1612903225806	42.1875	50	50.210970464135	45.8634656965872	50.1054852320675	4.24201953548032
TGME49_chrVIII:6105959:6106571:clu_1598_NA	97.6190476190476	97.9166666666667	97.2222222222222	100	93.3774834437086	94.3298969072165	98.1894841269841	93.8536901754626	-4.33579395152157
TGME49_chrVIII:6106160:6106571:clu_1598_NA	2.38095238095238	2.08333333333333	2.77777777777778	0	6.62251655629139	5.67010309278351	1.81051587301587	6.14630982453745	4.33579395152158
TGME49_chrVIII:6143263:6143639:clu_1600_NA	50.5291005291005	48	51.3157894736842	49.7747747747748	52.4038461538462	50.5446623093682	49.9049161943899	51.4742542316072	1.56933803721729
TGME49_chrVIII:6170742:6171120:clu_1602_NA	93.3823529411765	93.4389140271493	92.8571428571429	92.6503340757238	87.5255623721881	90.2083333333333	93.0821859752981	88.8669478527607	-4.2152381225374
TGME49_chrVIII:6171173:6171368:clu_1602_NA	1.7156862745098	1.35746606334842	1.15207373271889	1.11358574610245	2.86298568507157	2.70833333333333	1.33470295416989	2.78565950920245	1.45095655503256
TGME49_chrVIII:6236088:6237409:clu_1608_NA	75.8620689655172	86.9565217391304	85.2941176470588	90.9090909090909	56.5217391304348	60	84.7554498151994	58.2608695652174	-26.494580249982
TGME49_chrVIII:6329686:6330161:clu_1610_NA	98.5915492957747	100	99.5867768595041	99.0445859872611	99.1071428571429	100	99.305728035635	99.5535714285714	0.247843392936446
TGME49_chrVIII:6340560:6340700:clu_1611_NA	48.2352941176471	49.4117647058824	49.1379310344828	49.5934959349593	52.027027027027	52.3809523809524	49.0946214482429	52.2039897039897	3.10936825574683
TGME49_chrVIII:6389568:6389675:clu_1614_NA	100	95.3488372093023	95.5882352941177	98.3050847457627	100	97.1428571428571	97.3105393122957	98.5714285714286	1.2608892591329
TGME49_chrVIII:6393332:6393486:clu_1615_NA	39.2	39.1891891891892	40.7643312101911	37.7622377622378	42.8571428571429	34.4444444444444	39.2289395404045	38.6507936507936	-0.578145889610866
TGME49_chrVIII:6393628:6393727:clu_1615_NA	57.6	60.1351351351351	57.9617834394904	60.1398601398601	53.968253968254	61.1111111111111	58.9591946786214	57.5396825396825	-1.41951213893888
TGME49_chrVIII:6393807:6393931:clu_1616_NA	35.7512953367876	40.5940594059406	41.0958904109589	35.6521739130435	34.6938775510204	36.0248447204969	38.2733547666826	35.3593611357586	-2.91399363092399
TGME49_chrVIII:6406510:6406951:clu_1617_NA	96.5986394557823	97.6525821596244	96.9072164948454	97.0833333333333	98.4496124031008	98.5401459854015	97.0604428608964	98.4948791942511	1.43443633335477
TGME49_chrVIII:6475365:6475699:clu_1622_NA	43.2432432432432	57.3770491803279	36.2068965517241	58.5365853658537	57.8313253012048	46.8354430379747	48.8409435852872	52.3333841695897	3.49244058430253
TGME49_chrVIII:6566598:6567154:clu_1623_NA	90	92	100	84.6153846153846	100	80	91.6538461538462	90	-1.65384615384616
TGME49_chrVIII:6577507:6577764:clu_1624_NA	7.27272727272727	9.21985815602837	9.15032679738562	10.062893081761	36.4779874213836	33.5365853658537	8.92645132697557	35.0072863936187	26.0808350666431
TGME49_chrVIII:6577507:6578218:clu_1624_NA	86.3636363636364	84.3971631205674	79.0849673202614	82.3899371069182	28.9308176100629	37.1951219512195	83.0589259778459	33.0629697806412	-49.9959561972047
TGME49_chrVIII:6577842:6578218:clu_1624_NA	5.45454545454545	5.67375886524823	11.1111111111111	7.54716981132075	33.9622641509434	28.6585365853659	7.44664631055639	31.3104003681546	23.8637540575982
TGME49_chrVIII:6578971:6579976:clu_1625_NA	100	100	99.0384615384615	100	87.6712328767123	89.3333333333333	99.7596153846154	88.5022831050228	-11.2573322795926
TGME49_chrVIII:6622098:6622745:clu_1627_NA	0	NA	50	0	29.5454545454545	31.4814814814815	16.6666666666667	30.513468013468	13.8468013468013
TGME49_chrVIII:6622098:6623042:clu_1627_NA	100	NA	0	100	38.6363636363636	40.7407407407407	66.6666666666667	39.6885521885522	-26.9781144781145
TGME49_chrVIII:6624947:6625396:clu_1628_NA	12.5	11.7647058823529	13.8888888888889	11.9047619047619	17.156862745098	14.5539906103286	12.5145891690009	15.8554266777133	3.34083750871241
TGME49_chrVIII:6625076:6625396:clu_1628_NA	87.5	88.2352941176471	86.1111111111111	88.0952380952381	82.843137254902	85.4460093896714	87.4854108309991	84.1445733222867	-3.3408375087124
TGME49_chrVIII:6671877:6672476:clu_1632_NA	69.2307692307692	80	90.9090909090909	80	94.1176470588235	86.9565217391304	80.034965034965	90.537084398977	10.5021193640119
TGME49_chrVIII:6730632:6730921:clu_1633_NA	100	100	88.2352941176471	93.1034482758621	75	100	95.3346855983773	87.5	-7.83468559837728
TGME49_chrVIII:6761972:6762257:clu_1635_NA	68.1818181818182	76.4705882352941	77.7777777777778	78.5714285714286	90.6976744186046	88.8888888888889	75.2504031915797	89.7932816537468	14.5428784621671
TGME49_chrVIII:6794248:6794670:clu_1637_NA	100	94.2446043165468	98.3402489626556	97.0588235294118	99.3846153846154	98.7538940809969	97.4109192021535	99.0692547328061	1.65833553065261
TGME49_chrVIII:6796002:6796654:clu_1638_NA	0	6.66666666666667	3.50877192982456	3.38983050847458	11.7647058823529	13.4146341463415	3.39131727624145	12.5896700143472	9.19835273810575
TGME49_chrVIII:6796114:6796654:clu_1638_NA	98.1132075471698	91.1111111111111	92.9824561403509	94.9152542372881	85.8823529411765	81.7073170731707	94.28050725898	83.7948350071736	-10.4856722518064
TGME49_chrVIII:6796719:6796841:clu_1639_NA	0.969575392845202	0.57323015190599	0.558659217877095	0.580808080808081	0.665083135391924	0.608291980150472	0.670568210859092	0.636687557771198	-0.0338806530878939
TGME49_chrVIII:6796719:6797500:clu_1639_NA	98.5289200936142	98.6242476354256	98.854748603352	98.6111111111111	98.6539984164687	98.7514006723227	98.6547568608757	98.7026995443957	0.0479426835200059
TGME49_chrVIII:6796987:6797500:clu_1639_NA	0.501504513540622	0.802522212668386	0.58659217877095	0.808080808080808	0.680918448139351	0.640307347526813	0.674674928265191	0.660612897833082	-0.0140620304321096
TGME49_chrVIII:6799790:6800741:clu_1641_NA	23.0769230769231	26.4705882352941	23.8095238095238	21.8181818181818	50.6329113924051	47.7064220183486	23.7938042349807	49.1696667053768	25.3758624703961
TGME49_chrVIII:6800773:6802163:clu_1641_NA	7.69230769230769	8.82352941176471	9.52380952380952	7.27272727272727	29.1139240506329	33.9449541284404	8.3280934751523	31.5294390895366	23.2013456143843
TGME49_chrVIII:6806111:6806325:clu_1642_NA	83.7209302325581	86.8852459016393	85.4545454545455	84.2105263157895	75	86.3636363636364	85.0678119761331	80.6818181818182	-4.38599379431491
TGME49_chrVIII:6806998:6807142:clu_1643_NA	94.4444444444444	95.2380952380952	93.2432432432432	95.3125	100	100	94.5595707314457	100	5.44042926855427
TGME49_chrVIII:6807202:6807600:clu_1644_NA	88.2352941176471	91.9354838709677	89.7727272727273	94.9367088607595	91.304347826087	95.6521739130435	91.2200535305254	93.4782608695652	2.25820733903983
TGME49_chrVIII:6809043:6809547:clu_1645_NA	91.6666666666667	100	100	93.9393939393939	92.3076923076923	80.9523809523809	96.4015151515152	86.6300366300366	-9.77147852147853
TGME49_chrVIII:6817208:6817757:clu_1646_NA	100	95.8333333333333	100	97.2602739726027	89.4736842105263	100	98.273401826484	94.7368421052632	-3.53655972122087
TGME49_chrVIII:6818001:6818299:clu_1647_NA	97.8723404255319	100	100	92.3076923076923	100	94.1176470588235	97.5450081833061	97.0588235294118	-0.486184653894284
TGME49_chrVIII:6820896:6821127:clu_1648_NA	37.5	100	25	80	64	80	60.625	72	11.375
TGME49_chrVIII:6821223:6822936:clu_1649_NA	100	100	80	92.3076923076923	67.3076923076923	68.5714285714286	93.0769230769231	67.9395604395604	-25.1373626373626
TGME49_chrVIII:6823075:6823551:clu_1650_NA	37.5	7.69230769230769	10	25	18.8405797101449	17.5438596491228	20.0480769230769	18.1922196796339	-1.85585724344306
TGME49_chrVIII:6823075:6823576:clu_1650_NA	50	76.9230769230769	70	56.25	71.0144927536232	73.6842105263158	63.2932692307692	72.3493516399695	9.05608240920025
TGME49_chrVIII:6830818:6830981:clu_1652_NA	0	0	66.6666666666667	0	58.8235294117647	50	16.6666666666667	54.4117647058824	37.7450980392157
TGME49_chrVIII:6836225:6836748:clu_1654_NA	98.4375	96.9465648854962	98.2248520710059	96.7741935483871	98.6363636363636	98.3108108108108	97.5957776262223	98.4735872235872	0.877809597364916
TGME49_chrVIII:6836790:6837143:clu_1655_NA	0	0	20	5.88235294117647	52	53.125	6.47058823529412	52.5625	46.0919117647059
TGME49_chrVIII:6839109:6839365:clu_1656_NA	65	68	59.0909090909091	66.6666666666667	57.258064516129	52.9069767441861	64.6893939393939	55.0825206301575	-9.60687330923639
TGME49_chrVIII:6839109:6839944:clu_1656_NA	20	28	22.7272727272727	14.8148148148148	20.1612903225806	19.7674418604651	21.3855218855219	19.9643660915229	-1.42115579399901
TGME49_chrVIII:6839468:6839944:clu_1656_NA	5	4	4.54545454545455	11.1111111111111	19.3548387096774	22.093023255814	6.16414141414141	20.7239309827457	14.5597895686043
TGME49_chrVIII:6841389:6841531:clu_1657_NA	97.5903614457831	97.3684210526316	98.4	97.8260869565217	89.3081761006289	96.6101694915254	97.7962173637341	92.9591727960772	-4.83704456765693
TGME49_chrVIII:6843533:6843684:clu_1658_NA	96.3503649635037	96.7479674796748	98.7261146496815	95.5801104972376	96.4102564102564	95.5102040816327	96.8511393975244	95.9602302459445	-0.890909151579862
TGME49_chrVIII:6846211:6846993:clu_1659_NA	50	33.3333333333333	20	25	50	64.5161290322581	32.0833333333333	57.258064516129	25.1747311827957
TGME49_chrVIII:6850667:6851515:clu_1660_NA	96.1538461538462	95.1219512195122	92.1052631578947	92.6829268292683	86.9565217391304	41.6666666666667	94.0159968401304	64.3115942028986	-29.7044026372318
TGME49_chrIX:211864:212354:clu_1668_NA	8.84353741496599	11.9897959183673	8.62944162436548	10.7692307692308	13.9312977099237	12.8747795414462	10.0580014317324	13.4030386256849	3.34503719395254
TGME49_chrIX:211864:212781:clu_1668_NA	59.8639455782313	50	53.2994923857868	55.1648351648352	43.3206106870229	51.6754850088183	54.5820682822133	47.4980478479206	-7.08402043429269
TGME49_chrIX:211889:212354:clu_1668_NA	4.42176870748299	3.31632653061224	4.82233502538071	3.2967032967033	7.44274809160305	5.64373897707231	3.96428339004481	6.54324353433768	2.57896014429287
TGME49_chrIX:212425:212781:clu_1668_NA	5.4421768707483	7.90816326530612	5.83756345177665	7.03296703296703	12.2137404580153	11.2874779541446	6.55521765519953	11.7506092060799	5.19539155088042
TGME49_chrIX:234671:235212:clu_1671_NA	97.4358974358974	100	100	97.9166666666667	100	95.8762886597938	98.838141025641	97.9381443298969	-0.899996695744107
TGME49_chrIX:235237:235796:clu_1672_NA	30.7692307692308	35	38.8888888888889	50	42.8571428571429	43.0232558139535	38.6645299145299	42.9401993355482	4.27566942101826
TGME49_chrIX:242903:243429:clu_1677_NA	66.6666666666667	0	66.6666666666667	80	93.3333333333333	97.1428571428571	53.3333333333333	95.2380952380952	41.9047619047619
TGME49_chrIX:244337:244886:clu_1678_NA	0	0	4.16666666666667	0	33.8709677419355	25	1.04166666666667	29.4354838709677	28.3938172043011
TGME49_chrIX:244906:245564:clu_1679_NA	0	0	0	1.81818181818182	31.7535545023697	25.1396648044693	0.454545454545455	28.4466096534195	27.992064198874
TGME49_chrIX:244906:246932:clu_1679_NA	0	0	0	0	13.2701421800948	17.877094972067	0	15.5736185760809	15.5736185760809
TGME49_chrIX:245578:246932:clu_1679_NA	0	0	0	0	33.175355450237	27.3743016759777	0	30.2748285631073	30.2748285631073
TGME49_chrIX:246225:246532:clu_1679_NA	30.7692307692308	34.4827586206897	36.1702127659575	32.7272727272727	3.3175355450237	6.14525139664804	33.5373687207877	4.73139347083587	-28.8059752499518
TGME49_chrIX:247970:248438:clu_1680_NA	81.8181818181818	82.7586206896552	75	88.0952380952381	90.3225806451613	85.5555555555556	81.9180101507688	87.9390681003584	6.02105794958965
TGME49_chrIX:606856:607529:clu_1686_NA	100	100	100	97.8260869565217	50	45.2830188679245	99.4565217391304	47.6415094339623	-51.8150123051682
TGME49_chrIX:607197:607529:clu_1686_NA	0	0	0	2.17391304347826	50	54.7169811320755	0.543478260869565	52.3584905660377	51.8150123051682
TGME49_chrIX:611526:611650:clu_1688_NA	99.6478873239437	99.4219653179191	99.1643454038997	99.7624703087886	100	100	99.4991670886378	100	0.500832911362238
TGME49_chrIX:664838:665171:clu_1691_NA	100	99.5833333333333	100	99.3258426966292	99.1786447638604	98.8527724665392	99.7272940074906	99.0157086151998	-0.711585392290871
TGME49_chrIX:665631:666013:clu_1692_NA	100	100	100	100	99.063670411985	99.4764397905759	100	99.2700551012805	-0.729944898719538
TGME49_chrIX:666131:666404:clu_1693_NA	100	99.1935483870968	100	99.4269340974212	100	99.7858672376874	99.6551206211295	99.8929336188437	0.237812997714187
TGME49_chrIX:666455:666824:clu_1694_NA	10.9965635738832	9.56072351421188	4.6583850931677	9.33333333333333	8.29875518672199	9.93788819875776	8.63725137864902	9.11832169273988	0.481070314090855
TGME49_chrIX:666455:666884:clu_1694_NA	88.659793814433	89.1472868217054	94.4099378881988	90.6666666666667	91.701244813278	90.0621118012422	90.720921297751	90.8816783072601	0.160757009509169
TGME49_chrIX:676905:677287:clu_1695_NA	99.3333333333333	100	97.6331360946746	99.3788819875776	98.6899563318777	99.0610328638498	99.0863378538964	98.8754945978637	-0.210843256032646
TGME49_chrIX:735200:735529:clu_1697_NA	67.2897196261682	62.992125984252	57.1428571428571	63.0434782608696	59.3220338983051	58.0246913580247	62.6170452535367	58.6733626281649	-3.94368262537184
TGME49_chrIX:735625:735993:clu_1697_NA	32.7102803738318	36.2204724409449	40	33.695652173913	40.6779661016949	41.9753086419753	35.6566012471724	41.3266373718351	5.67003612466269
TGME49_chrIX:736322:736948:clu_1698_NA	100	100	100	100	80	86.4864864864865	100	83.2432432432432	-16.7567567567568
TGME49_chrIX:802114:802620:clu_1704_NA	19.4029850746269	29.4117647058824	12	13.6363636363636	10.8108108108108	0	18.6127783542182	5.40540540540541	-13.2073729488128
TGME49_chrIX:857581:857747:clu_1705_NA	100	100	100	100	95.3271028037383	99.009900990099	100	97.1685018969187	-2.83149810308134
TGME49_chrIX:864519:865243:clu_1706_NA	17.7631578947368	22.1052631578947	20	18.8284518828452	22	7.57575757575758	19.6742182338692	14.7878787878788	-4.8863394459904
TGME49_chrIX:864865:865243:clu_1706_NA	80.2631578947368	73.1578947368421	76.5714285714286	79.4979079497908	78	92.4242424242424	77.3725972881996	85.2121212121212	7.83952392392163
TGME49_chrIX:865575:865692:clu_1707_NA	36.8965517241379	39.7094430992736	40.9356725146199	41.8013856812933	41.3461538461538	42.8571428571429	39.8357632548312	42.1016483516484	2.26588509681717
TGME49_chrIX:865807:865912:clu_1707_NA	62.0689655172414	59.3220338983051	58.187134502924	57.7367205542725	55.7692307692308	54.7619047619048	59.3287136181857	55.2655677655678	-4.06314585261797
TGME49_chrIX:866028:866177:clu_1708_NA	33.630289532294	30.521472392638	31.4946619217082	29.3333333333333	33.0882352941176	26.5734265734266	31.2449392949934	29.8308309337721	-1.41410836122128
TGME49_chrIX:866028:866640:clu_1708_NA	2.44988864142539	4.4478527607362	3.91459074733096	3.11111111111111	7.35294117647059	6.29370629370629	3.48086081515091	6.82332373508844	3.34246291993753
TGME49_chrIX:866276:866384:clu_1708_NA	24.7216035634744	25.6134969325153	28.4697508896797	27.5555555555556	19.8529411764706	23.7762237762238	26.5901017353062	21.8145824763472	-4.77551925895906
TGME49_chrIX:866276:866640:clu_1708_NA	8.68596881959911	6.28834355828221	8.89679715302491	5.33333333333333	11.0294117647059	5.59440559440559	7.30111071605989	8.31190867955574	1.01079796349585
TGME49_chrIX:866541:866640:clu_1708_NA	29.8440979955457	33.1288343558282	26.8683274021352	34.0740740740741	27.9411764705882	37.0629370629371	30.9788334568958	32.5020567667626	1.52322330986685
TGME49_chrIX:876428:876802:clu_1709_NA	0	57.1428571428571	75	20	44.4444444444444	40	38.0357142857143	42.2222222222222	4.18650793650794
TGME49_chrIX:876484:876802:clu_1709_NA	100	14.2857142857143	0	60	30.5555555555556	35	43.5714285714286	32.7777777777778	-10.7936507936508
TGME49_chrIX:878284:879063:clu_1711_NA	100	100	93.3333333333333	90	89.3939393939394	87.6712328767123	95.8333333333333	88.5325861353259	-7.30074719800747
TGME49_chrIX:899363:899758:clu_1714_NA	17.8217821782178	16.2666666666667	14.9214659685864	15.3333333333333	35.2	36.5079365079365	16.085812036701	35.8539682539682	19.7681562172672
TGME49_chrIX:899572:899758:clu_1714_NA	81.5181518151815	82.9333333333333	84.2931937172775	84	64.4	63.4920634920635	83.1861697164481	63.9460317460317	-19.2401379704163
TGME49_chrIX:899857:900031:clu_1715_NA	24.8275862068966	26.5833333333333	25.5889520714866	25.9129213483146	28.4313725490196	27.6859504132231	25.7281982400078	28.0586614811214	2.33046324111361
TGME49_chrIX:900126:900391:clu_1715_NA	37.2413793103448	38.6666666666667	36.068237205524	36.6573033707865	36.6421568627451	34.9862258953168	37.1583966383305	35.8141913790309	-1.34420525929955
TGME49_chrIX:900479:900916:clu_1715_NA	37.0689655172414	34.1666666666667	37.2055239642567	36.5870786516854	34.0686274509804	36.6391184573003	36.2570586999625	35.3538729541403	-0.903185745822206
TGME49_chrIX:900976:901166:clu_1716_NA	43.9097744360902	43.2900432900433	45.3145057766367	44.4063926940639	42.4778761061947	36.7579908675799	44.2301790492085	39.6179334868873	-4.61224556232124
TGME49_chrIX:900976:901490:clu_1716_NA	3.30827067669173	1.58730158730159	4.23620025673941	3.65296803652968	12.3893805309735	12.3287671232877	3.1961851393156	12.3590738271306	9.16288868781496
TGME49_chrIX:901301:901490:clu_1716_NA	52.4812030075188	54.6897546897547	49.1655969191271	51.4840182648402	44.4690265486726	50.4566210045662	51.9551432203102	47.4628237766194	-4.4923194436908
TGME49_chrIX:902459:902679:clu_1717_NA	53.133514986376	54.3478260869565	51.1777301927195	50.0470366886171	50	51.510333863275	52.1765269886673	50.7551669316375	-1.42136005702977
TGME49_chrIX:902728:902998:clu_1717_NA	44.9591280653951	44.5080091533181	47.4304068522484	48.071495766698	46.1672473867596	45.945945945946	46.2422599594149	46.0565966663528	-0.185663293062134
TGME49_chrIX:903319:903797:clu_1718_NA	33.8582677165354	40.4166666666667	35.632183908046	39.3881453154876	32.6446280991736	38.1526104417671	37.3238159016839	35.3986192704703	-1.92519663121359
TGME49_chrIX:904091:904279:clu_1718_NA	65.6167979002625	58.3333333333333	63.6781609195402	59.6558317399618	64.8760330578512	59.4377510040161	61.8210309732744	62.1568920309336	0.335861057659201
TGME49_chrIX:909006:909112:clu_1719_NA	49.0196078431373	46.2890625	47.9591836734694	43.8461538461538	42.2297297297297	43.8235294117647	46.7785019656901	43.0266295707472	-3.7518723949429
TGME49_chrIX:909288:909537:clu_1719_NA	46.4985994397759	49.609375	48.7755102040816	52.3076923076923	52.3648648648649	49.7058823529412	49.2977942378875	51.035373608903	1.73757937101556
TGME49_chrIX:976518:976613:clu_1722_NA	97.2222222222222	97.2477064220184	98.6842105263158	100	94.2857142857143	100	98.2885347926391	97.1428571428571	-1.14567764978194
TGME49_chrIX:976861:977006:clu_1723_NA	96.3636363636364	98.5714285714286	97.5609756097561	96.6442953020134	92.7272727272727	98.6111111111111	97.2850839617086	95.6691919191919	-1.61589204251671
TGME49_chrIX:977333:977472:clu_1724_NA	42.0792079207921	43.205574912892	47.985347985348	45.0793650793651	44.1441441441441	41.2844036697248	44.5873739745993	42.7142739069345	-1.87310006766483
TGME49_chrIX:977637:978108:clu_1724_NA	57.4257425742574	55.7491289198606	51.6483516483517	53.6507936507937	55.8558558558559	56.8807339449541	54.6185041983158	56.368294900405	1.74979070208915
TGME49_chrIX:1050548:1050991:clu_1729_NA	99.2050874403816	98.7903225806452	97.3607038123167	96.958174904943	96.6987620357634	98.2620320855615	98.0785721845716	97.4803970606625	-0.598175123909144
TGME49_chrIX:1051199:1051588:clu_1730_NA	46.8817204301075	48.3779971791255	52.6678141135972	53.0782029950083	18.3844011142061	18.8118811881188	50.2514336794597	18.5981411511625	-31.6532925282972
TGME49_chrIX:1051241:1051588:clu_1730_NA	53.1182795698925	51.6220028208745	47.3321858864028	46.2562396006656	81.6155988857939	81.046676096181	49.5821769694588	81.3311374909875	31.7489605215286
TGME49_chrIX:1051976:1052371:clu_1731_NA	47.9750778816199	50.6723283793348	50.2998500749625	48.4339190221543	48.0568011958146	51.3975155279503	49.3452938395179	49.7271583618825	0.381864522364602
TGME49_chrIX:1052485:1052960:clu_1731_NA	51.8172377985462	48.549186128804	49.400299850075	50.9549274255157	51.5695067264574	48.4472049689441	50.1804128007352	50.0083558477008	-0.172056953034442
TGME49_chrIX:1054291:1054576:clu_1732_NA	3.34928229665072	5.50724637681159	5.52325581395349	4.16666666666667	1.60583941605839	1.19402985074627	4.63661278852062	1.39993463340233	-3.23667815511828
TGME49_chrIX:1056737:1057454:clu_1733_NA	99.5145631067961	99.3399339933993	99.6539792387543	99.660441426146	99.6632996632997	99.8230088495575	99.5422294412739	99.7431542564286	0.20092481515465
TGME49_chrIX:1071355:1071740:clu_1734_NA	92.9824561403509	98.75	98.5507246376812	98.6301369863014	97.1428571428571	100	97.2283294410834	98.5714285714286	1.34309913034521
TGME49_chrIX:1223733:1224040:clu_1737_NA	54.5454545454545	66.6666666666667	80	78.2608695652174	33.3333333333333	66.6666666666667	69.8682476943346	50	-19.8682476943346
TGME49_chrIX:1249478:1249964:clu_1740_NA	96.4285714285714	87.5	96.7741935483871	100	100	100	95.1756912442396	100	4.82430875576037
TGME49_chrIX:1290868:1291342:clu_1741_NA	17.3913043478261	15.1515151515152	10.9090909090909	20	46.3414634146341	27.1186440677966	15.862977602108	36.7300537412154	20.8670761391073
TGME49_chrIX:1316494:1317385:clu_1742_NA	NA	NA	33.3333333333333	100	48.4848484848485	33.3333333333333	66.6666666666667	40.9090909090909	-25.7575757575758
TGME49_chrIX:1316973:1317385:clu_1742_NA	NA	NA	66.6666666666667	0	45.4545454545455	56.6666666666667	33.3333333333333	51.0606060606061	17.7272727272727
TGME49_chrIX:1477184:1477215:clu_1743_NA	90	94.7368421052632	86.1111111111111	100	100	90.9090909090909	92.7119883040936	95.4545454545455	2.74255715045189
TGME49_chrIX:1517323:1517752:clu_1744_NA	100	99.009900990099	97.9166666666667	98.5815602836879	100	100	98.8770319851134	100	1.1229680148866
TGME49_chrIX:1548422:1548850:clu_1745_NA	96.4285714285714	96.4912280701754	93.8775510204082	94.9152542372881	97.2527472527473	97.2222222222222	95.4281511891108	97.2374847374847	1.80933354837394
TGME49_chrIX:1568756:1569581:clu_1746_NA	100	99.2424242424242	99.0654205607477	97.9865771812081	100	100	99.073605496095	100	0.926394503905001
TGME49_chrIX:1589130:1590044:clu_1749_NA	88.4615384615385	97.5	96	100	32.3529411764706	38.6363636363636	95.4903846153846	35.4946524064171	-59.9957322089675
TGME49_chrIX:1596348:1597321:clu_1750_NA	100	100	93.3333333333333	94.1176470588235	93.75	95.6521739130435	96.8627450980392	94.7010869565217	-2.16165814151746
TGME49_chrIX:1791596:1792441:clu_1756_NA	86.6666666666667	91.1764705882353	88.135593220339	85.9154929577465	68.6274509803922	66.6666666666667	87.9735558582469	67.6470588235294	-20.3264970347174
TGME49_chrIX:1791596:1792496:clu_1756_NA	11.1111111111111	8.82352941176471	6.77966101694915	8.45070422535211	21.5686274509804	25	8.79125144129427	23.2843137254902	14.4930622841959
TGME49_chrIX:2142503:2142534:clu_1769_NA	9.30232558139535	1.92307692307692	13.1578947368421	10.5263157894737	5.99078341013825	5.14705882352941	8.72740325769701	5.56892111683383	-3.15848214086319
TGME49_chrIX:2142503:2142564:clu_1769_NA	2.32558139534884	11.5384615384615	7.89473684210526	2.63157894736842	6.45161290322581	4.04411764705882	6.09758968082101	5.24786527514232	-0.8497244056787
TGME49_chrIX:2142503:2142630:clu_1769_NA	2.32558139534884	13.4615384615385	2.63157894736842	5.26315789473684	10.5990783410138	9.55882352941176	5.92046417474814	10.0789509352128	4.15848676046465
TGME49_chrIX:2142503:2142660:clu_1769_NA	9.30232558139535	11.5384615384615	2.63157894736842	2.63157894736842	9.67741935483871	7.72058823529412	6.52598625364843	8.69900379506641	2.17301754141798
TGME49_chrIX:2142533:2142630:clu_1769_NA	48.8372093023256	34.6153846153846	42.1052631578947	42.1052631578947	38.2488479262673	41.9117647058824	41.9157800583749	40.0803063160748	-1.8354737423001
TGME49_chrIX:2142593:2142630:clu_1769_NA	2.32558139534884	9.61538461538462	2.63157894736842	2.63157894736842	4.60829493087558	5.14705882352941	4.30103097636757	4.87767687720249	0.57664590083492
TGME49_chrIX:2142689:2142723:clu_1769_NA	11.6279069767442	11.5384615384615	10.5263157894737	13.1578947368421	9.67741935483871	14.7058823529412	11.7126447603804	12.1916508538899	0.479006093509565
TGME49_chrIX:2154802:2155070:clu_1770_NA	0	2.02020202020202	1.8348623853211	6.87022900763359	5.63636363636364	4.91159135559921	2.68132335328918	5.27397749598143	2.59265414269225
TGME49_chrIX:2154802:2155161:clu_1770_NA	100	97.979797979798	98.1651376146789	93.1297709923664	94.3636363636364	95.0884086444008	97.3186766467108	94.7260225040186	-2.59265414269225
TGME49_chrIX:2175144:2176184:clu_1771_NA	2.36686390532544	1.74672489082969	2	0.480769230769231	5.85585585585586	5.57768924302789	1.64858950673109	5.71677254944187	4.06818304271078
TGME49_chrIX:2294640:2295121:clu_1775_NA	97.7011494252874	100	95.7627118644068	99.1735537190083	93.7931034482759	95.4022988505747	98.1593537521756	94.5977011494253	-3.56165260275031
TGME49_chrIX:2297266:2297608:clu_1776_NA	100	100	100	100	99.3055555555556	97.3154362416107	100	98.3104958985832	-1.68950410141684
TGME49_chrIX:2302654:2303205:clu_1777_NA	15	21.7391304347826	37.037037037037	30	27.8350515463918	19.2771084337349	25.9440418679549	23.5560799900633	-2.38796187789157
TGME49_chrIX:2303262:2303526:clu_1777_NA	55	65.2173913043478	59.2592592592593	60	59.7938144329897	65.0602409638554	59.8691626409018	62.4270276984226	2.55786505752079
TGME49_chrIX:2481796:2482239:clu_1781_NA	NA	100	NA	100	80	71.4285714285714	100	75.7142857142857	-24.2857142857143
TGME49_chrIX:2611267:2611711:clu_1789_NA	39.6825396825397	43	47.3684210526316	40.7894736842105	51.8518518518518	41.304347826087	42.7101086048454	46.5780998389694	3.86799123412396
TGME49_chrIX:2611822:2612446:clu_1789_NA	53.968253968254	54	49.1228070175439	55.2631578947368	48.1481481481481	43.4782608695652	53.0885547201337	45.8132045088567	-7.27535021127699
TGME49_chrIX:2615879:2616827:clu_1790_NA	5.12820512820513	10.4166666666667	5.08474576271187	7.69230769230769	27.906976744186	36.734693877551	7.08048131247284	32.3208353108685	25.2403539983957
TGME49_chrIX:2616292:2616746:clu_1790_NA	84.6153846153846	83.3333333333333	86.4406779661017	90.3846153846154	58.1395348837209	53.0612244897959	86.1935028248588	55.6003796867584	-30.5931231381003
TGME49_chrIX:2657657:2657893:clu_1795_NA	99.8215348007139	99.853228962818	99.7881916865237	99.8097502972652	99.6598194426272	99.7255978047824	99.8181764368302	99.6927086237048	-0.12546781312534
TGME49_chrIX:2657657:2658346:clu_1795_NA	0.178465199286139	0.146771037181996	0.211808313476304	0.190249702734839	0.340180557372759	0.274402195217562	0.18182356316982	0.307291376295161	0.125467813125341
TGME49_chrIX:2937779:2938142:clu_1804_NA	96.2616822429907	98.2905982905983	99.2424242424242	100	100	99.3865030674847	98.4486761940033	99.6932515337423	1.24457533973904
TGME49_chrIX:2939909:2940309:clu_1806_NA	36.1111111111111	32.5966850828729	34.4827586206897	33.8888888888889	37.4407582938389	32.5581395348837	34.2698609258906	34.9994489143613	0.729587988470648
TGME49_chrIX:2940474:2940706:clu_1806_NA	60.4166666666667	64.0883977900553	62.5615763546798	63.8888888888889	60.6635071090047	64.6511627906977	62.7388824250727	62.6573349498512	-0.0815474752214485
TGME49_chrIX:3045743:3046655:clu_1808_NA	97.4358974358974	100	96.969696969697	100	87.5	94.7368421052632	98.6013986013986	91.1184210526316	-7.48297754876702
TGME49_chrIX:3159148:3159945:clu_1809_NA	97.1428571428571	96.1538461538462	100	100	96.9072164948454	100	98.3241758241758	98.4536082474227	0.129432423246854
TGME49_chrIX:3211301:3211593:clu_1815_NA	76.9230769230769	94.2857142857143	88.5714285714286	89.6551724137931	100	100	87.3588480485032	100	12.6411519514968
TGME49_chrIX:3227266:3227897:clu_1816_NA	39.4230769230769	41.0852713178295	41.3793103448276	43.6974789915966	45.1178451178451	44.1441441441441	41.3962843943327	44.6309946309946	3.23471023666198
TGME49_chrIX:3227948:3228384:clu_1816_NA	58.6538461538462	58.1395348837209	55.8620689655172	56.3025210084034	54.2087542087542	54.0540540540541	57.2394927528719	54.1314041314041	-3.10808862146779
TGME49_chrIX:3318616:3319272:clu_1819_NA	93.3333333333333	100	83.3333333333333	100	92.3076923076923	100	94.1666666666667	96.1538461538462	1.98717948717949
TGME49_chrIX:3337224:3337705:clu_1821_NA	98.876404494382	100	97.8947368421053	98.3606557377049	98.5915492957747	98.6486486486486	98.7829492685481	98.6200989722117	-0.162850296336401
TGME49_chrIX:3340603:3340931:clu_1822_NA	6.44171779141104	4.03022670025189	3.56347438752784	4.23529411764706	5.95744680851064	5.8	4.56767824920946	5.87872340425532	1.31104515504586
TGME49_chrIX:3340688:3340931:clu_1822_NA	92.9447852760736	95.9697732997481	96.4365256124722	95.5294117647059	94.0425531914894	93.8	95.2201239882499	93.9212765957447	-1.29884739250527
TGME49_chrIX:3341162:3341273:clu_1823_NA	42.9590017825312	40.4526166902404	43.5126582278481	40.3762662807525	43.8372093023256	39.7260273972603	41.8251357453431	41.7816183497929	-0.0435173955501398
TGME49_chrIX:3341162:3341468:clu_1823_NA	0	0	0.316455696202532	0.289435600578871	2.44186046511628	1.2453300124533	0.151472824195351	1.84359523878479	1.69212241458944
TGME49_chrIX:3341362:3341468:clu_1823_NA	57.0409982174688	59.5473833097596	56.1708860759494	59.3342981186686	53.7209302325581	59.0286425902864	58.0233914304616	56.3747864114223	-1.64860501903929
TGME49_chrIX:3351790:3352175:clu_1824_NA	100	100	100	100	98.7152034261242	99.5594713656388	100	99.1373373958815	-0.862662604118526
TGME49_chrIX:3355452:3355923:clu_1825_NA	99.2537313432836	99.812030075188	99.5951417004049	100	99.0757855822551	99.488926746167	99.6652257797191	99.282356164211	-0.382869615508071
TGME49_chrIX:3357338:3358333:clu_1826_NA	5.51181102362205	1.80722891566265	4.59770114942529	6.74157303370786	14.8809523809524	12.1359223300971	4.66457853060446	13.5084373555247	8.84385882492027
TGME49_chrIX:3359165:3359565:clu_1827_NA	5.31914893617021	3.6231884057971	7.89473684210526	2.91970802919708	8.41584158415842	8.19672131147541	4.93919555331741	8.30628144781691	3.3670858944995
TGME49_chrIX:3359243:3359565:clu_1827_NA	91.4893617021277	94.2028985507246	90.3508771929825	93.4306569343066	89.1089108910891	89.6174863387978	92.3684485950353	89.3631986149435	-3.00524998009188
TGME49_chrIX:3360796:3361139:clu_1828_NA	96.3636363636364	98.5185185185185	98.2905982905983	98.4375	92.8571428571429	90	97.9025632931883	91.4285714285714	-6.47399186461686
TGME49_chrIX:3360796:3361158:clu_1828_NA	3.63636363636364	1.48148148148148	1.70940170940171	1.5625	7.14285714285714	10	2.09743670681171	8.57142857142857	6.47399186461686
TGME49_chrIX:3365579:3365885:clu_1830_NA	56.0975609756098	58.6560364464693	56.4643799472295	55.4951033732318	58.5365853658537	57.6525821596244	56.6782701856351	58.094583762739	1.41631357710395
TGME49_chrIX:3366005:3366136:clu_1830_NA	43.4959349593496	41.2300683371298	43.2717678100264	43.8520130576714	41.2891986062718	42.1596244131455	42.9624460410443	41.7244115097087	-1.23803453133564
TGME49_chrIX:3367949:3368107:clu_1831_NA	100	100	100	100	99.5454545454545	97.8468899521531	100	98.6961722488038	-1.30382775119617
TGME49_chrIX:3381980:3382413:clu_1836_NA	99.5429616087751	99.5639534883721	99.8383185125303	99.490538573508	97.827868852459	97.875166002656	99.6089430457964	97.8515174275575	-1.75742561823887
TGME49_chrIX:3382506:3382669:clu_1836_NA	0.457038391224863	0.436046511627907	0.161681487469685	0.509461426491994	1.80327868852459	1.99203187250996	0.391056954203612	1.89765528051728	1.50659832631366
TGME49_chrIX:3420768:3421384:clu_1837_NA	88.8888888888889	84.6153846153846	83.3333333333333	92.3076923076923	93.1034482758621	84.6153846153846	87.2863247863248	88.8594164456233	1.57309165929856
TGME49_chrIX:3443436:3443849:clu_1840_NA	50	52.5	47.2222222222222	45	46.1538461538462	50	48.6805555555556	48.0769230769231	-0.603632478632477
TGME49_chrIX:3495476:3495702:clu_1841_NA	98.1132075471698	97.5609756097561	100	95.3488372093023	100	97.2972972972973	97.7557550915571	98.6486486486486	0.892893557091583
TGME49_chrIX:3502615:3503697:clu_1842_NA	100	98.3606557377049	96.2962962962963	96.551724137931	100	100	97.8021690429831	100	2.19783095701695
TGME49_chrIX:3516489:3516768:clu_1843_NA	88.6792452830189	77.3049645390071	86.2068965517241	87.5	98.2758620689655	90.3846153846154	84.9227765934375	94.3302387267904	9.40746213335292
TGME49_chrIX:3516489:3516811:clu_1843_NA	11.3207547169811	22.6950354609929	13.7931034482759	12.5	1.72413793103448	9.61538461538462	15.0772234065625	5.66976127320955	-9.40746213335293
TGME49_chrIX:3521200:3521671:clu_1844_NA	98.5294117647059	97.8552278820375	99.1573033707865	99.7118155619597	99.8573466476462	99.7241379310345	98.8134396448724	99.7907422893404	0.977302644467954
TGME49_chrIX:3570187:3570578:clu_1845_NA	98.3050847457627	95.5882352941177	96.551724137931	100	96.1538461538462	97.5609756097561	97.6112610444528	96.8574108818011	-0.753850162651716
TGME49_chrIX:3619854:3620135:clu_1849_NA	97.5609756097561	100	96.2962962962963	96.9230769230769	100	96.551724137931	97.6950872072823	98.2758620689655	0.580774861683196
TGME49_chrIX:3644043:3644723:clu_1850_NA	92.948717948718	94.0092165898618	95.3488372093023	88.1422924901186	87.5	94.5945945945946	92.6122660595002	91.0472972972973	-1.56496876220287
TGME49_chrIX:3740692:3741629:clu_1855_NA	92.3076923076923	97.5	100	90.625	100	88.8888888888889	95.1081730769231	94.4444444444444	-0.663728632478637
TGME49_chrIX:3743658:3744890:clu_1856_NA	21.0526315789474	13.3333333333333	37.9310344827586	30.5555555555556	42.8571428571429	0	25.7181387376487	21.4285714285714	-4.28956730907729
TGME49_chrIX:3824418:3825572:clu_1859_NA	100	99.8373983739837	99.8322147651007	99.8484848484849	99.4609164420485	99.7496871088861	99.8795244968923	99.6053017754673	-0.274222721425005
TGME49_chrIX:3860208:3860787:clu_1862_NA	60.4651162790698	64.9122807017544	69.0909090909091	60.3448275862069	28.9473684210526	47.8260869565217	63.703283414485	38.3867276887872	-25.3165557256978
TGME49_chrIX:3883316:3883583:clu_1863_NA	41.1764705882353	38.5416666666667	46.7889908256881	52.9411764705882	53.968253968254	51.0791366906475	44.8620761377946	52.5236953294507	7.66161919165616
TGME49_chrIX:3893804:3894428:clu_1864_NA	92.5925925925926	88.8888888888889	91.6666666666667	75	87.5	83.3333333333333	87.037037037037	85.4166666666667	-1.62037037037037
TGME49_chrIX:3999417:3999939:clu_1870_NA	96.551724137931	100	100	90.3225806451613	72.7272727272727	93.3333333333333	96.7185761957731	83.030303030303	-13.6882731654701
TGME49_chrIX:4332072:4333113:clu_1873_NA	100	100	100	100	82.7586206896552	90.6976744186046	100	86.7281475541299	-13.2718524458701
TGME49_chrIX:4396383:4396704:clu_1877_NA	99.9424626006904	99.9555752998667	100	99.8716852010265	99.940880874963	99.7158193874329	99.9424307753959	99.828350131198	-0.114080644197955
TGME49_chrIX:4406321:4407078:clu_1878_NA	99.135446685879	99.7368421052632	99.7304582210243	99.7647058823529	100	99.8498498498498	99.5918632236298	99.9249249249249	0.333061701295094
TGME49_chrIX:4537346:4537609:clu_1882_NA	0	0	0	0.719424460431655	8.87573964497041	8	0.179856115107914	8.43786982248521	8.25801370737729
TGME49_chrIX:4567710:4568160:clu_1886_NA	99.8892580287929	99.7472620050548	100	99.836867862969	100	99.9160369437448	99.8683469742042	99.9580184718724	0.0896714976682063
TGME49_chrIX:4618332:4619499:clu_1890_NA	98.2142857142857	100	100	100	100	97.0873786407767	99.5535714285714	98.5436893203884	-1.00988210818308
TGME49_chrIX:4711029:4711460:clu_1891_NA	87.5	85	96.2962962962963	100	100	100	92.1990740740741	100	7.80092592592592
TGME49_chrIX:4830851:4831115:clu_1895_NA	38.8888888888889	36.3636363636364	38.0165289256198	43.0656934306569	38.562091503268	43.75	39.0836869022005	41.156045751634	2.07235884943348
TGME49_chrIX:4838396:4838948:clu_1895_NA	61.1111111111111	60.6060606060606	57.0247933884297	53.2846715328467	61.437908496732	55	58.006659159612	58.218954248366	0.212295088753969
TGME49_chrIX:5075186:5075545:clu_1898_NA	48.0769230769231	50.8196721311475	48.4076433121019	42.7480916030534	50.3225806451613	47.0238095238095	47.5130825308065	48.6731950844854	1.16011255367891
TGME49_chrIX:5075636:5076415:clu_1898_NA	49.0384615384615	47.5409836065574	48.4076433121019	51.9083969465649	47.0967741935484	51.7857142857143	49.2238713509214	49.4412442396313	0.21737288870991
TGME49_chrIX:5081951:5082716:clu_1899_NA	88.3116883116883	96.4285714285714	89.2857142857143	90.1960784313726	97.4358974358974	100	91.0555131143366	98.7179487179487	7.66243560361207
TGME49_chrIX:5107759:5108103:clu_1900_NA	31.2024353120244	27.6202219482121	32.2180916976456	31.0580204778157	38.1932021466905	33.1601731601732	30.5246923589244	35.6766876534318	5.15199529450741
TGME49_chrIX:5108495:5108663:clu_1900_NA	62.8614916286149	68.0641183723798	62.0817843866171	63.9362912400455	57.5134168157424	62.1645021645022	64.2359214069143	59.8389594901223	-4.39696191679204
TGME49_chrIX:5109025:5109371:clu_1901_NA	95.8217270194986	97.3913043478261	97.4056603773585	98.4126984126984	99.1097922848665	97.8930307941653	97.2578475393454	98.5014115395159	1.24356400017049
TGME49_chrIX:5111948:5112485:clu_1902_NA	0	50	100	100	86.3636363636364	77.7777777777778	62.5	82.0707070707071	19.5707070707071
TGME49_chrIX:5203158:5203601:clu_1904_NA	NA	100	66.6666666666667	100	73.9130434782609	86.6666666666667	88.8888888888889	80.2898550724638	-8.59903381642512
TGME49_chrIX:5316484:5316763:clu_1905_NA	47.4418604651163	49.4117647058824	48.9082969432314	47.6780185758514	47.4452554744526	54.1353383458647	48.3599851725204	50.7902969101586	2.43031173763823
TGME49_chrIX:5316882:5317052:clu_1905_NA	52.093023255814	49.0196078431373	49.3449781659389	48.6068111455108	51.0948905109489	45.1127819548872	49.7661051026002	48.1038362329181	-1.66226886968217
TGME49_chrIX:5317692:5317972:clu_1906_NA	94.6564885496183	95.906432748538	97.8260869565217	88.7096774193548	93.5779816513761	92.3076923076923	94.2746714185082	92.9428369795342	-1.33183443897398
TGME49_chrIX:5369247:5369764:clu_1909_NA	100	100	100	50	52.2727272727273	33.3333333333333	87.5	42.8030303030303	-44.6969696969697
TGME49_chrIX:5369589:5369764:clu_1909_NA	0	0	0	50	47.7272727272727	66.6666666666667	12.5	57.1969696969697	44.6969696969697
TGME49_chrIX:5439176:5439599:clu_1911_NA	100	100	88.8888888888889	78.5714285714286	66.6666666666667	83.3333333333333	91.8650793650794	75	-16.8650793650794
TGME49_chrIX:5661484:5662050:clu_1913_NA	88.8888888888889	93.4782608695652	97.3684210526316	97.2222222222222	73.0769230769231	79.3103448275862	94.239448258327	76.1936339522546	-18.0458143060723
TGME49_chrIX:5706453:5706741:clu_1917_NA	100	98.8950276243094	99.3827160493827	96.7567567567568	95.6521739130435	100	98.7586251076122	97.8260869565217	-0.932538151090469
TGME49_chrIX:5818292:5819165:clu_1920_NA	94.6745562130178	98.2142857142857	97.4789915966387	98.8679245283019	92.4050632911392	93.0555555555556	97.308939513061	92.7303094233474	-4.57863008971361
TGME49_chrIX:5820536:5821470:clu_1921_NA	100	99.3220338983051	100	99.1044776119403	100	100	99.6066278775614	100	0.393372122438649
TGME49_chrIX:6240296:6241217:clu_1928_NA	41.8803418803419	43.75	43.3566433566434	43.7722419928826	40.3846153846154	46.1538461538462	43.189806807467	43.2692307692308	0.0794239617638226
TGME49_chrIX:6264728:6265161:clu_1929_NA	100	100	100	90.9090909090909	100	91.6666666666667	97.7272727272727	95.8333333333333	-1.89393939393939
TGME49_chrIX:6279246:6281492:clu_1930_NA	0	0	9.09090909090909	50	38.4615384615385	44.1176470588235	14.7727272727273	41.289592760181	26.5168654874537
TGME49_chrX:12686:13145:clu_1931_NA	NA	NA	NA	NA	80.7692307692308	83.8709677419355	NA	82.3200992555831	NA
TGME49_chrX:13224:13765:clu_1932_NA	23.8095238095238	34.6153846153846	45.4545454545455	30.7692307692308	41.8181818181818	28.5714285714286	33.6621711621712	35.1948051948052	1.53263403263403
TGME49_chrX:13265:13765:clu_1932_NA	66.6666666666667	65.3846153846154	54.5454545454545	69.2307692307692	54.5454545454545	70.2380952380952	63.9568764568765	62.3917748917749	-1.56510156510156
TGME49_chrX:72428:73658:clu_1933_NA	57.1428571428571	40.9090909090909	32.1428571428571	39.1304347826087	63.1578947368421	61.5384615384615	42.3313099943535	62.3481781376518	20.0168681432983
TGME49_chrX:73826:73969:clu_1934_NA	39.6039603960396	42.0168067226891	37.3983739837398	43.2432432432432	26.9230769230769	28.7671232876712	40.5655960864279	27.8451001053741	-12.7204959810539
TGME49_chrX:73826:74156:clu_1934_NA	6.93069306930693	4.20168067226891	4.8780487804878	2.7027027027027	37.1794871794872	36.986301369863	4.67828130619159	37.0828942746751	32.4046129684835
TGME49_chrX:73984:74156:clu_1934_NA	53.4653465346535	48.7394957983193	53.6585365853659	50.4504504504504	33.3333333333333	34.2465753424658	51.5784573421973	33.7899543378995	-17.7885030042977
TGME49_chrX:78876:78980:clu_1936_NA	10.1351351351351	10.2209944751381	12.2857142857143	10.5134474327628	3.36134453781513	5.12129380053908	10.7888228321876	4.24131916917711	-6.54750366301049
TGME49_chrX:78876:79245:clu_1936_NA	40.8783783783784	44.475138121547	39.7142857142857	38.8753056234719	47.0588235294118	48.2479784366577	40.9857769594207	47.6534009830347	6.66762402361399
TGME49_chrX:79346:80108:clu_1936_NA	25	19.3370165745856	21.7142857142857	22.2493887530562	28.0112044817927	27.7628032345013	22.0751727604819	27.887003858147	5.81183109766513
TGME49_chrX:84339:84862:clu_1937_NA	30	38.0952380952381	41.6666666666667	35.8208955223881	22.7272727272727	23.2704402515723	36.3957000710732	22.9988564894225	-13.3968435816507
TGME49_chrX:84339:84992:clu_1937_NA	17.5	12.6984126984127	20	16.4179104477612	0.757575757575758	0.628930817610063	16.6540807865435	0.69325328759291	-15.9608274989506
TGME49_chrX:84339:85549:clu_1937_NA	20	17.4603174603175	10	26.865671641791	52.2727272727273	51.5723270440252	18.5814972755271	51.9225271583762	33.3410298828491
TGME49_chrX:84962:85549:clu_1937_NA	32.5	31.7460317460317	26.6666666666667	20.8955223880597	22.7272727272727	20.125786163522	27.9520552001895	21.4265294453974	-6.52552575479216
TGME49_chrX:85621:86251:clu_1938_NA	86.6666666666667	94.4444444444444	80	100	92.7835051546392	88.3495145631068	90.2777777777778	90.566509858873	0.288732081095219
TGME49_chrX:86404:86652:clu_1939_NA	38.4615384615385	11.1111111111111	77.7777777777778	22.2222222222222	24.5901639344262	25.1968503937008	37.3931623931624	24.8935071640635	-12.4996552290989
TGME49_chrX:86404:86909:clu_1939_NA	38.4615384615385	66.6666666666667	11.1111111111111	50	47.5409836065574	40.1574803149606	41.5598290598291	43.849231960759	2.28940290092994
TGME49_chrX:95316:95625:clu_1943_NA	20	12.9032258064516	20.5882352941176	13.953488372093	14.8760330578512	16.6666666666667	16.8612373681656	15.771349862259	-1.08988750590662
TGME49_chrX:95316:95668:clu_1943_NA	16	29.0322580645161	14.7058823529412	20.9302325581395	23.1404958677686	24.1379310344828	20.1670932438992	23.6392134511257	3.47212020722647
TGME49_chrX:95840:95961:clu_1943_NA	60	45.1612903225806	50	46.5116279069767	39.6694214876033	41.9540229885057	50.4182295573893	40.8117222380545	-9.60650731933482
TGME49_chrX:96102:96620:clu_1943_NA	0	3.2258064516129	14.7058823529412	9.30232558139535	16.5289256198347	13.2183908045977	6.80850359648736	14.8736582122162	8.06515461572885
TGME49_chrX:102385:103045:clu_1946_NA	NA	0	NA	0	37.9310344827586	24.6575342465753	0	31.294284364667	31.294284364667
TGME49_chrX:102551:103045:clu_1946_NA	NA	0	NA	0	60.3448275862069	65.7534246575342	0	63.0491261218706	63.0491261218706
TGME49_chrX:102423:111473:clu_1947_NA	11.5942028985507	8.82352941176471	14.018691588785	17.0454545454545	10.1960784313725	14.6025878003697	12.8704696111388	12.3993331158711	-0.47113649526764
TGME49_chrX:102423:112707:clu_1947_NA	27.536231884058	41.1764705882353	36.4485981308411	36.3636363636364	16.8627450980392	19.9630314232902	35.3812342416927	18.4128882606647	-16.968345981028
TGME49_chrX:102423:114795:clu_1947_NA	46.3768115942029	48.5294117647059	45.7943925233645	39.7727272727273	36.8627450980392	35.6746765249538	45.1183357887501	36.2687108114965	-8.84962497725363
TGME49_chrX:108746:114795:clu_1947_NA	4.34782608695652	0	0	4.54545454545455	20	17.9297597042514	2.22332015810277	18.9648798521257	16.7415596940229
TGME49_chrX:109980:112707:clu_1947_NA	5.79710144927536	0	2.80373831775701	1.13636363636364	4.31372549019608	3.14232902033272	2.434300850849	3.7280272552644	1.2937264044154
TGME49_chrX:109980:114795:clu_1947_NA	4.34782608695652	1.47058823529412	0.934579439252336	1.13636363636364	11.7647058823529	8.68761552680222	1.97233934946665	10.2261607045776	8.25382135511093
TGME49_chrX:111137:113606:clu_1948_NA	0	50	0	0	48.8372093023256	45.2380952380952	12.5	47.0376522702104	34.5376522702104
TGME49_chrX:112371:115694:clu_1948_NA	100	50	60	100	27.906976744186	39.2857142857143	77.5	33.5963455149502	-43.9036544850498
TGME49_chrX:131456:131898:clu_1950_NA	9.83606557377049	5	14.5454545454545	4.47761194029851	20.2797202797203	13.768115942029	8.46478301488089	17.0239181108746	8.55913509599375
TGME49_chrX:131456:132079:clu_1950_NA	32.7868852459016	41.6666666666667	29.0909090909091	31.3432835820896	27.2727272727273	36.231884057971	33.7219361463917	31.7523056653491	-1.9696304810426
TGME49_chrX:132170:132661:clu_1950_NA	45.9016393442623	46.6666666666667	38.1818181818182	58.2089552238806	41.958041958042	38.4057971014493	47.2397698541569	40.1819195297456	-7.05785032441132
TGME49_chrX:132853:132987:clu_1951_NA	100	33.3333333333333	0	50	43.75	44.7368421052632	45.8333333333333	44.2434210526316	-1.58991228070175
TGME49_chrX:132853:133592:clu_1951_NA	0	66.6666666666667	25	33.3333333333333	50	42.1052631578947	31.25	46.0526315789474	14.8026315789474
TGME49_chrX:133709:134380:clu_1952_NA	5.45454545454545	2.40963855421687	3.47826086956522	6.17283950617284	12.3188405797101	17.9856115107914	4.37882109612509	15.1522260452508	10.7734049491257
TGME49_chrX:133709:134411:clu_1952_NA	94.5454545454545	97.5903614457831	96.5217391304348	93.8271604938272	87.6811594202899	82.0143884892086	95.6211789038749	84.8477739547492	-10.7734049491257
TGME49_chrX:134452:135558:clu_1953_NA	31.4102564102564	37.696335078534	41.1522633744856	35.5555555555556	32.6923076923077	38.9240506329114	36.4536026047079	35.8081791626095	-0.645423442098348
TGME49_chrX:135584:135686:clu_1953_NA	33.3333333333333	34.0314136125654	34.5679012345679	38.6666666666667	33.7912087912088	33.2278481012658	35.1498287117833	33.5095284462373	-1.64030026554602
TGME49_chrX:135737:136434:clu_1953_NA	1.28205128205128	5.23560209424084	0.411522633744856	2.66666666666667	7.41758241758242	7.91139240506329	2.39896066917591	7.66448741132285	5.26552674214694
TGME49_chrX:371828:372191:clu_1959_NA	59.5238095238095	57.1428571428571	45	55.3571428571429	53.8461538461538	56	54.2559523809524	54.9230769230769	0.667124542124547
TGME49_chrX:489772:489982:clu_1960_NA	100	98.3240223463687	98.6928104575163	99.5049504950495	100	99.1304347826087	99.1304458247336	99.5652173913043	0.434771566570703
TGME49_chrX:547233:547637:clu_1961_NA	98.6301369863014	100	98.6666666666667	99.1869918699187	100	97.4358974358974	99.1209488807217	98.7179487179487	-0.403000162772969
TGME49_chrX:720899:721506:clu_1966_NA	100	100	100	100	98.3870967741936	98.2300884955752	100	98.3085926348844	-1.69140736511562
TGME49_chrX:739428:739613:clu_1967_NA	70	90	100	85.7142857142857	96.7741935483871	93.75	86.4285714285714	95.2620967741936	8.83352534562212
TGME49_chrX:778858:779411:clu_1968_NA	20.9580838323353	21.608040201005	27.4809160305344	21.8867924528302	40.2985074626866	25.7425742574257	22.9834581291762	33.0205408600562	10.0370827308799
TGME49_chrX:779492:779784:clu_1968_NA	18.562874251497	18.5929648241206	17.175572519084	22.6415094339623	16.4179104477612	11.8811881188119	19.243230257166	14.1495492832865	-5.09368097387942
TGME49_chrX:779852:780149:clu_1968_NA	24.5508982035928	24.1206030150754	20.2290076335878	22.2641509433962	17.910447761194	27.7227722772277	22.791164948913	22.8166100192109	0.0254450702978275
TGME49_chrX:780267:781224:clu_1968_NA	31.1377245508982	32.6633165829146	28.2442748091603	29.0566037735849	22.3880597014925	30.6930693069307	30.2754799291395	26.5405645042116	-3.73491542492788
TGME49_chrX:815359:815842:clu_1969_NA	100	100	100	100	88	87.5	100	87.75	-12.25
TGME49_chrX:870984:871226:clu_1972_NA	99.4451416870335	99.2426537412905	99.205105889179	99.3776150627615	99.3821346494368	99.2846245126293	99.3176290950661	99.333379581033	0.0157504859668904
TGME49_chrX:870984:871254:clu_1972_NA	0.0462381927472092	0.111077451277391	0.127647229474906	0.0523012552301255	0.128094036092378	0.132225800983218	0.0843160321824078	0.130159918537798	0.0458438863553902
TGME49_chrX:871000:871226:clu_1972_NA	0.508620120219301	0.646268807432091	0.667246881346098	0.570083682008368	0.489771314470859	0.583149686387523	0.598054872751465	0.536460500429191	-0.0615943723222738
TGME49_chrX:872112:872862:clu_1973_NA	100	40	83.3333333333333	71.4285714285714	59.7826086956522	63.0252100840336	73.6904761904762	61.4039093898429	-12.2865668006333
TGME49_chrX:872479:872862:clu_1973_NA	0	60	16.6666666666667	28.5714285714286	36.9565217391304	34.453781512605	26.3095238095238	35.7051516258677	9.39562781634393
TGME49_chrX:901927:903030:clu_1975_NA	6.87830687830688	3.33333333333333	4.78260869565217	7.29613733905579	19.9052132701422	14.027149321267	5.57259656158705	16.9661812957046	11.3935847341175
TGME49_chrX:903167:903544:clu_1976_NA	99.0740740740741	98.4126984126984	99.4047619047619	100	99.3055555555556	98.0099502487562	99.2228835978836	98.6577529021559	-0.565130695727703
TGME49_chrX:935491:936145:clu_1979_NA	76.9230769230769	83.3333333333333	80.7692307692308	76.271186440678	58.6206896551724	69.0476190476191	79.3242068665798	63.8341543513957	-15.490052515184
TGME49_chrX:944690:945285:clu_1981_NA	100	100	100	86.6666666666667	96.2962962962963	78.0487804878049	96.6666666666667	87.1725383920506	-9.49412827461609
TGME49_chrX:1009549:1009953:clu_1982_NA	100	86.9565217391304	82.6086956521739	94.4444444444444	100	NA	91.0024154589372	100	8.99758454106281
TGME49_chrX:1045694:1046433:clu_1984_NA	97.7777777777778	95.8677685950413	96.0629921259843	95.8620689655172	93.0817610062893	94.5205479452055	96.3926518660801	93.8011544757474	-2.59149739033275
TGME49_chrX:1067102:1067515:clu_1985_NA	98.7577639751553	99.375	99.3630573248408	99.5454545454545	99.4285714285714	96.8036529680365	99.2603189613626	98.116112198304	-1.14420676305866
TGME49_chrX:1134623:1134930:clu_1987_NA	59.2592592592593	52.6829268292683	53.6144578313253	57.3604060913706	47.3684210526316	51.8181818181818	55.7292625028059	49.5933014354067	-6.13596106739915
TGME49_chrX:1144967:1145595:clu_1988_NA	45.0980392156863	41.7910447761194	18.1818181818182	36.7647058823529	44	5.40540540540541	35.4589020139942	24.7027027027027	-10.7561993112915
TGME49_chrX:1197050:1197880:clu_1989_NA	99.6904024767802	99.3993993993994	99.4186046511628	99.7191011235955	99.5901639344262	99.7971602434077	99.5568769127345	99.693662088917	0.136785176182499
TGME49_chrX:1302994:1303442:clu_1992_NA	100	100	100	100	94.7368421052632	86.9565217391304	100	90.8466819221968	-9.15331807780321
TGME49_chrX:1380239:1380873:clu_1994_NA	53.125	47.6190476190476	65.9574468085106	49.1525423728814	45.4545454545455	21.7391304347826	53.9635092001099	33.596837944664	-20.3666712554459
TGME49_chrX:1419195:1420183:clu_1997_NA	8.28025477707006	13.8655462184874	13.7777777777778	8.69565217391304	2.53807106598985	4.07239819004525	11.1548077368121	3.30523462801755	-7.84957310879452
TGME49_chrX:1419686:1420183:clu_1997_NA	14.6496815286624	19.7478991596639	21.7777777777778	21.3438735177866	36.5482233502538	29.8642533936652	19.3798079959727	33.2062383719595	13.8264303759868
TGME49_chrX:1443032:1443302:clu_1999_NA	73.7373737373737	60.6060606060606	61.6	72.6708074534162	54.3859649122807	57.9710144927536	67.1535604492126	56.1784897025172	-10.9750707466955
TGME49_chrX:1477998:1478632:clu_2000_NA	52.5862068965517	46.8965517241379	45.1612903225806	50.9259259259259	47.1204188481675	47.9838709677419	48.8924937172991	47.5521449079547	-1.34034880934431
TGME49_chrX:1478681:1479009:clu_2000_NA	45.6896551724138	48.9655172413793	50.9677419354839	47.2222222222222	51.8324607329843	50.4032258064516	48.2112841428748	51.117843269718	2.90655912684316
TGME49_chrX:1479101:1479936:clu_2001_NA	97.9591836734694	100	93.6708860759494	98.9583333333333	83.3333333333333	85.8267716535433	97.647100770688	84.5800524934383	-13.0670482772497
TGME49_chrX:1574434:1575347:clu_2006_NA	98.1012658227848	96.9230769230769	91.8367346938776	96.1352657004831	98.4496124031008	98.9966555183946	95.7490857850556	98.7231339607477	2.9740481756921
TGME49_chrX:1582421:1582639:clu_2007_NA	25	44.8275862068966	44.7368421052632	30.3030303030303	100	50	36.2168646537975	75	38.7831353462025
TGME49_chrX:1582860:1583336:clu_2007_NA	30	34.4827586206897	31.5789473684211	33.3333333333333	0	0	32.348759830611	0	-32.348759830611
TGME49_chrX:1653931:1654438:clu_2010_NA	97.7941176470588	97.6190476190476	100	99.5633187772926	98.3333333333333	100	98.7441210108498	99.1666666666667	0.422545655816904
TGME49_chrX:1656877:1656973:clu_2011_NA	0.628366247755835	0.27378507871321	1.20663650075415	0.198807157057654	0.867208672086721	1.09090909090909	0.576898746070212	0.979058881497906	0.402160135427694
TGME49_chrX:1656877:1657620:clu_2011_NA	94.6140035906643	94.0451745379877	94.1930618401207	96.0238568588469	96.0975609756098	95.8441558441558	94.7190242069049	95.9708584098828	1.2518342029779
TGME49_chrX:1660707:1661234:clu_2012_NA	100	100	100	100	93.5897435897436	97.3333333333333	100	95.4615384615385	-4.53846153846153
TGME49_chrX:1760785:1761540:clu_2019_NA	100	100	98.6013986013986	100	98.9090909090909	99.537037037037	99.6503496503497	99.223063973064	-0.427285677285681
TGME49_chrX:1774030:1774765:clu_2020_NA	85.3658536585366	84.6153846153846	89.3939393939394	98.2456140350877	69.0476190476191	81.0810810810811	89.4051979257371	75.0643500643501	-14.340847861387
TGME49_chrX:1925935:1926373:clu_2028_NA	47.6897689768977	46.9015795868773	49.559748427673	47.7218225419664	49.2715231788079	50.9627727856226	47.9682298833536	50.1171479822153	2.14891809886169
TGME49_chrX:1978690:1979303:clu_2030_NA	10	20	13.953488372093	12.8205128205128	34.1463414634146	23.9130434782609	14.1935002981515	29.0296924708378	14.8361921726863
TGME49_chrX:2000157:2000591:clu_2031_NA	96.551724137931	89.6551724137931	100	90.7692307692308	80	95.6521739130435	94.2440318302387	87.8260869565217	-6.41794487371698
TGME49_chrX:2038698:2039245:clu_2032_NA	94.6564885496183	96.875	96.3157894736842	92.814371257485	97.8395061728395	97.6119402985075	95.1654123201969	97.7257232356735	2.56031091547659
TGME49_chrX:2039396:2039833:clu_2033_NA	50.251256281407	51.985559566787	52.1739130434783	49.802371541502	47.4264705882353	50.4621072088725	51.0532751082936	48.9442888985539	-2.10898620973969
TGME49_chrX:2040016:2040371:clu_2033_NA	45.7286432160804	44.7653429602888	44.6640316205534	42.6877470355731	48.8970588235294	46.3955637707948	44.4614412081239	47.6463112971621	3.18487008903819
TGME49_chrX:2105495:2105957:clu_2036_NA	97.3509933774834	98.2905982905983	94.2105263157895	97.2850678733032	95.6140350877193	94.7826086956522	96.7842964642936	95.1983218916857	-1.58597457260785
TGME49_chrX:2153849:2154222:clu_2040_NA	96.0526315789474	95.6521739130435	94.6188340807175	97.8632478632479	90.3846153846154	91.8032786885246	96.0467218589891	91.09394703657	-4.95277482241907
TGME49_chrX:2154355:2154551:clu_2041_NA	8.28402366863905	7.25388601036269	7.85123966942149	5.70342205323194	6.86274509803922	2.4	7.27314285041379	4.63137254901961	-2.64177030139419
TGME49_chrX:2154355:2154555:clu_2041_NA	88.7573964497041	91.1917098445596	90.495867768595	92.7756653992395	93.1372549019608	97.6	90.8051598655246	95.3686274509804	4.56346758545583
TGME49_chrX:2154632:2155094:clu_2042_NA	98.5507246376812	98.7755102040816	97.489539748954	98.6666666666667	98.1308411214953	97.7443609022556	98.3706103143459	97.9376010118755	-0.433009302470396
TGME49_chrX:2155165:2155479:clu_2043_NA	48.036253776435	46.7532467532467	43.3734939759036	46.985446985447	38.2222222222222	47.5113122171946	46.2871103727581	42.8667672197084	-3.42034315304971
TGME49_chrX:2155990:2156466:clu_2043_NA	40.785498489426	42.8571428571429	40.9638554216867	36.5904365904366	44	47.9638009049774	40.299233339673	45.9819004524887	5.68266711281564
TGME49_chrX:2156283:2156466:clu_2043_NA	5.74018126888217	6.49350649350649	10.6024096385542	12.2661122661123	10.6666666666667	2.26244343891403	8.77555241676379	6.46455505279035	-2.31099736397344
TGME49_chrX:2157579:2157894:clu_2044_NA	99.1379310344828	100	100	100	96.4285714285714	90.625	99.7844827586207	93.5267857142857	-6.25769704433498
TGME49_chrX:2157973:2158181:clu_2045_NA	47.0108695652174	46.8546637744035	46.7871485943775	47.2279260780287	46.4419475655431	44.3037974683544	46.9701520030068	45.3728725169487	-1.59727948605803
TGME49_chrX:2158226:2158630:clu_2045_NA	50	49.8915401301518	49.7991967871486	48.870636550308	50.936329588015	52.7426160337553	49.6403433669021	51.8394728108851	2.19912944398301
TGME49_chrX:2158226:2158649:clu_2045_NA	2.44565217391304	2.81995661605206	3.4136546184739	3.28542094455852	1.87265917602996	2.53164556962025	2.99117108824938	2.20215237282511	-0.789018715424272
TGME49_chrX:2310875:2311011:clu_2050_NA	91.1111111111111	98.3606557377049	98.3870967741936	96.8253968253968	92.8571428571429	100	96.1710651121016	96.4285714285714	0.257506316469829
TGME49_chrX:2314719:2314915:clu_2051_NA	35.7142857142857	40.1639344262295	44.9612403100775	41.1290322580645	46.3768115942029	42.5	40.4921231771643	44.4384057971015	3.94628261993714
TGME49_chrX:2315042:2315139:clu_2051_NA	59.5238095238095	55.7377049180328	51.937984496124	57.258064516129	50.7246376811594	50	56.1143908635238	50.3623188405797	-5.75207202294413
TGME49_chrX:2315265:2315504:clu_2052_NA	48.2352941176471	47.9338842975207	45.4545454545455	49.6503496503497	55.2238805970149	35.5932203389831	47.8185183800157	45.408550467999	-2.40996791201671
TGME49_chrX:2315750:2315856:clu_2052_NA	47.0588235294118	49.5867768595041	50.7575757575758	48.951048951049	43.2835820895522	57.6271186440678	49.0885562743852	50.45535036681	1.36679409242486
TGME49_chrX:2328649:2328927:clu_2055_NA	55.9633027522936	48.2142857142857	54.2483660130719	52.3529411764706	50.9803921568627	55.1020408163265	52.6947239140304	53.0412164865946	0.346492572564188
TGME49_chrX:2328990:2329267:clu_2055_NA	42.2018348623853	50.5952380952381	44.4444444444444	44.1176470588235	47.0588235294118	44.8979591836735	45.3397911152229	45.9783913565426	0.638600241319764
TGME49_chrX:2379303:2380038:clu_2056_NA	95.4545454545455	94.8453608247423	94.1860465116279	92.3076923076923	94.2307692307692	98.6111111111111	94.198411274652	96.4209401709402	2.22252889628818
TGME49_chrX:2448383:2448628:clu_2061_NA	100	97.3154362416107	97.4489795918367	97	100	97.979797979798	97.9411039583619	98.989898989899	1.04879503153713
TGME49_chrX:2448767:2448864:clu_2062_NA	52.4216524216524	49.9032882011605	50	50.5244755244755	48.6238532110092	48.9051094890511	50.7123540368221	48.7644813500301	-1.94787268679198
TGME49_chrX:2448987:2449084:clu_2062_NA	47.5783475783476	48.5493230174081	49.0875912408759	47.3776223776224	49.0825688073394	48.1751824817518	48.1482210535635	48.6288756445456	0.480654590982134
TGME49_chrX:2449254:2449567:clu_2063_NA	63.9405204460966	66.6666666666667	61.8122977346278	64.4562334217507	57.4468085106383	59.8639455782313	64.2189295672855	58.6553770444348	-5.56355252285066
TGME49_chrX:2449632:2449860:clu_2063_NA	35.6877323420074	32.2695035460993	37.2168284789644	35.2785145888594	42.5531914893617	39.4557823129252	35.1131447389826	41.0044869011434	5.8913421621608
TGME49_chrX:2450074:2450255:clu_2064_NA	98.9130434782609	99.009900990099	96.2085308056872	97.2972972972973	98.1132075471698	98.6842105263158	97.8571931428361	98.3987090367428	0.541515893906691
TGME49_chrX:2450705:2450935:clu_2065_NA	98.8165680473373	100	100	100	99.2063492063492	98.7012987012987	99.7041420118343	98.953823953824	-0.750318058010365
TGME49_chrX:2486353:2486719:clu_2067_NA	96.551724137931	98.3827493261456	97.5446428571429	98.6363636363636	95.9866220735786	94.7521865889213	97.7788699893958	95.3694043312499	-2.40946565814583
TGME49_chrX:2486846:2487094:clu_2068_NA	10.828025477707	6.33484162895928	5.72916666666667	7.17488789237668	25.2475247524752	27.1356783919598	7.51673041642741	26.1916015722175	18.6748711557901
TGME49_chrX:2486846:2487588:clu_2068_NA	5.09554140127389	1.80995475113122	2.08333333333333	1.34529147982063	6.93069306930693	5.0251256281407	2.58353024138977	5.97790934872382	3.39437910733405
TGME49_chrX:2487325:2487588:clu_2068_NA	10.1910828025478	11.7647058823529	12.5	13.0044843049327	2.47524752475248	5.0251256281407	11.8650682474584	3.75018657644659	-8.11488167101177
TGME49_chrX:2489233:2489554:clu_2069_NA	99.5049504950495	99.3215739484396	99.866844207723	99.7416020671835	99.3603411513859	98.7745098039216	99.6087426795989	99.0674254776538	-0.541317201945148
TGME49_chrX:2487626:2488270:clu_2070_NA	99.6932515337423	99.4475138121547	99.009900990099	97.7386934673367	98.5401459854015	99.1836734693878	98.9723399508332	98.8619097273946	-0.110430223438556
TGME49_chrX:2489664:2489825:clu_2071_NA	49.0747594374537	49.6	48.810250152532	48.2501434308663	49.9036608863198	47.9763079960513	48.933788255213	48.9399844411856	0.00619618597256277
TGME49_chrX:2489884:2490276:clu_2071_NA	50.259067357513	49.7230769230769	50.274557657108	50.7171543316122	49.2292870905588	51.0365251727542	50.2434640673275	50.1329061316565	-0.110557935671025
TGME49_chrX:2490802:2491462:clu_2072_NA	95.910780669145	95.9770114942529	95.5737704918033	94.4141689373297	87.6606683804627	91.4285714285714	95.4689328981327	89.5446199045171	-5.92431299361563
TGME49_chrX:2490802:2491699:clu_2072_NA	1.48698884758364	1.72413793103448	1.63934426229508	1.08991825613079	5.91259640102828	2.85714285714286	1.485097324261	4.38486962908557	2.89977230482457
TGME49_chrX:2718795:2718999:clu_2079_NA	95.6521739130435	96.551724137931	92.8571428571429	100	100	87.5	96.2652602270293	93.75	-2.51526022702934
TGME49_chrX:2773593:2774174:clu_2080_NA	100	99.2	98.7261146496815	100	98.936170212766	99.009900990099	99.4815286624204	98.9730356014325	-0.508493060987902
TGME49_chrX:2857334:2857938:clu_2082_NA	88.8888888888889	79.1666666666667	95.4545454545455	83.3333333333333	34.375	23.5294117647059	86.7108585858586	28.9522058823529	-57.7586527035056
TGME49_chrX:2857514:2857938:clu_2082_NA	11.1111111111111	20.8333333333333	4.54545454545455	16.6666666666667	65.625	76.4705882352941	13.2891414141414	71.0477941176471	57.7586527035056
TGME49_chrX:2945139:2945917:clu_2085_NA	100	100	96.551724137931	82.3529411764706	93.9393939393939	100	94.7261663286004	96.969696969697	2.24353064109657
TGME49_chrX:3001925:3002350:clu_2087_NA	100	98.9010989010989	99.3288590604027	98.8235294117647	100	100	99.2633718433166	100	0.736628156683423
TGME49_chrX:3004791:3005194:clu_2088_NA	40.3508771929825	41.4634146341463	38.2978723404255	40.4040404040404	29.5081967213115	27.536231884058	40.1290511428987	28.5222143026847	-11.606836840214
TGME49_chrX:3006057:3007189:clu_2089_NA	90.1408450704225	86.4583333333333	90.7894736842105	93.5779816513761	90.5660377358491	98.1818181818182	90.2416584348356	94.3739279588336	4.13226952399799
TGME49_chrX:3051126:3051362:clu_2091_NA	77.7777777777778	84.6153846153846	62.5	76.9230769230769	77.3333333333333	77.3809523809524	75.4540598290598	77.3571428571429	1.90308302808303
TGME49_chrX:3052833:3053172:clu_2092_NA	42.8571428571429	NA	100	60	20.6349206349206	31.0810810810811	67.6190476190476	25.8580008580009	-41.7610467610468
TGME49_chrX:3052833:3053517:clu_2092_NA	42.8571428571429	NA	0	20	53.968253968254	45.945945945946	20.952380952381	49.9570999571	29.004719004719
TGME49_chrX:3053055:3053517:clu_2092_NA	14.2857142857143	NA	0	20	25.3968253968254	22.972972972973	11.4285714285714	24.1848991848992	12.7563277563278
TGME49_chrX:3053639:3054138:clu_2093_NA	99.6158770806658	99.800796812749	100	99.8183469573115	100	100	99.8087552126816	100	0.191244787318411
TGME49_chrX:3055791:3056435:clu_2094_NA	100	99.8696219035202	99.8689384010485	99.6470588235294	99.8875140607424	100	99.8464047820245	99.9437570303712	0.0973522483466667
TGME49_chrX:3056750:3057183:clu_2095_NA	48.3417650365374	51.6579406631763	50.1719690455718	51.9453642384106	51.8474374255066	49.9799919967987	50.529259745924	50.9137147111526	0.384454965228628
TGME49_chrX:3057528:3058142:clu_2095_NA	51.6582349634626	48.2547993019197	49.5700773860705	47.8062913907285	48.1525625744934	50.0200080032013	49.3223507605453	49.0862852888474	-0.23606547169797
TGME49_chrX:3231723:3232078:clu_2101_NA	85.3658536585366	92.1052631578947	85.3658536585366	84.7826086956522	92.3076923076923	63.6363636363636	86.904894792655	77.972027972028	-8.93286682062704
TGME49_chrX:3318438:3319164:clu_2102_NA	69.5652173913043	78.1818181818182	71.9101123595506	81.6091954022989	67.3076923076923	63.4146341463415	75.316585833743	65.3611632270169	-9.9554226067261
TGME49_chrX:3375480:3376047:clu_2104_NA	92.3076923076923	94.7368421052632	83.3333333333333	100	88.8888888888889	75	92.5944669365722	81.9444444444444	-10.6500224921278
TGME49_chrX:3454620:3454745:clu_2107_NA	99	99.1561181434599	99.6212121212121	100	100	98.2558139534884	99.444332566168	99.1279069767442	-0.316425589423829
TGME49_chrX:3526613:3527030:clu_2113_NA	98.8636363636364	100	98.8505747126437	98.9247311827957	94.4444444444444	100	99.1597355647689	97.2222222222222	-1.93751334254671
TGME49_chrX:3527508:3528118:clu_2114_NA	81.8181818181818	90.6976744186046	94.3181818181818	84.9056603773585	86.6666666666667	69.2307692307692	87.9349246080817	77.948717948718	-9.98620665936375
TGME49_chrX:3536057:3537005:clu_2115_NA	100	66.6666666666667	100	100	83.3333333333333	83.3333333333333	91.6666666666667	83.3333333333333	-8.33333333333331
TGME49_chrX:3579274:3579998:clu_2117_NA	100	93.3333333333333	97.9166666666667	100	100	100	97.8125	100	2.1875
TGME49_chrX:3662803:3663017:clu_2120_NA	80	85.1851851851852	77.5	86.7924528301887	87.5	100	82.3694095038435	93.75	11.3805904961565
TGME49_chrX:3663446:3663646:clu_2121_NA	43.421052631579	38.5714285714286	43.1818181818182	38.2716049382716	56	35.7142857142857	40.8614760807743	45.8571428571429	4.99566677636854
TGME49_chrX:3663794:3663913:clu_2121_NA	51.3157894736842	55.7142857142857	55.6818181818182	54.320987654321	44	64.2857142857143	54.2582202560273	54.1428571428571	-0.115363113170126
TGME49_chrX:3856417:3856839:clu_2124_NA	66.6666666666667	73.6842105263158	94.7368421052632	81.8181818181818	66.6666666666667	71.4285714285714	79.2264752791069	69.047619047619	-10.1788562314878
TGME49_chrX:3951294:3951604:clu_2130_NA	96.6145833333333	96.3675213675214	97.8506787330317	96.6633954857704	97.2850678733032	98.1604120676968	96.8740447299142	97.7227399705	0.848695240585812
TGME49_chrX:3955331:3956004:clu_2133_NA	64.7686832740214	54.0192926045016	54.858934169279	48.9425981873112	50.2024291497976	52.9680365296804	55.6473770587783	51.585232839739	-4.06214421903933
TGME49_chrX:3984207:3984634:clu_2135_NA	26.530612244898	34.8837209302326	34.2857142857143	41.0714285714286	9.09090909090909	24.1379310344828	34.1928690080683	16.6144200626959	-17.5784489453724
TGME49_chrX:4031300:4032047:clu_2136_NA	85	100	94.4444444444444	85	88.8888888888889	50	91.1111111111111	69.4444444444444	-21.6666666666667
TGME49_chrX:4174029:4174385:clu_2137_NA	41.2698412698413	43.859649122807	47.093023255814	50.6666666666667	48.6363636363636	46.8468468468468	45.7222950787822	47.7416052416052	2.01931016282302
TGME49_chrX:4174452:4174889:clu_2137_NA	49.6031746031746	51.3784461152882	48.546511627907	44	45.9090909090909	43.6936936936937	48.3820330865925	44.8013923013923	-3.58064078520015
TGME49_chrX:4233209:4233897:clu_2139_NA	50	55.1724137931034	50	53.5714285714286	50	54.0540540540541	52.185960591133	52.027027027027	-0.158933564105972
TGME49_chrX:4266503:4267368:clu_2141_NA	87.5	85.7142857142857	96.4285714285714	88.8888888888889	85.7142857142857	100	89.6329365079365	92.8571428571429	3.22420634920636
TGME49_chrX:4301718:4302297:clu_2142_NA	NA	50	100	100	78.5714285714286	45.4545454545455	83.3333333333333	62.012987012987	-21.3203463203463
TGME49_chrX:4303003:4303327:clu_2143_NA	100	100	100	100	76	74.3589743589744	100	75.1794871794872	-24.8205128205128
TGME49_chrX:4304287:4305782:clu_2144_NA	50	75	100	66.6666666666667	100	100	72.9166666666667	100	27.0833333333333
TGME49_chrX:4327522:4328119:clu_2146_NA	33.3333333333333	100	100	100	48.2142857142857	51.5625	83.3333333333333	49.8883928571429	-33.4449404761905
TGME49_chrX:4327886:4328119:clu_2146_NA	66.6666666666667	0	0	0	51.7857142857143	48.4375	16.6666666666667	50.1116071428571	33.4449404761905
TGME49_chrX:4329868:4330195:clu_2147_NA	99.4845360824742	99.5073891625616	100	99.57805907173	99.3103448275862	100	99.6424960791914	99.6551724137931	0.0126763346016645
TGME49_chrX:4392729:4392864:clu_2149_NA	85.7142857142857	71.9298245614035	58.3333333333333	54.0540540540541	78	81.3559322033898	67.5078744157692	79.6779661016949	12.1700916859258
TGME49_chrX:4441048:4441549:clu_2154_NA	100	92.3076923076923	100	100	93.6708860759494	92.8571428571429	98.0769230769231	93.2640144665461	-4.81290861037697
TGME49_chrX:4806586:4806845:clu_2161_NA	2.85714285714286	5.69395017793594	2.59259259259259	4.80769230769231	12.987012987013	16.1849710982659	3.98784448384093	14.5859920426394	10.5981475587985
TGME49_chrX:4806586:4807580:clu_2161_NA	94.2857142857143	88.9679715302491	92.2222222222222	88.1410256410256	77.9220779220779	67.0520231213873	90.9042334198028	72.4870505217326	-18.4171828980702
TGME49_chrX:4880458:4880593:clu_2163_NA	96.7741935483871	91.5254237288136	89.0909090909091	95.6521739130435	88.5245901639344	92.3076923076923	93.2606750702883	90.4161412358134	-2.84453383447494
TGME49_chrX:4880975:4881626:clu_2164_NA	100	93.3333333333333	87.8787878787879	100	90.7407407407407	96.4912280701754	95.3030303030303	93.6159844054581	-1.6870458975722
TGME49_chrX:5042599:5043433:clu_2171_NA	96.875	100	97.9591836734694	98.1818181818182	100	95.5882352941177	98.2540004638219	97.7941176470588	-0.45988281676307
TGME49_chrX:5067145:5067595:clu_2172_NA	98.9690721649485	97.1698113207547	98.9473684210526	99.1071428571429	100	100	98.5483486909747	100	1.45165130902534
TGME49_chrX:5160850:5161946:clu_2176_NA	31.25	28.5714285714286	52.6315789473684	50	68.75	61.2903225806452	40.6132518796992	65.0201612903226	24.4069094106233
TGME49_chrX:5189844:5190113:clu_2177_NA	39.4613583138173	40.4549950544016	36.0952380952381	41.4222222222222	39.3846153846154	37.4666666666667	39.3584534214198	38.425641025641	-0.932812395778782
TGME49_chrX:5190430:5190929:clu_2177_NA	11.2412177985948	11.8694362017804	13.5238095238095	12.8	24.7692307692308	23.7333333333333	12.3586158810462	24.2512820512821	11.8926661702359
TGME49_chrX:5190430:5192349:clu_2177_NA	46.2529274004684	43.2245301681503	46.3809523809524	42.4	30.6153846153846	33.3333333333333	44.5646024873928	31.974358974359	-12.5902435130338
TGME49_chrX:5257287:5258034:clu_2181_NA	100	96.6101694915254	98.3606557377049	98.7179487179487	95.8333333333333	100	98.4221934867948	97.9166666666667	-0.505526820128097
TGME49_chrX:5339093:5339325:clu_2183_NA	47.3684210526316	48.936170212766	38.0952380952381	44.4444444444444	40	45	44.71106845127	42.5	-2.21106845127002
TGME49_chrX:5339433:5340092:clu_2183_NA	52.6315789473684	51.063829787234	61.9047619047619	55.5555555555556	20	35	55.28893154873	27.5	-27.78893154873
TGME49_chrX:5406657:5410462:clu_2184_NA	1.23626373626374	2.76406712734452	3.09178743961353	2.80735721200387	0.309597523219814	0.279329608938547	2.47486887880641	0.294463566079181	-2.18040531272723
TGME49_chrX:5407763:5408539:clu_2184_NA	30.2197802197802	32.675222112537	32.463768115942	33.0106485963214	34.6749226006192	37.0577281191806	32.0923547611452	35.8663253598999	3.77397059875476
TGME49_chrX:5408658:5410462:clu_2184_NA	28.7087912087912	29.5162882527147	31.6908212560386	33.7850919651501	33.2301341589267	29.9813780260708	30.9252481706737	31.6057560924987	0.680507921825093
TGME49_chrX:5437712:5437960:clu_2186_NA	82.4267782426778	81.2324929971989	77.2972972972973	81.1634349030471	82.0728291316527	82.0588235294118	80.5300008600553	82.0658263305322	1.53582547047695
TGME49_chrX:5472052:5472374:clu_2189_NA	0.417536534446764	0	0.184842883548983	0.141043723554302	5.64738292011019	3.85144429160935	0.185855785387512	4.74941360585977	4.56355782047226
TGME49_chrX:5472052:5473313:clu_2189_NA	99.5824634655532	100	99.815157116451	99.8589562764457	94.3526170798898	96.1485557083906	99.8141442146125	95.2505863941402	-4.56355782047227
TGME49_chrX:5507691:5508005:clu_2194_NA	94.7368421052632	100	86.9565217391304	92.8571428571429	100	100	93.6376266753841	100	6.36237332461589
TGME49_chrX:5606005:5606245:clu_2195_NA	95.959595959596	89.4230769230769	96	92.4242424242424	86.6666666666667	82.6923076923077	93.4517288267288	84.6794871794872	-8.77224164724164
TGME49_chrX:5606962:5607483:clu_2196_NA	47.7777777777778	42.2018348623853	43.9252336448598	42.7184466019417	44.2307692307692	54.3859649122807	44.1558232217412	49.308367071525	5.1525438497838
TGME49_chrX:5607577:5607885:clu_2196_NA	50	53.2110091743119	53.2710280373832	56.3106796116505	55.7692307692308	43.859649122807	53.1981792058364	49.8144399460189	-3.3837392598175
TGME49_chrX:5608890:5609133:clu_2197_NA	100	94.8275862068966	95	100	100	96.2962962962963	97.4568965517241	98.1481481481482	0.69125159642401
TGME49_chrX:5642284:5642601:clu_2198_NA	15	19.047619047619	40.625	46.1538461538462	22.2222222222222	0	30.2066163003663	11.1111111111111	-19.0955051892552
TGME49_chrX:5642868:5643306:clu_2198_NA	60	61.9047619047619	50	34.6153846153846	44.4444444444444	16.6666666666667	51.6300366300366	30.5555555555556	-21.0744810744811
TGME49_chrX:5643843:5644581:clu_2199_NA	71.4285714285714	65.3846153846154	53.8461538461538	60.7142857142857	55.5555555555556	38.4615384615385	62.8434065934066	47.008547008547	-15.8348595848596
TGME49_chrX:5709734:5710793:clu_2204_NA	95.3488372093023	95.1612903225807	100	89.8305084745763	82.8571428571429	94.7368421052632	95.0851590016148	88.796992481203	-6.28816652041181
TGME49_chrX:5733484:5734614:clu_2205_NA	6.55737704918033	3.33333333333333	6.81818181818182	4.3956043956044	11.214953271028	21.2765957446809	5.27612414907497	16.2457745078544	10.9696503587795
TGME49_chrX:5771442:5771952:clu_2207_NA	40.7407407407407	38.4615384615385	39.2857142857143	36.5853658536585	16.6666666666667	34.375	38.768339835413	25.5208333333333	-13.2475065020797
TGME49_chrX:5771731:5771952:clu_2207_NA	59.2592592592593	61.5384615384615	60.7142857142857	63.4146341463415	83.3333333333333	65.625	61.231660164587	74.4791666666667	13.2475065020797
TGME49_chrX:5800276:5800752:clu_2208_NA	99.3939393939394	99.6011964107677	99.7026759167493	99.8129092609916	99.6951219512195	99.8407643312102	99.627680245612	99.7679431412148	0.140262895602859
TGME49_chrX:5799805:5800038:clu_2209_NA	100	100	83.3333333333333	83.3333333333333	85.0746268656716	85.8585858585859	91.6666666666667	85.4666063621287	-6.20006030453793
TGME49_chrX:5803105:5803252:clu_2210_NA	0	0	33.3333333333333	8.33333333333333	11.5789473684211	17.8217821782178	10.4166666666667	14.7003647733194	4.28369810665277
TGME49_chrX:5803105:5803680:clu_2210_NA	72.7272727272727	81.8181818181818	50	58.3333333333333	33.6842105263158	40.5940594059406	65.719696969697	37.1391349661282	-28.5805620035688
TGME49_chrX:5803456:5803680:clu_2210_NA	27.2727272727273	18.1818181818182	16.6666666666667	16.6666666666667	35.7894736842105	37.6237623762376	19.6969696969697	36.7066180302241	17.0096483332544
TGME49_chrX:5804115:5804521:clu_2212_NA	100	100	50	100	69.2307692307692	69.5652173913043	87.5	69.3979933110368	-18.1020066889632
TGME49_chrX:5998074:5998248:clu_2221_NA	57.1428571428571	87.5	90.9090909090909	80	94.7368421052632	86.6666666666667	78.887987012987	90.7017543859649	11.8137673729779
TGME49_chrX:6022396:6022641:clu_2223_NA	12.5	13.7931034482759	7.2463768115942	11.1111111111111	27.5862068965517	26.8292682926829	11.1626478427453	27.2077375946173	16.045089751872
TGME49_chrX:6022396:6023225:clu_2223_NA	75	67.816091954023	79.7101449275362	81.4814814814815	48.2758620689655	54.8780487804878	76.0019295907602	51.5769554247267	-24.4249741660335
TGME49_chrX:6025570:6026009:clu_2224_NA	98.0769230769231	93.3333333333333	98.6666666666667	97.3333333333333	90.9090909090909	81.3559322033898	96.8525641025641	86.1325115562404	-10.7200525463237
TGME49_chrX:6026895:6027382:clu_2225_NA	88.1818181818182	89.5833333333333	89.344262295082	89.344262295082	92.0634920634921	84.9315068493151	89.1134190263289	88.4974994564036	-0.615919569925296
TGME49_chrX:6029316:6029437:clu_2226_NA	0	0	0	1.51515151515152	20.6185567010309	13.3333333333333	0.378787878787879	16.9759450171821	16.5971571383943
TGME49_chrX:6029316:6029876:clu_2226_NA	95.1923076923077	95.5357142857143	98.1308411214953	93.1818181818182	56.701030927835	77.7777777777778	95.5101703203339	67.2394043528064	-28.2707659675275
TGME49_chrX:6061427:6061800:clu_2228_NA	2.29885057471264	1.53846153846154	3.7037037037037	1.33333333333333	9.01639344262295	12.5	2.2185872875528	10.7581967213115	8.53960943375867
TGME49_chrX:6061955:6062285:clu_2228_NA	5.74712643678161	1.53846153846154	3.7037037037037	1.33333333333333	12.2950819672131	12.5	3.08065625307005	12.3975409836066	9.31688473053651
TGME49_chrX:6112990:6113374:clu_2230_NA	98.705501618123	99.4444444444444	99.7067448680352	99.1935483870968	100	98.7341772151899	99.2625598294248	99.3670886075949	0.104528778170092
TGME49_chrX:6115530:6116117:clu_2231_NA	100	100	98.6301369863014	99	100	99.4845360824742	99.4075342465753	99.7422680412371	0.334733794661773
TGME49_chrX:6217301:6217726:clu_2233_NA	100	99.2307692307692	99.2167101827676	99.1471215351812	100	99.5495495495496	99.3986502371795	99.7747747747748	0.37612453759526
TGME49_chrX:6217783:6217904:clu_2234_NA	98.7220447284345	98.6033519553073	98.9100817438692	99.5614035087719	100	99.5024875621891	98.9492204840957	99.7512437810945	0.802023296998811
TGME49_chrX:6245620:6246034:clu_2235_NA	92.5925925925926	82.6086956521739	90.4761904761905	90.3225806451613	89.6551724137931	98.1481481481482	89.0000148415296	93.9016602809706	4.90164543944107
TGME49_chrX:6248310:6248922:clu_2236_NA	97.9310344827586	96.5317919075144	96.2732919254658	98.2954545454545	95.0524737631184	96.113074204947	97.2578932152984	95.5827739840327	-1.67511923126565
TGME49_chrX:6248310:6248925:clu_2236_NA	2.06896551724138	2.89017341040462	2.48447204968944	1.70454545454545	2.54872563718141	1.76678445229682	2.28703910797022	2.15775504473911	-0.12928406323111
TGME49_chrX:6248572:6248922:clu_2236_NA	0	0.578034682080925	1.24223602484472	0	2.39880059970015	2.12014134275618	0.455067676731411	2.25947097122817	1.80440329449676
TGME49_chrX:6273538:6274437:clu_2240_NA	30	50	50.9433962264151	41.8604651162791	48.2758620689655	70.9090909090909	43.2009653356735	59.5924764890282	16.3915111533547
TGME49_chrX:6294966:6295506:clu_2242_NA	40.531561461794	40.2930402930403	39.8022249690977	39.2807745504841	43.2558139534884	45.6018518518519	39.976900318604	44.4288329026701	4.45193258406609
TGME49_chrX:6295628:6295741:clu_2242_NA	53.3222591362126	52.8693528693529	52.4103831891224	51.0373443983402	52.9069767441861	50.1157407407407	52.409834898257	51.5113587424634	-0.898476155793631
TGME49_chrX:6347925:6348126:clu_2246_NA	49.3670886075949	44.6280991735537	49.5652173913044	50.381679389313	46.8354430379747	46.875	48.4855211404415	46.8552215189873	-1.63029962145415
TGME49_chrX:6348230:6348446:clu_2246_NA	50.6329113924051	55.3719008264463	48.695652173913	48.8549618320611	50.6329113924051	50	50.8888565562064	50.3164556962025	-0.572400860003832
TGME49_chrX:6379369:6379611:clu_2247_NA	81.5789473684211	96.7741935483871	100	96.3636363636364	90	100	93.6791943201111	95	1.32080567988888
TGME49_chrX:6402073:6402901:clu_2248_NA	78.9473684210526	70.5882352941177	65.625	96.1538461538462	76.6666666666667	100	77.8286124672541	88.3333333333333	10.5047208660792
TGME49_chrX:6439865:6441090:clu_2249_NA	100	90	100	90	91.6666666666667	80	95	85.8333333333333	-9.16666666666667
TGME49_chrX:6492098:6493678:clu_2250_NA	3.7037037037037	12.5	9.55882352941176	6.3953488372093	0	0	8.03946901758119	0	-8.03946901758119
TGME49_chrX:6496904:6498074:clu_2251_NA	98.0891719745223	99.3710691823899	98.3193277310924	96.8446601941748	99.0123456790123	99.3055555555556	98.1560572705448	99.1589506172839	1.0028933467391
TGME49_chrX:6606297:6606651:clu_2253_NA	99.7466216216216	99.7197898423818	99.5708154506438	99.7343075390236	99.8109194043961	99.602089032579	99.6928836134177	99.7065042184875	0.0136206050698462
TGME49_chrX:6753091:6753701:clu_2258_NA	95.7446808510638	96.2962962962963	84.0909090909091	88.8888888888889	96.551724137931	84.375	91.2551937817895	90.4633620689655	-0.791831712824006
TGME49_chrX:6826018:6826082:clu_2260_NA	84	80.5755395683453	84.4827586206897	83.9622641509434	82.9787234042553	84.2391304347826	83.2551405849946	83.608926919519	0.353786334524372
TGME49_chrX:6921463:6921871:clu_2262_NA	95.5156950672646	96.0474308300395	94.1666666666667	94.8979591836735	98	97.9591836734694	95.1569379369111	97.9795918367347	2.82265389982364
TGME49_chrX:6978402:6978671:clu_2265_NA	54.2857142857143	48.5714285714286	56.8965517241379	60	60.7843137254902	54.4554455445545	54.9384236453202	57.6198796350223	2.68145598970213
TGME49_chrX:6978800:6979009:clu_2265_NA	45.7142857142857	51.4285714285714	39.6551724137931	35.5555555555556	37.2549019607843	43.5643564356436	43.0883962780514	40.4096291982139	-2.67876707983751
TGME49_chrX:7047717:7048375:clu_2267_NA	100	99.6644295302013	100	100	99.5121951219512	99.3055555555556	99.9161073825503	99.4088753387534	-0.507232043796947
TGME49_chrX:7174314:7174722:clu_2271_NA	42.1875	40.2173913043478	37.5	46.3157894736842	40.4040404040404	41.1764705882353	41.555170194508	40.7902554961378	-0.764914698370163
TGME49_chrX:7174818:7175040:clu_2271_NA	48.4375	51.0869565217391	45.8333333333333	46.3157894736842	53.5353535353535	53.6764705882353	47.9183948321892	53.6059120617944	5.68751722960525
TGME49_chrX:7175650:7175954:clu_2272_NA	48.75	53.030303030303	46.4968152866242	47.0588235294118	51.7006802721088	49.3589743589744	48.8339854615847	50.5298273155416	1.69584185395686
TGME49_chrX:7178541:7178988:clu_2273_NA	81.3953488372093	79.6296296296296	72.9166666666667	73.4375	88.8888888888889	93.1034482758621	76.8447862833764	90.9961685823755	14.1513822989991
TGME49_chrX:7179806:7179956:clu_2274_NA	91.9354838709677	97.6744186046512	90.1639344262295	91.304347826087	91.1111111111111	94.2528735632184	92.7695461819838	92.6819923371648	-0.0875538448190838
TGME49_chrX:7180040:7180395:clu_2275_NA	95	96.0526315789474	95.7746478873239	92.2222222222222	92	90.1785714285714	94.7623754221234	91.0892857142857	-3.67308970783766
TGME49_chrX:7183181:7183337:clu_2278_NA	94.4444444444444	100	100	100	98.1818181818182	96.1038961038961	98.6111111111111	97.1428571428571	-1.46825396825398
TGME49_chrX:7344097:7344752:clu_2282_NA	100	100	100	94.9152542372881	98.2456140350877	98.5294117647059	98.728813559322	98.3875128998968	-0.341300659425244
TGME49_chrX:7363954:7364389:clu_2283_NA	99.1803278688525	99.3827160493827	99.6621621621622	99.7076023391813	97.6525821596244	100	99.4832021048947	98.8262910798122	-0.656911025082451
TGME49_chrX:7366495:7366770:clu_2284_NA	98.9858012170385	98.7903225806452	98.9816700610998	99.3377483443709	97.6127320954907	96.6565349544073	99.0238855507886	97.134633524949	-1.88925202583958
TGME49_chrX:7425508:7426230:clu_2287_NA	100	98.6238532110092	98.5714285714286	100	99.5495495495496	100	99.2988204456094	99.7747747747748	0.475954329165347
TGME49_chrXI:26547:26666:clu_2291_NA	7.69230769230769	21.4285714285714	26.0869565217391	8.33333333333333	43.5897435897436	35.1351351351351	15.8852922439879	39.3624393624394	23.4771471184515
TGME49_chrXI:120073:120564:clu_2299_NA	61.3636363636364	54.5454545454545	44.2307692307692	59.1836734693878	57.1428571428571	58.3333333333333	54.830883402312	57.7380952380952	2.90721183578327
TGME49_chrXI:120077:120564:clu_2299_NA	38.6363636363636	45.4545454545455	55.7692307692308	40.8163265306122	42.8571428571429	41.6666666666667	45.169116597688	42.2619047619048	-2.90721183578327
TGME49_chrXI:373913:374582:clu_2312_NA	92.8571428571429	83.3333333333333	90.9090909090909	90	28.5714285714286	100	89.2748917748918	64.2857142857143	-24.9891774891775
TGME49_chrXI:567444:567877:clu_2315_NA	99.0291262135922	100	100	99.2647058823529	95.3846153846154	97.5609756097561	99.5734580239863	96.4727954971857	-3.10066252680055
TGME49_chrXI:665016:665407:clu_2318_NA	100	93.75	90.9090909090909	86.9565217391304	100	100	92.9039031620553	100	7.09609683794466
TGME49_chrXI:805130:806264:clu_2324_NA	41.8918918918919	44.5378151260504	45.5555555555556	41.1111111111111	34.375	28.2051282051282	43.2740934211522	31.2900641025641	-11.9840293185881
TGME49_chrXI:845268:845492:clu_2326_NA	56.8181818181818	44.8979591836735	52.9411764705882	44.2307692307692	37.9310344827586	44	49.7220216758032	40.9655172413793	-8.75650443442388
TGME49_chrXI:959177:959627:clu_2329_NA	43.4782608695652	88.2352941176471	72.2222222222222	59.2592592592593	33.3333333333333	11.7647058823529	65.7987591171734	22.5490196078431	-43.2497395093303
TGME49_chrXI:963284:964328:clu_2331_NA	NA	100	20	100	88.2352941176471	45.4545454545455	73.3333333333333	66.8449197860963	-6.48841354723707
TGME49_chrXI:1181676:1182161:clu_2342_NA	90.3225806451613	88.1578947368421	86.4406779661017	91.8604651162791	72.7272727272727	80.5555555555556	89.195404616096	76.6414141414141	-12.5539904746819
TGME49_chrXI:1313576:1313976:clu_2344_NA	98.75	100	99.0147783251232	99.1452991452991	98.3870967741936	98.8593155893536	99.2275193676056	98.6232061817736	-0.604313185831998
TGME49_chrXI:1314128:1314703:clu_2345_NA	49.438202247191	52.0642201834862	52.5179856115108	52.8344671201814	54.2721518987342	53.2442748091603	51.7137187905924	53.7582133539472	2.04449456335488
TGME49_chrXI:1314770:1315788:clu_2345_NA	38.2022471910112	37.6146788990826	35.9712230215827	35.827664399093	40.8227848101266	39.5038167938931	36.9039533776924	40.1633008020099	3.25934742431748
TGME49_chrXI:1316667:1317054:clu_2346_NA	99.2805755395683	100	100	99.5495495495496	100	98.8142292490119	99.7075312722795	99.4071146245059	-0.300416647773545
TGME49_chrXI:1352048:1352970:clu_2347_NA	100	93.9393939393939	100	93.4782608695652	100	81.25	96.8544137022398	90.625	-6.22941370223978
TGME49_chrXI:1568590:1569461:clu_2351_NA	9.64912280701754	8.8339222614841	9.41176470588235	11.1842105263158	0.986842105263158	5.99369085173502	9.76975507517495	3.49026647849909	-6.27948859667586
TGME49_chrXI:1568671:1569461:clu_2351_NA	90.3508771929825	91.1660777385159	90.5882352941177	88.8157894736842	99.0131578947368	94.006309148265	90.2302449248251	96.5097335215009	6.27948859667586
TGME49_chrXI:1683693:1684561:clu_2354_NA	94.1176470588235	87.3015873015873	82.3529411764706	92.9577464788732	92.4050632911392	93.4065934065934	89.1824805039387	92.9058283488663	3.72334784492766
TGME49_chrXI:1808270:1808916:clu_2361_NA	3.94088669950739	2.88659793814433	2.62582056892779	3.64372469635628	1.43266475644699	1.6260162601626	3.27425747573395	1.5293405083048	-1.74491696742915
TGME49_chrXI:1808986:1809354:clu_2361_NA	29.8029556650246	33.4020618556701	32.8227571115974	33.1983805668016	29.7994269340974	30.0813008130081	32.3065387997734	29.9403638735528	-2.36617492622066
TGME49_chrXI:1852823:1853702:clu_2362_NA	52	40	30.3030303030303	38.8888888888889	7.69230769230769	11.1111111111111	40.2979797979798	9.4017094017094	-30.8962703962704
TGME49_chrXI:1854223:1854477:clu_2363_NA	100	96.551724137931	96.7741935483871	93.75	100	92.3076923076923	96.7689794215795	96.1538461538462	-0.61513326773337
TGME49_chrXI:1908007:1908213:clu_2366_NA	0.477326968973747	0.205338809034908	0.612244897959184	0	3.25	5.26315789473684	0.32372766899196	4.25657894736842	3.93285127837646
TGME49_chrXI:1915029:1915693:clu_2367_NA	100	96.875	89.6551724137931	96.1538461538462	64.2857142857143	42.1052631578947	95.6710046419098	53.1954887218045	-42.4755159201053
TGME49_chrXI:1982988:1983213:clu_2369_NA	3.27868852459016	2.22222222222222	6.38297872340426	6.38297872340426	8.24175824175824	7.69230769230769	4.56671704840522	7.96703296703297	3.40031591862774
TGME49_chrXI:1982988:1983238:clu_2369_NA	96.7213114754098	97.7777777777778	93.6170212765958	93.6170212765958	91.7582417582418	92.3076923076923	95.4332829515948	92.032967032967	-3.40031591862774
TGME49_chrXI:1983353:1984359:clu_2370_NA	2.10526315789474	7.74907749077491	4.59363957597173	3.46153846153846	10.9259259259259	10.5536332179931	4.47737967154496	10.7397795719595	6.26239990041454
TGME49_chrXI:1983353:1984476:clu_2370_NA	8.42105263157895	11.070110701107	13.0742049469965	9.23076923076923	12.037037037037	11.0726643598616	10.4490343776129	11.5548506984493	1.1058163208364
TGME49_chrXI:1984481:1984860:clu_2370_NA	0	2.2140221402214	2.12014134275618	1.92307692307692	4.07407407407407	2.42214532871972	1.56431010151363	3.2481097013969	1.68379959988327
TGME49_chrXI:1984515:1984860:clu_2370_NA	10.5263157894737	8.48708487084871	17.6678445229682	8.84615384615385	20.1851851851852	20.9342560553633	11.3818497573611	20.5597206202743	9.17787086291315
TGME49_chrXI:1985123:1985853:clu_2370_NA	42.1052631578947	36.5313653136531	28.9752650176678	43.0769230769231	30.1851851851852	28.3737024221453	37.6722041415347	29.2794438036653	-8.39276033786944
TGME49_chrXI:1985963:1986195:clu_2370_NA	0.526315789473684	0	0	1.15384615384615	3.33333333333333	2.94117647058824	0.42004048582996	3.13725490196078	2.71721441613082
TGME49_chrXI:1985963:1986835:clu_2370_NA	27.3684210526316	22.5092250922509	22.2614840989399	20.7692307692308	15.1851851851852	16.6089965397924	23.2270902532633	15.8970908624888	-7.32999939077451
TGME49_chrXI:1986258:1986835:clu_2370_NA	0	0	0	0	1.85185185185185	1.90311418685121	0	1.87748301935153	1.87748301935153
TGME49_chrXI:1986895:1987947:clu_2371_NA	43.0232558139535	42.8571428571429	43.8202247191011	35.4838709677419	40.7894736842105	43.2098765432099	41.2961235894848	41.9996751137102	0.703551524225347
TGME49_chrXI:1988004:1988529:clu_2371_NA	56.9767441860465	56.1224489795918	56.1797752808989	62.3655913978495	54.6052631578947	49.3827160493827	57.9111399610967	51.9939896036387	-5.91715035745795
TGME49_chrXI:1990300:1990716:clu_2372_NA	92.9824561403509	100	95.5882352941177	88	98.1981981981982	99.1071428571429	94.1426728586171	98.6526705276705	4.50999766905339
TGME49_chrXI:2102884:2103007:clu_2375_NA	48.2352941176471	48.8888888888889	48.0122324159021	48.4126984126984	43.2584269662921	44.5378151260504	48.3872784587841	43.8981210461713	-4.48915741261284
TGME49_chrXI:2102884:2103298:clu_2375_NA	2.74509803921569	1.48148148148148	3.05810397553517	2.38095238095238	13.4831460674157	9.66386554621849	2.41640896929618	11.5735058068171	9.15709683752093
TGME49_chrXI:2103018:2103298:clu_2375_NA	49.0196078431373	48.5185185185185	48.9296636085627	48.6772486772487	43.2584269662921	45.7983193277311	48.7862596618668	44.5283731470116	-4.25788651485517
TGME49_chrXI:2146661:2147017:clu_2378_NA	86.3636363636364	87.8048780487805	90.4109589041096	83.5164835164835	74.0458015267176	81.0457516339869	87.0239892082525	77.5457765803522	-9.47821262790025
TGME49_chrXI:2147326:2147499:clu_2378_NA	12.1212121212121	8.53658536585366	8.21917808219178	8.79120879120879	25.9541984732824	18.9542483660131	9.41704609011659	22.4542234196478	13.0371773295312
TGME49_chrXI:2294441:2295098:clu_2383_NA	45.8333333333333	35.2112676056338	43.5374149659864	44.3243243243243	47.887323943662	41.8367346938776	42.2265850573195	44.8620293187698	2.6354442614503
TGME49_chrXI:2295274:2295511:clu_2383_NA	52.7777777777778	63.3802816901408	56.4625850340136	54.0540540540541	46.4788732394366	58.1632653061224	56.6686746389966	52.3210692727795	-4.34760536621704
TGME49_chrXI:2297264:2297832:clu_2384_NA	53.2258064516129	64.8648648648649	63.2352941176471	70	48	73.6842105263158	62.8314913585312	60.8421052631579	-1.98938609537332
TGME49_chrXI:2297264:2297897:clu_2384_NA	46.7741935483871	35.1351351351351	36.7647058823529	30	52	26.3157894736842	37.1685086414688	39.1578947368421	1.98938609537331
TGME49_chrXI:2349425:2349899:clu_2388_NA	55	55.5555555555556	49.438202247191	50.2415458937198	49.4736842105263	51.219512195122	52.5588259241166	50.3465982028241	-2.21222772129246
TGME49_chrXI:2350131:2350573:clu_2388_NA	43.5714285714286	43.9153439153439	50	49.7584541062802	49.4736842105263	48.780487804878	46.8113066482632	49.1270860077022	2.31577935943901
TGME49_chrXI:2402763:2402989:clu_2390_NA	100	91.8918918918919	96.4285714285714	92.1052631578947	100	100	95.1064316195895	100	4.89356838041049
TGME49_chrXI:2408744:2409154:clu_2391_NA	52.1739130434783	51.25	46.6666666666667	52.0833333333333	37.5	50	50.5434782608696	43.75	-6.79347826086956
TGME49_chrXI:2409270:2409738:clu_2391_NA	45.6521739130435	47.5	52	44.7916666666667	62.5	50	47.4859601449275	56.25	8.76403985507246
TGME49_chrXI:2436685:2437054:clu_2392_NA	98.9583333333333	99.1935483870968	99.1150442477876	100	97.4358974358974	96.551724137931	99.3167314920544	96.9938107869142	-2.32292070514021
TGME49_chrXI:2672889:2673591:clu_2398_NA	99.4652406417112	100	100	99.1189427312775	98.0337078651685	98.6737400530504	99.6460458432472	98.3537239591095	-1.29232188413773
TGME49_chrXI:2751346:2752492:clu_2401_NA	66.6666666666667	100	77.7777777777778	77.2727272727273	72.4137931034483	91.1111111111111	80.4292929292929	81.7624521072797	1.33315917798677
TGME49_chrXI:2818843:2819227:clu_2402_NA	52.1072796934866	52.416918429003	50.7936507936508	50.2269288956127	53.8590604026846	53.3751962323391	51.3861944529383	53.6171283175118	2.23093386457355
TGME49_chrXI:2980905:2981337:clu_2407_NA	50	100	33.3333333333333	85.7142857142857	72.4137931034483	57.8947368421053	67.2619047619048	65.1542649727768	-2.10763978912799
TGME49_chrXI:2983200:2983814:clu_2408_NA	23.3333333333333	41.2698412698413	48.1481481481481	35	25.4237288135593	28.1081081081081	36.9378306878307	26.7659184608337	-10.171912226997
TGME49_chrXI:2983377:2983814:clu_2408_NA	76.6666666666667	58.7301587301587	51.8518518518518	65	74.5762711864407	71.8918918918919	63.0621693121693	73.2340815391663	10.171912226997
TGME49_chrXI:2983937:2984544:clu_2409_NA	98.7730061349693	97.8070175438597	98.9847715736041	97.6415094339623	99.3197278911565	99.7134670487106	98.3015761715988	99.5165974699335	1.2150212983347
TGME49_chrXI:2992259:2992934:clu_2410_NA	14.2857142857143	25	0	0	13.75	6.9620253164557	9.82142857142857	10.3560126582278	0.534584086799278
TGME49_chrXI:2992349:2992934:clu_2410_NA	0	0	0	0	22.5	29.1139240506329	0	25.8069620253165	25.8069620253165
TGME49_chrXI:2993014:2993269:clu_2410_NA	42.8571428571429	50	33.3333333333333	16.6666666666667	48.75	44.3037974683544	35.7142857142857	46.5268987341772	10.8126130198915
TGME49_chrXI:3036387:3037407:clu_2411_NA	98.3606557377049	98.2142857142857	96.3503649635037	99.1735537190083	99.4011976047904	100	98.0247150336256	99.7005988023952	1.67588376876957
TGME49_chrXI:3040663:3041390:clu_2412_NA	61.5384615384615	60.7142857142857	47.7477477477478	47.9591836734694	59.4594594594595	52.8662420382166	54.4899196684911	56.162850748838	1.67293108034691
TGME49_chrXI:3041570:3041909:clu_2412_NA	37.1794871794872	34.5238095238095	52.2522522522522	50	40.5405405405405	47.1337579617834	43.4888872388872	43.837149251162	0.348262012274752
TGME49_chrXI:3047516:3048077:clu_2413_NA	3.57142857142857	14.2857142857143	13.0434782608696	16.6666666666667	32.0754716981132	25	11.8918219461698	28.5377358490566	16.6459139028868
TGME49_chrXI:3048654:3049144:clu_2414_NA	88.8888888888889	85.7142857142857	100	97.3684210526316	100	94.4444444444444	92.9928989139515	97.2222222222222	4.22932330827069
TGME49_chrXI:3142911:3143681:clu_2417_NA	30.4347826086957	32.3529411764706	49.1228070175439	40.5405405405405	24.1379310344828	10.8108108108108	38.1127678358127	17.4743709226468	-20.6383969131659
TGME49_chrXI:3156721:3157086:clu_2418_NA	2.5	1.76991150442478	1.31578947368421	1.93548387096774	4.86725663716814	5.80204778156997	1.88029621226918	5.33465220936905	3.45435599709987
TGME49_chrXI:3156721:3157937:clu_2418_NA	95	94.6902654867257	94.7368421052632	96.7741935483871	79.2035398230089	72.6962457337884	95.300325285094	75.9498927783986	-19.3504325066953
TGME49_chrXI:3157244:3157937:clu_2418_NA	1.66666666666667	2.65486725663717	1.97368421052632	0	9.29203539823009	15.358361774744	1.57380453345754	12.3251985864871	10.7513940530295
TGME49_chrXI:3157247:3157937:clu_2418_NA	0.833333333333333	0.884955752212389	0.657894736842105	1.29032258064516	4.86725663716814	4.09556313993174	0.916626600758247	4.48140988854994	3.56478328779169
TGME49_chrXI:3247586:3248000:clu_2420_NA	63.3587786259542	57.8571428571429	64.1975308641975	65.0602409638554	48	60.2564102564103	62.6184233277875	54.1282051282051	-8.49021819958238
TGME49_chrXI:3248187:3248875:clu_2420_NA	35.1145038167939	40.7142857142857	32.0987654320988	31.3253012048193	45.3333333333333	32.0512820512821	34.8132140419994	38.6923076923077	3.87909365030828
TGME49_chrXI:3328888:3329640:clu_2423_NA	9.97229916897507	11.6129032258065	11.7913832199546	11.0266159695817	16.3265306122449	27.2189349112426	11.1008003960795	21.7727327617438	10.6719323656643
TGME49_chrXI:3329158:3329640:clu_2423_NA	81.994459833795	82.1505376344086	83.2199546485261	82.8897338403042	77.5510204081633	65.9763313609467	82.5636714892585	71.763675884555	-10.7999956047035
TGME49_chrXI:3478352:3478949:clu_2427_NA	92.8571428571429	93.75	81.8181818181818	82.3529411764706	50	66.6666666666667	87.6945664629488	58.3333333333333	-29.3612331296155
TGME49_chrXI:3616347:3616934:clu_2429_NA	100	100	92.8571428571429	100	60	55.5555555555556	98.2142857142857	57.7777777777778	-40.4365079365079
TGME49_chrXI:3804517:3804877:clu_2433_NA	92.1501706484642	92.3913043478261	92.2666666666667	93.2467532467532	93.5172413793103	93.4316353887399	92.5137237274275	93.4744383840251	0.960714656597602
TGME49_chrXI:3804583:3804877:clu_2433_NA	6.14334470989761	6.52173913043478	3.73333333333333	5.45454545454545	4.68965517241379	4.9597855227882	5.4632406570528	4.824720347601	-0.638520309451796
TGME49_chrXI:3910805:3911573:clu_2435_NA	99.1452991452991	98.4555984555985	98.0456026058632	99.3957703927493	99.7067448680352	99.4285714285714	98.7605676498775	99.5676581483033	0.807090498425794
TGME49_chrXI:3993657:3994777:clu_2438_NA	100	100	98.7654320987654	97.8021978021978	99.3710691823899	99.4350282485876	99.1419074752408	99.4030487154888	0.261141240247952
TGME49_chrXI:3995165:3995814:clu_2439_NA	94.9579831932773	91.3907284768212	93.75	95.2380952380952	95.4314720812183	92.436974789916	93.8342017270484	93.9342234355671	0.100021708518696
TGME49_chrXI:4099374:4100543:clu_2442_NA	75	50	80	66.6666666666667	95.4545454545455	100	67.9166666666667	97.7272727272727	29.8106060606061
TGME49_chrXI:4101026:4101620:clu_2443_NA	98.9399293286219	97.2027972027972	99.009900990099	98.4662576687116	98.6559139784946	98.8636363636364	98.4047212975574	98.7597751710655	0.355053873508041
TGME49_chrXI:4152756:4152918:clu_2445_NA	48.2558139534884	43.4146341463415	45.5445544554455	47.4885844748858	52.1739130434783	56.4564564564565	46.1758967575403	54.3151847499674	8.13928799242705
TGME49_chrXI:4153156:4153551:clu_2445_NA	51.7441860465116	54.6341463414634	52.970297029703	51.1415525114155	47.8260869565217	42.9429429429429	52.6225454822734	45.3845149497323	-7.23803053254105
TGME49_chrXI:4155842:4156220:clu_2446_NA	100	100	98.8888888888889	99.0697674418605	99.6062992125984	98.8929889298893	99.4896640826873	99.2496440712439	-0.240020011443477
TGME49_chrXI:4203289:4205418:clu_2452_NA	69.2307692307692	65.3846153846154	62.5	64.2857142857143	57.8947368421053	50	65.3502747252747	53.9473684210526	-11.4029063042221
TGME49_chrXI:4205121:4205418:clu_2452_NA	15.3846153846154	7.69230769230769	0	7.14285714285714	28.9473684210526	29.6296296296296	7.55494505494505	29.2884990253411	21.7335539703961
TGME49_chrXI:4205441:4205784:clu_2453_NA	41.6666666666667	42.9906542056075	40.1960784313725	36.3636363636364	34.4827586206897	43.1718061674009	40.3042589168208	38.8272823940453	-1.47697652277549
TGME49_chrXI:4205441:4207518:clu_2453_NA	10.7142857142857	14.018691588785	13.7254901960784	12.5	16.551724137931	11.4537444933921	12.7396168747873	14.0027343156616	1.26311744087425
TGME49_chrXI:4205901:4207518:clu_2453_NA	39.2857142857143	38.3177570093458	43.1372549019608	47.7272727272727	37.9310344827586	34.8017621145374	42.1169997310734	36.366398298648	-5.75060143242536
TGME49_chrXI:4221777:4222100:clu_2454_NA	94.7368421052632	73.3333333333333	94.4444444444444	100	100	100	90.6286549707602	100	9.37134502923976
TGME49_chrXI:4223100:4223549:clu_2456_NA	58.1395348837209	50	59.4594594594595	54.3478260869565	50	50	55.4867051075342	50	-5.48670510753423
TGME49_chrXI:4223598:4223829:clu_2456_NA	41.8604651162791	50	35.1351351351351	39.1304347826087	50	50	41.5315087585057	50	8.46849124149428
TGME49_chrXI:4224508:4224961:clu_2457_NA	75	88.4615384615385	82.3529411764706	90.9090909090909	87.5	100	84.180892636775	93.75	9.56910736322502
TGME49_chrXI:4237645:4238376:clu_2459_NA	57.8947368421053	55.6213017751479	49.3421052631579	55.7213930348259	51.5789473684211	47.787610619469	54.6448842288092	49.683278993945	-4.9616052348642
TGME49_chrXI:4297263:4297703:clu_2462_NA	97.7272727272727	97.3684210526316	94	97.9591836734694	100	100	96.7637193633434	100	3.23628063665657
TGME49_chrXI:4394894:4396091:clu_2466_NA	96.875	98.4615384615385	100	98.3870967741936	96.875	96.969696969697	98.430908808933	96.9223484848485	-1.50856032408451
TGME49_chrXI:4398998:4399687:clu_2467_NA	95.8333333333333	100	97.5	100	95	92.5925925925926	98.3333333333333	93.7962962962963	-4.53703703703704
TGME49_chrXI:4507998:4508342:clu_2470_NA	85.1851851851852	87.8787878787879	89.7435897435898	74.3589743589744	100	75	84.2916342916343	87.5	3.2083657083657
TGME49_chrXI:4573935:4574199:clu_2473_NA	100	100	99.7663551401869	100	99.1031390134529	99.290780141844	99.9415887850467	99.1969595776484	-0.74462920739829
TGME49_chrXI:4577886:4578049:clu_2475_NA	100	100	100	99.4871794871795	98.5507246376812	98.3333333333333	99.8717948717949	98.4420289855072	-1.42976588628763
TGME49_chrXI:4586731:4587068:clu_2476_NA	98.0952380952381	97.5	99.236641221374	100	98.4848484848485	100	98.707969829153	99.2424242424242	0.53445441327122
TGME49_chrXI:4611315:4611702:clu_2477_NA	46.2264150943396	47.8125	49.2248062015504	48.4732824427481	44.8844884488449	48.297213622291	47.9342509346595	46.590851035568	-1.34339989909157
TGME49_chrXI:4611767:4612800:clu_2477_NA	52.8301886792453	51.875	49.6124031007752	50.763358778626	53.7953795379538	50.7739938080495	51.2702376396616	52.2846866730017	1.01444903334005
TGME49_chrXI:4631644:4631771:clu_2478_NA	NA	NA	NA	100	76.1904761904762	94.1176470588235	100	85.1540616246499	-14.8459383753501
TGME49_chrXI:4641515:4642094:clu_2481_NA	66.6666666666667	54.5454545454545	64.7058823529412	90.9090909090909	68.4210526315789	95	69.2067736185383	81.7105263157895	12.5037526972512
TGME49_chrXI:4694738:4695156:clu_2485_NA	96.2962962962963	97.4025974025974	98.4848484848485	97.5903614457831	100	100	97.4435259073813	100	2.55647409261867
TGME49_chrXI:4738768:4739680:clu_2488_NA	72.2222222222222	78.2608695652174	80.8510638297872	78.5714285714286	58.3333333333333	63.3333333333333	77.4763960471638	60.8333333333333	-16.6430627138305
TGME49_chrXI:4777418:4778218:clu_2489_NA	95.7446808510638	88.8888888888889	100	98.2758620689655	100	100	95.7273579522296	100	4.27264204777045
TGME49_chrXI:4780497:4782202:clu_2490_NA	100	100	100	98.3870967741936	100	85.1851851851852	99.5967741935484	92.5925925925926	-7.00418160095579
TGME49_chrXI:4946196:4946480:clu_2492_NA	99.2537313432836	97.3856209150327	95.2095808383233	97.1098265895954	100	98.6301369863014	97.2396899215587	99.3150684931507	2.07537857159193
TGME49_chrXI:4974734:4975149:clu_2493_NA	99.2424242424242	97.5757575757576	98.2456140350877	100	100	98.8095238095238	98.7659489633174	99.4047619047619	0.638812941444513
TGME49_chrXI:4979562:4980193:clu_2494_NA	98.6666666666667	100	97.8494623655914	97	100	95.7446808510638	98.3790322580645	97.8723404255319	-0.506691832532596
TGME49_chrXI:4980290:4980778:clu_2495_NA	49.3449781659389	48.4496124031008	50	46.1538461538462	50.8474576271186	52.112676056338	48.4871091807214	51.4800668417283	2.99295766100688
TGME49_chrXI:4980290:4980987:clu_2495_NA	4.80349344978166	2.71317829457364	1.93548387096774	4.12087912087912	0.847457627118644	0.704225352112676	3.39325868405054	0.77584148961566	-2.61741719443488
TGME49_chrXI:4980832:4980987:clu_2495_NA	45.8515283842795	48.8372093023256	48.0645161290323	49.7252747252747	48.3050847457627	47.1830985915493	48.119632135228	47.744091668656	-0.375540466572005
TGME49_chrXI:4981053:4981607:clu_2496_NA	97.1153846153846	99.1379310344828	97.7777777777778	98.876404494382	98.3870967741936	96.875	98.2268744805068	97.6310483870968	-0.595826093410025
TGME49_chrXI:5087811:5088383:clu_2498_NA	100	97.1428571428571	96.7741935483871	92.6829268292683	80	73.0769230769231	96.6499943801281	76.5384615384615	-20.1115328416666
TGME49_chrXI:5099747:5099998:clu_2499_NA	98.3606557377049	93.9024390243902	97.752808988764	99.0196078431373	100	97.7272727272727	97.2588778984991	98.8636363636364	1.60475846513725
TGME49_chrXI:5204174:5204710:clu_2501_NA	20	21.6216216216216	35	37.1428571428571	6.66666666666667	12.5	28.4411196911197	9.58333333333333	-18.8577863577864
TGME49_chrXI:5233474:5233677:clu_2502_NA	99.8721227621483	99.6811902231669	99.6674057649667	99.8969072164948	100	99.1329479768786	99.7794064916942	99.5664739884393	-0.212932503254891
TGME49_chrXI:5334955:5335116:clu_2507_NA	100	100	100	100	76.9230769230769	76.4705882352941	100	76.6968325791855	-23.3031674208145
TGME49_chrXI:5355028:5355269:clu_2508_NA	37.6811594202899	37.1428571428571	32.7868852459016	28.7671232876712	47.7611940298507	52.8571428571429	34.09450627418	50.3091684434968	16.2146621693168
TGME49_chrXI:5718928:5719666:clu_2519_NA	92	73.3333333333333	82.3529411764706	86.3636363636364	77	80.8823529411765	83.5124777183601	78.9411764705882	-4.57130124777183
TGME49_chrXI:5718937:5719666:clu_2519_NA	8	26.6666666666667	17.6470588235294	13.6363636363636	23	19.1176470588235	16.4875222816399	21.0588235294118	4.57130124777184
TGME49_chrXI:5722423:5722933:clu_2520_NA	100	96.4285714285714	100	96.25	96.3768115942029	96.8253968253968	98.1696428571429	96.6011042097999	-1.568538647343
TGME49_chrXI:5747081:5747553:clu_2521_NA	100	100	100	100	66.6666666666667	63.6363636363636	100	65.1515151515151	-34.8484848484849
TGME49_chrXI:5845520:5845788:clu_2526_NA	0.206611570247934	0	0.661157024793388	0.298507462686567	3.20945945945946	1.6750418760469	0.291569014431972	2.44225066775318	2.15068165332121
TGME49_chrXI:5898581:5898888:clu_2529_NA	NA	NA	NA	NA	93.3333333333333	89.2307692307692	NA	91.2820512820513	NA
TGME49_chrXI:5899188:5899437:clu_2530_NA	NA	NA	NA	0	21.1764705882353	11.5044247787611	0	16.3404476834982	16.3404476834982
TGME49_chrXI:5899188:5899477:clu_2530_NA	NA	NA	NA	0	58.8235294117647	74.3362831858407	0	66.5799062988027	66.5799062988027
TGME49_chrXI:5899188:5899540:clu_2530_NA	NA	NA	NA	100	20	14.1592920353982	100	17.0796460176991	-82.9203539823009
TGME49_chrXI:5903170:5903607:clu_2531_NA	29.6296296296296	38.8888888888889	43.4782608695652	38.4615384615385	81.0344827586207	82.5581395348837	37.6145794624056	81.7963111467522	44.1817316843467
TGME49_chrXI:5960425:5960909:clu_2536_NA	91.2698412698413	86.5591397849462	87.9396984924623	87.0646766169154	83.495145631068	82.5581395348837	88.2083390410413	83.0266425829758	-5.18169645806547
TGME49_chrXI:5961492:5962126:clu_2537_NA	100	100	100	100	89.4230769230769	89.4308943089431	100	89.42698561601	-10.57301438399
TGME49_chrXI:5961925:5962126:clu_2537_NA	0	0	0	0	10.5769230769231	10.5691056910569	0	10.57301438399	10.57301438399
TGME49_chrXI:5963230:5963674:clu_2538_NA	100	100	99.5454545454545	100	98.6979166666667	97.0074812967581	99.8863636363636	97.8526989817124	-2.03366465465126
TGME49_chrXI:5963706:5964457:clu_2539_NA	98.9795918367347	99.5575221238938	99.0654205607477	98.0769230769231	99.7416020671835	98.7373737373737	98.9198643995748	99.2394879022786	0.319623502703791
TGME49_chrXI:5967354:5968072:clu_2540_NA	100	98.3193277310924	100	93.3823529411765	94.8412698412698	99.3399339933993	97.9254201680672	97.0906019173346	-0.834818250732638
TGME49_chrXI:5983823:5984182:clu_2542_NA	99.1341991341991	98.8805970149254	98.8929889298893	98.134328358209	99.3788819875776	100	98.7605283593057	99.6894409937888	0.928912634483126
TGME49_chrXI:5984759:5985957:clu_2543_NA	89.3617021276596	82.9596412556054	84.8	87.5	86.4864864864865	87.9699248120301	86.1553358458162	87.2282056492583	1.07286980344205
TGME49_chrXI:6033724:6034110:clu_2544_NA	100	91.1764705882353	96.2025316455696	95	100	91.8032786885246	95.5947505584512	95.9016393442623	0.306888785811068
TGME49_chrXI:6149178:6149653:clu_2547_NA	95.1219512195122	95.8333333333333	100	97.5	100	100	97.1138211382114	100	2.88617886178861
TGME49_chrXI:6212753:6213130:clu_2550_NA	98.2758620689655	91.6666666666667	90	90.6666666666667	93.8775510204082	98.8235294117647	92.6522988505747	96.3505402160864	3.69824136551173
TGME49_chrXI:6227645:6228419:clu_2553_NA	31.9148936170213	44.1860465116279	40.4255319148936	38.7755102040816	49.1525423728814	41.4634146341463	38.8254955619061	45.3079785035139	6.48248294160774
TGME49_chrXI:6228008:6228419:clu_2553_NA	8.51063829787234	2.32558139534884	0	4.08163265306122	23.728813559322	37.8048780487805	3.7294630865706	30.7668458040513	27.0373827174807
TGME49_chrXI:6233446:6234105:clu_2554_NA	36	20.6896551724138	10.3448275862069	10.5263157894737	32.5581395348837	16.2790697674419	19.3901996370236	24.4186046511628	5.0284050141392
TGME49_chrXI:6233567:6234105:clu_2554_NA	64	79.3103448275862	89.6551724137931	89.4736842105263	67.4418604651163	83.7209302325581	80.6098003629764	75.5813953488372	-5.0284050141392
TGME49_chrXI:6242094:6242915:clu_2555_NA	20.7792207792208	22.7272727272727	22.2222222222222	23.6111111111111	39.8148148148148	32.9787234042553	22.3349567099567	36.3967691095351	14.0618123995784
TGME49_chrXI:6243149:6243835:clu_2556_NA	40	33.3333333333333	NA	0	52.3809523809524	50	24.4444444444444	51.1904761904762	26.7460317460317
TGME49_chrXI:6243154:6243835:clu_2556_NA	60	66.6666666666667	NA	100	47.6190476190476	50	75.5555555555556	48.8095238095238	-26.7460317460317
TGME49_chrXI:6247263:6247415:clu_2559_NA	NA	NA	NA	NA	88	86.3636363636364	NA	87.1818181818182	NA
TGME49_chrXI:6403217:6403344:clu_2562_NA	98.1481481481482	99.3103448275862	99.2537313432836	99.3939393939394	94.7368421052632	100	99.0265409282393	97.3684210526316	-1.65811987560775
TGME49_chrXI:6499064:6500172:clu_2565_NA	NA	NA	NA	NA	75.7575757575758	92	NA	83.8787878787879	NA
TGME49_chrXI:6530876:6531209:clu_2566_NA	6.66666666666667	0	12.5	0	16.025641025641	13.8364779874214	4.79166666666667	14.9310595065312	10.1393928398645
TGME49_chrXI:6530876:6531890:clu_2566_NA	73.3333333333333	100	75	91.6666666666667	64.7435897435898	59.1194968553459	85	61.9315432994678	-23.0684567005322
TGME49_chrXI:6531405:6531890:clu_2566_NA	20	0	12.5	8.33333333333333	19.2307692307692	27.0440251572327	10.2083333333333	23.137397194001	12.9290638606676
TGME49_chrXI:6543359:6543596:clu_2567_NA	6.89655172413793	4.91803278688525	2.94117647058824	0	8.78661087866109	9.80392156862745	3.68894024540285	9.29526622364427	5.60632597824142
TGME49_chrXI:6543359:6544343:clu_2567_NA	93.1034482758621	93.4426229508197	97.0588235294118	100	88.7029288702929	89.0196078431373	95.9012236890234	88.8612683567151	-7.03995533230831
TGME49_chrXI:6561377:6561656:clu_2569_NA	47.7272727272727	57.7777777777778	65.8536585365854	47.6190476190476	52.3148148148148	50.6607929515419	54.7444391651709	51.4878038831783	-3.25663528199254
TGME49_chrXI:6561377:6562447:clu_2569_NA	9.09090909090909	4.44444444444444	2.4390243902439	14.2857142857143	10.6481481481481	11.8942731277533	7.56502305282793	11.2712106379507	3.7061875851228
TGME49_chrXI:6561739:6562447:clu_2569_NA	43.1818181818182	37.7777777777778	31.7073170731707	38.0952380952381	37.037037037037	37.4449339207048	37.6905377820012	37.2409854788709	-0.449552303130254
TGME49_chrXI:6601609:6602143:clu_2571_NA	97.752808988764	99.0476190476191	96.5217391304348	99.0476190476191	98.728813559322	98.6607142857143	98.0924465536092	98.6947639225182	0.602317368908928
TGME49_chrXI:6609428:6609796:clu_2572_NA	100	92.8571428571429	100	94.1176470588235	92.8571428571429	100	96.7436974789916	96.4285714285714	-0.315126050420162
TGME49_chrXII:51901:52165:clu_2575_NA	58.8235294117647	82.6086956521739	83.3333333333333	75	75	100	74.941389599318	87.5	12.558610400682
TGME49_chrXII:52373:52997:clu_2576_NA	58.3333333333333	68.75	85.7142857142857	55.5555555555556	25	16.6666666666667	67.0882936507936	20.8333333333333	-46.2549603174603
TGME49_chrXII:54056:54630:clu_2577_NA	95.2380952380952	85.1063829787234	97.5609756097561	96.875	100	88.8888888888889	93.6951134566437	94.4444444444444	0.749330987800761
TGME49_chrXII:56365:56850:clu_2578_NA	96	97.5609756097561	97.0588235294118	94.2857142857143	100	92.8571428571429	96.2263783562205	96.4285714285714	0.202193072350894
TGME49_chrXII:61280:61861:clu_2580_NA	90.4761904761905	78.9473684210526	88.2352941176471	92.3076923076923	75	50	87.4916363306456	62.5	-24.9916363306456
TGME49_chrXII:134570:134914:clu_2588_NA	52.760736196319	56.8627450980392	53.7142857142857	58.1896551724138	54.8523206751055	59.5121951219512	55.3818555452644	57.1822578985283	1.80040235326391
TGME49_chrXII:139290:139715:clu_2589_NA	100	100	95.2380952380952	96.551724137931	80	100	97.9474548440066	90	-7.94745484400656
TGME49_chrXII:146637:147519:clu_2590_NA	100	100	100	100	76.9230769230769	72.7272727272727	100	74.8251748251748	-25.1748251748252
TGME49_chrXII:149242:149364:clu_2591_NA	52.3364485981308	50.8670520231214	55.1724137931034	51.3966480446927	56	50.7246376811594	52.4431406147621	53.3623188405797	0.919178225817618
TGME49_chrXII:149399:149811:clu_2591_NA	46.7289719626168	46.8208092485549	44.1379310344828	46.927374301676	42	44.9275362318841	46.1537716368326	43.463768115942	-2.69000352089058
TGME49_chrXII:153968:154357:clu_2592_NA	54.4715447154472	46.25	51.8072289156626	42.3280423280423	43.3333333333333	47.9591836734694	48.714203989788	45.6462585034014	-3.06794548638668
TGME49_chrXII:154615:154815:clu_2592_NA	45.5284552845528	50.625	46.3855421686747	55.5555555555556	54.4444444444444	46.9387755102041	49.5236382521958	50.6916099773243	1.16797172512849
TGME49_chrXII:155674:155973:clu_2593_NA	100	100	96.2962962962963	94.8051948051948	100	96	97.7753727753728	98	0.224627224627227
TGME49_chrXII:164227:165802:clu_2594_NA	100	99.7622820919176	99.92	100	99.8509687034277	99.8520710059172	99.9205705229794	99.8515198546724	-0.0690506683069572
TGME49_chrXII:240068:241618:clu_2597_NA	94.3181818181818	79.0322580645161	84.2105263157895	79	99.5169082125604	97.9674796747967	84.1402415496219	98.7421939436786	14.6019523940567
TGME49_chrXII:241662:241927:clu_2598_NA	0	1.01522842639594	0	0.826446280991736	7.01298701298701	6.81265206812652	0.460418676846919	6.91281954055677	6.45240086370985
TGME49_chrXII:241662:242131:clu_2598_NA	12.7388535031847	9.64467005076142	18.0616740088106	20.2479338842975	3.11688311688312	2.91970802919708	15.1732828617636	3.0182955730401	-12.1549872887235
TGME49_chrXII:241662:243748:clu_2598_NA	2.54777070063694	0	0	0	3.11688311688312	4.37956204379562	0.636942675159236	3.74822258033937	3.11127990518013
TGME49_chrXII:245772:246633:clu_2598_NA	3.18471337579618	1.52284263959391	2.6431718061674	4.13223140495868	9.87012987012987	10.9489051094891	2.87073980662904	10.4095174898095	7.53877768318042
TGME49_chrXII:246175:246633:clu_2598_NA	76.4331210191083	82.2335025380711	77.5330396475771	69.8347107438017	65.1948051948052	65.6934306569343	76.5085934871395	65.4441179258698	-11.0644755612698
TGME49_chrXII:246743:248174:clu_2600_NA	79.0123456790123	76.5432098765432	69.7916666666667	83.695652173913	97.4358974358974	100	77.2607185990338	98.7179487179487	21.4572301189149
TGME49_chrXII:247654:248174:clu_2600_NA	20.9876543209877	23.4567901234568	30.2083333333333	16.304347826087	2.56410256410256	0	22.7392814009662	1.28205128205128	-21.4572301189149
TGME49_chrXII:257111:257576:clu_2602_NA	47.8134110787172	47.7024070021882	46.2167689161554	45.2054794520548	37.8181818181818	39.6825396825397	46.7345166122789	38.7503607503608	-7.98415586191815
TGME49_chrXII:257624:259253:clu_2602_NA	15.7434402332362	14.8796498905908	14.3149284253579	14.4814090019569	11.6363636363636	18.6507936507937	14.8548568877854	15.1435786435786	0.288721755793199
TGME49_chrXII:257635:259253:clu_2602_NA	25.6559766763848	24.72647702407	25.1533742331288	27.0058708414873	27.6363636363636	18.6507936507937	25.6354246937677	23.1435786435786	-2.4918460501891
TGME49_chrXII:300559:301223:clu_2607_NA	96.9924812030075	100	100	100	99.5260663507109	100	99.2481203007519	99.7630331753554	0.514912874603567
TGME49_chrXII:301377:301408:clu_2608_NA	95	98.3050847457627	95.9183673469388	96.4285714285714	100	95.5882352941177	96.4130058803182	97.7941176470588	1.3811117667406
TGME49_chrXII:307580:309078:clu_2609_NA	70.2020202020202	68.6346863468635	74.7126436781609	69.6531791907514	62.9032258064516	57.5342465753425	70.800632354449	60.218736190897	-10.581896163552
TGME49_chrXII:351125:351429:clu_2612_NA	53.1273549359457	51.9650655021834	50.7978723404255	49.5373226403455	52.2250639386189	52.7196652719665	51.356903854725	52.4723646052927	1.11546075056769
TGME49_chrXII:351740:352273:clu_2612_NA	45.9683496608892	46.9744229569557	47.8723404255319	48.673658235657	46.5984654731458	46.3912133891213	47.3721928197585	46.4948394311336	-0.877353388624904
TGME49_chrXII:352527:353004:clu_2613_NA	99.0458015267176	99.7113997113997	99.8475609756098	99.8603351955307	99.5973154362416	99.6108949416342	99.6162743523144	99.6041051889379	-0.0121691633765124
TGME49_chrXII:354728:355271:clu_2614_NA	32.6923076923077	32.1739130434783	23.6486486486486	35.3982300884956	31.2138728323699	36.2204724409449	30.9782748682325	33.7171726366574	2.73889776842487
TGME49_chrXII:355319:356177:clu_2614_NA	56.7307692307692	60	60.1351351351351	53.9823008849557	60.6936416184971	62.2047244094488	57.712051312715	61.449183013973	3.73713170125794
TGME49_chrXII:356289:356925:clu_2615_NA	92.9411764705882	90.9774436090226	90.4458598726115	96.7391304347826	95.8620689655172	97.972972972973	92.7759025967512	96.9175209692451	4.14161837249388
TGME49_chrXII:359034:359211:clu_2616_NA	95	98.7096774193548	96.5986394557823	95.0819672131148	96.8152866242038	96.045197740113	96.347571022063	96.4302421821584	0.082671160095444
TGME49_chrXII:425936:426681:clu_2620_NA	41.1764705882353	36.9230769230769	40	37.5	34.5454545454545	19.047619047619	38.8998868778281	26.7965367965368	-12.1033500812913
TGME49_chrXII:436132:436637:clu_2621_NA	90.3361344537815	87.8136200716846	87.1698113207547	88.3161512027491	87.1657754010695	75.7396449704142	88.4089292622425	81.4527101857419	-6.95621907650062
TGME49_chrXII:589381:590015:clu_2629_NA	91.9191919191919	89.4736842105263	90.3846153846154	94.7826086956522	73.3333333333333	85.8695652173913	91.6400250524964	79.6014492753623	-12.0385757771341
TGME49_chrXII:594793:595177:clu_2630_NA	99.492385786802	97.8181818181818	98.8805970149254	99.2248062015504	98.8505747126437	96.6911764705882	98.8539927053649	97.7708755916159	-1.08311711374895
TGME49_chrXII:601451:601748:clu_2631_NA	69.2982456140351	69.1891891891892	72.636815920398	71.0526315789474	76.036866359447	74.7933884297521	70.5442205756424	75.4151273945995	4.87090681895711
TGME49_chrXII:675229:675593:clu_2633_NA	100	NA	NA	NA	90.9090909090909	66.6666666666667	100	78.7878787878788	-21.2121212121212
TGME49_chrXII:686383:686524:clu_2636_NA	76.6990291262136	78.0701754385965	85.2941176470588	79.8245614035088	84.1059602649007	80.2547770700637	79.9719709038444	82.1803686674822	2.20839776363776
TGME49_chrXII:725115:725584:clu_2637_NA	50	14.2857142857143	55.5555555555556	66.6666666666667	57.1428571428571	34.4827586206897	46.6269841269841	45.8128078817734	-0.814176245210732
TGME49_chrXII:770437:770705:clu_2641_NA	100	87.5	100	66.6666666666667	92.3076923076923	88.2352941176471	88.5416666666667	90.2714932126697	1.72982654600303
TGME49_chrXII:779989:780415:clu_2642_NA	100	81.8181818181818	83.3333333333333	66.6666666666667	71.4285714285714	100	82.9545454545455	85.7142857142857	2.75974025974027
TGME49_chrXII:1087666:1088027:clu_2652_NA	42.9530201342282	48.1675392670157	47.3053892215569	47.1337579617834	41.5841584158416	44.6280991735537	46.3899266461461	43.1061287946977	-3.2837978514484
TGME49_chrXII:1092036:1092378:clu_2653_NA	45.8333333333333	52.6315789473684	48.936170212766	51.3513513513513	27.2727272727273	25	49.6881084612048	26.1363636363636	-23.5517448248411
TGME49_chrXII:1117432:1118177:clu_2654_NA	100	93.8775510204082	100	98.3870967741936	85.7142857142857	91.6666666666667	98.0661619486504	88.6904761904762	-9.37568575817426
TGME49_chrXII:1279303:1279650:clu_2658_NA	0.212765957446809	0.35650623885918	0.19047619047619	0.290275761973875	4.20841683366733	5.08130081300813	0.262506037189014	4.64485882333773	4.38235278614872
TGME49_chrXII:1344462:1345379:clu_2666_NA	84.2105263157895	100	82.6086956521739	78.5714285714286	89.3617021276596	82.9268292682927	86.347662634848	86.1442656979761	-0.203396936871854
TGME49_chrXII:1530326:1531277:clu_2668_NA	99.1935483870968	99.4865211810013	99.8704663212435	99.5288574793875	99.6644295302013	99.8659517426273	99.5198483421823	99.7651906364143	0.24534229423206
TGME49_chrXII:1852982:1853470:clu_2681_NA	43.5897435897436	45.4308093994778	46.5473145780051	45.2954048140044	44.3983402489627	48.951048951049	45.2158180953077	46.6746946000058	1.45887650469808
TGME49_chrXII:1853570:1854192:clu_2681_NA	56.4102564102564	54.5691906005222	52.9411764705882	53.8293216630197	54.7717842323651	50	54.4374862860966	52.3858921161826	-2.05159416991405
TGME49_chrXII:1878702:1878872:clu_2682_NA	56.4885496183206	57.1428571428571	60.5839416058394	54.5945945945946	44.4444444444444	59.0361445783133	57.2024857404029	51.7402945113788	-5.46219122902409
TGME49_chrXII:1878997:1879337:clu_2682_NA	41.9847328244275	42.2360248447205	37.956204379562	43.7837837837838	53.968253968254	39.7590361445783	41.4901864581235	46.8636450564161	5.37345859829269
TGME49_chrXII:1880757:1881179:clu_2683_NA	91.2280701754386	88.7640449438202	96.969696969697	92.2330097087379	95.1219512195122	92.1052631578947	92.2987054494234	93.6136071887035	1.31490173928006
TGME49_chrXII:1881246:1881546:clu_2684_NA	44.1379310344828	40.4	39.5348837209302	40.2985074626866	45.5696202531646	42.2535211267606	41.0928305545249	43.9115706899626	2.81874013543766
TGME49_chrXII:1881593:1881682:clu_2684_NA	9.6551724137931	16.4	12.7906976744186	15.6716417910448	8.86075949367089	4.22535211267606	13.6293779698141	6.54305580317347	-7.08632216664065
TGME49_chrXII:1881593:1882452:clu_2684_NA	34.4827586206897	24.8	31.9767441860465	26.865671641791	30.379746835443	38.0281690140845	29.5312936121318	34.2039579247638	4.67266431263197
TGME49_chrXII:1881702:1882452:clu_2684_NA	11.0344827586207	16.8	14.5348837209302	16.7910447761194	13.9240506329114	11.2676056338028	14.7901028139176	12.5958281333571	-2.19427468056048
TGME49_chrXII:1885153:1885668:clu_2685_NA	2.17687074829932	1.87224669603524	1.41342756183746	1.56709108716944	4.73684210526316	4.61741424802111	1.75740902333536	4.67712817664213	2.91971915330677
TGME49_chrXII:1886219:1886491:clu_2686_NA	27.5392670157068	28.4023668639053	28.2383419689119	25.7985257985258	22.2	25.6435643564356	27.4946254117625	23.9217821782178	-3.57284323354464
TGME49_chrXII:1892165:1892390:clu_2688_NA	52.1739130434783	52.6690391459075	53.0821917808219	50.8426966292135	54.0697674418605	53.0201342281879	52.1919601498553	53.5449508350242	1.35299068516892
TGME49_chrXII:1892446:1892567:clu_2688_NA	47.8260869565217	46.9750889679715	46.9178082191781	49.1573033707865	45.9302325581395	44.2953020134228	47.7190718786145	45.1127672857812	-2.6063045928333
TGME49_chrXII:1897496:1898358:clu_2690_NA	95.9349593495935	99.3288590604027	98.1927710843374	98.9010989010989	98.9795918367347	97.5	98.0894220988581	98.2397959183673	0.150373819509241
TGME49_chrXII:1922019:1923318:clu_2694_NA	90.9090909090909	100	93.75	93.3333333333333	94.1176470588235	64.7058823529412	94.4981060606061	79.4117647058823	-15.0863413547237
TGME49_chrXII:1938607:1939821:clu_2695_NA	96.875	86.5979381443299	100	95.4545454545455	100	90.2439024390244	94.7318708997188	95.1219512195122	0.390080319793356
TGME49_chrXII:1999139:1999990:clu_2697_NA	100	99.1666666666667	98.5611510791367	98.6666666666667	100	99.1266375545851	99.0986211031175	99.5633187772926	0.464697674175071
TGME49_chrXII:2001913:2002776:clu_2698_NA	99.0196078431373	99.3006993006993	100	99.3589743589744	98.7138263665595	100	99.4198203757027	99.3569131832797	-0.0629071924229834
TGME49_chrXII:2088206:2088953:clu_2706_NA	100	100	100	100	97.2789115646258	97.6608187134503	100	97.4698651390381	-2.53013486096194
TGME49_chrXII:2096123:2096508:clu_2708_NA	25	29.6296296296296	21.2121212121212	31.8181818181818	58.3333333333333	38.8888888888889	26.9149831649832	48.6111111111111	21.696127946128
TGME49_chrXII:2151075:2151579:clu_2710_NA	94.5945945945946	94.8571428571429	93.9024390243902	92.964824120603	96.3855421686747	97.7678571428571	94.0797501491827	97.0766996557659	2.99694950658325
TGME49_chrXII:2247209:2247554:clu_2715_NA	96.25	96.4285714285714	96.1165048543689	96.6101694915254	88.8235294117647	93.8271604938272	96.3513114436165	91.3253449527959	-5.02596649082054
TGME49_chrXII:2285113:2286140:clu_2717_NA	43.8495425279566	42.8680203045685	43.7282695907997	44.1719281204468	42.91319274154	43.5091038070466	43.6544401359429	43.2111482742933	-0.443291861649634
TGME49_chrXII:2286263:2287789:clu_2717_NA	55.9471365638767	56.9796954314721	56.1380048141214	55.7309373482273	56.8906326630701	56.3963111846772	56.1989435394244	56.6434719238737	0.444528384449313
TGME49_chrXII:2289662:2290493:clu_2718_NA	95.8333333333333	96.5909090909091	91.025641025641	97	99.0654205607477	97.6	95.1124708624709	98.3327102803738	3.22023941790296
TGME49_chrXII:2329607:2330016:clu_2719_NA	45.6140350877193	61.9047619047619	43.6974789915966	53.8461538461538	42.2535211267606	47.945205479452	51.2656074575579	45.0993633031063	-6.16624415445162
TGME49_chrXII:2442604:2442908:clu_2723_NA	98.8095238095238	96.5909090909091	100	97.029702970297	92.156862745098	88.4615384615385	98.1075339676825	90.3092006033182	-7.79833336436424
TGME49_chrXII:2523788:2524345:clu_2726_NA	23.8095238095238	20	40	31.25	69.2307692307692	52.6315789473684	28.764880952381	60.9311740890688	32.1662931366879
TGME49_chrXII:2800386:2800561:clu_2739_NA	32.8571428571429	36.1111111111111	32.183908045977	20.3703703703704	53.8461538461538	43.6170212765958	30.3806330961503	48.7315875613748	18.3509544652245
TGME49_chrXII:2800386:2801060:clu_2739_NA	47.1428571428571	47.2222222222222	48.2758620689655	59.2592592592593	5.49450549450549	3.19148936170213	50.475050173326	4.34299742810381	-46.1320527452222
TGME49_chrXII:2800692:2801060:clu_2739_NA	20	16.6666666666667	19.5402298850575	20.3703703703704	40.6593406593407	53.1914893617021	19.1443167305236	46.9254150105214	27.7810982799978
TGME49_chrXII:2989472:2989852:clu_2741_NA	4.76190476190476	11.7647058823529	5.26315789473684	0.980392156862745	13.1313131313131	13.75	5.69254017396432	13.4406565656566	7.74811639169225
TGME49_chrXII:3003256:3003561:clu_2742_NA	94.2857142857143	97.0588235294118	100	95.2380952380952	100	100	96.6456582633053	100	3.35434173669468
TGME49_chrXII:3003792:3004537:clu_2743_NA	51.6483516483517	50.4854368932039	48.9795918367347	53.7931034482759	61.1111111111111	45.7627118644068	51.2266209566415	53.4369114877589	2.21029053111742
TGME49_chrXII:3004598:3005011:clu_2743_NA	48.3516483516484	46.6019417475728	47.9591836734694	45.5172413793103	38.8888888888889	54.2372881355932	47.1075037880002	46.5630885122411	-0.544415275759171
TGME49_chrXII:3148995:3149317:clu_2745_NA	60.1626016260163	53.0201342281879	53.3333333333333	55.625	58.8235294117647	57.3529411764706	55.5352672968844	58.0882352941177	2.55296799723327
TGME49_chrXII:3149352:3149882:clu_2745_NA	38.2113821138211	45.6375838926174	46.6666666666667	41.25	41.1764705882353	39.7058823529412	42.9414081682763	40.4411764705882	-2.50023169768808
TGME49_chrXII:3177731:3178105:clu_2746_NA	98.8986784140969	98.1697171381032	99.0196078431373	98.5413290113452	99.1666666666667	98.5668789808917	98.6573331016706	98.8667728237792	0.209439722108556
TGME49_chrXII:3181563:3182593:clu_2748_NA	99.1596638655462	96.8152866242038	100	100	97.5	98.4536082474227	98.9937376224375	97.9768041237113	-1.01693349872616
TGME49_chrXII:3183515:3183790:clu_2749_NA	98.0519480519481	100	98.7577639751553	100	100	99.1266375545851	99.2024280067758	99.5633187772926	0.360890770516747
TGME49_chrXII:3336748:3337146:clu_2753_NA	NA	NA	NA	NA	73.6842105263158	100	NA	86.8421052631579	NA
TGME49_chrXII:3337290:3337701:clu_2754_NA	NA	NA	NA	0	80	85.3658536585366	0	82.6829268292683	82.6829268292683
TGME49_chrXII:3337856:3338160:clu_2755_NA	NA	NA	0	0	30	34.6534653465347	0	32.3267326732673	32.3267326732673
TGME49_chrXII:3337856:3338936:clu_2755_NA	NA	NA	100	0	24.2857142857143	13.8613861386139	50	19.0735502121641	-30.9264497878359
TGME49_chrXII:3338220:3338558:clu_2755_NA	NA	NA	0	0	15.7142857142857	28.7128712871287	0	22.2135785007072	22.2135785007072
TGME49_chrXII:3338627:3338936:clu_2755_NA	NA	NA	0	0	20	14.8514851485149	0	17.4257425742574	17.4257425742574
TGME49_chrXII:3343553:3344208:clu_2756_NA	66.6666666666667	57.1428571428571	0	75	68.75	75	49.7023809523809	71.875	22.1726190476191
TGME49_chrXII:3343553:3344211:clu_2756_NA	0	42.8571428571429	50	25	26.5625	17.5	29.4642857142857	22.03125	-7.43303571428572
TGME49_chrXII:3349397:3349958:clu_2757_NA	95.5555555555556	86.3636363636364	98.3870967741936	94	94.7368421052632	90.7142857142857	93.5765721733464	92.7255639097744	-0.851008263571941
TGME49_chrXII:3441520:3441998:clu_2759_NA	94.1176470588235	84.7222222222222	93.75	95.6521739130435	95.6521739130435	91.6666666666667	92.0605107985223	93.6594202898551	1.59890949133276
TGME49_chrXII:3564558:3564914:clu_2761_NA	47.0238095238095	45.4081632653061	44.8780487804878	50.4504504504504	52.3255813953488	47.1544715447154	46.9401180050135	49.7400264700321	2.79990846501867
TGME49_chrXII:3564982:3565218:clu_2761_NA	52.3809523809524	53.5714285714286	55.1219512195122	49.0990990990991	47.6744186046512	50.4065040650407	52.5433578177481	49.0404613348459	-3.50289648290215
TGME49_chrXII:3574281:3575238:clu_2762_NA	95.9183673469388	100	100	98.7012987012987	90.2439024390244	96.7741935483871	98.6549165120594	93.5090479937057	-5.14586851835362
TGME49_chrXII:3620548:3621096:clu_2764_NA	100	97.752808988764	95.8904109589041	97.9381443298969	86.2068965517241	96.875	97.8953410693913	91.5409482758621	-6.3543927935292
TGME49_chrXII:3675563:3676085:clu_2765_NA	96.875	98.3050847457627	97.9591836734694	97.7272727272727	98.3606557377049	100	97.7166352866262	99.1803278688525	1.46369258222626
TGME49_chrXII:3678875:3679469:clu_2766_NA	100	100	100	96.6666666666667	100	63.6363636363636	99.1666666666667	81.8181818181818	-17.3484848484849
TGME49_chrXII:3734052:3734677:clu_2769_NA	84.6153846153846	82.6086956521739	66.6666666666667	75.8620689655172	90.9090909090909	100	77.4382039749356	95.4545454545455	18.0163414796098
TGME49_chrXII:3762933:3763724:clu_2770_NA	48.1481481481481	38	42.3611111111111	46.09375	49.1379310344828	50.5747126436782	43.6507523148148	49.8563218390805	6.20556952426566
TGME49_chrXII:3827426:3827778:clu_2772_NA	46.692607003891	44.5	45.518453427065	47.6043276661515	49.702380952381	48.1144343302991	46.0788470242769	48.90840764134	2.82956061706314
TGME49_chrXII:3827848:3827967:clu_2772_NA	52.7237354085603	53.8333333333333	53.6028119507909	51.7774343122102	50	51.7555266579974	52.9843287512237	50.8777633289987	-2.10656542222498
TGME49_chrXII:3828091:3828181:clu_2773_NA	100	99.6969696969697	100	98.813056379822	99.6894409937888	99.21875	99.6275065191979	99.4540954968944	-0.173411022303497
TGME49_chrXII:3833904:3834104:clu_2776_NA	96.551724137931	100	97.9166666666667	98.9473684210526	93.4782608695652	100	98.3539398064126	96.7391304347826	-1.61480937162997
TGME49_chrXII:3855581:3855850:clu_2779_NA	100	98.7096774193548	99.3975903614458	99.3975903614458	100	98.4615384615385	99.3762145355616	99.2307692307692	-0.145445304792375
TGME49_chrXII:3855930:3856066:clu_2780_NA	47.0899470899471	45.2991452991453	43.8931297709924	43.6734693877551	44.2477876106195	32	44.98892288696	38.1238938053097	-6.86502908165023
TGME49_chrXII:3856134:3856366:clu_2780_NA	47.0899470899471	48.2905982905983	48.0916030534351	52.6530612244898	48.6725663716814	45	49.0313024146176	46.8362831858407	-2.19501922877686
TGME49_chrXII:3856397:3856614:clu_2781_NA	33.8129496402878	32.3759791122715	35.4838709677419	32.1782178217822	28.4023668639053	21.5384615384615	33.4627543855209	24.9704142011834	-8.49234018433742
TGME49_chrXII:3856397:3856829:clu_2781_NA	0	1.0443864229765	0.496277915632754	0.495049504950495	10.6508875739645	13.3333333333333	0.508928460889938	11.9921104536489	11.483181992759
TGME49_chrXII:3856710:3856829:clu_2781_NA	30.2158273381295	29.242819843342	30.272952853598	28.960396039604	26.0355029585799	23.5897435897436	29.6729990186684	24.8126232741617	-4.86037574450664
TGME49_chrXII:3856710:3857155:clu_2781_NA	3.23741007194245	2.088772845953	2.48138957816377	3.96039603960396	0	0	2.9419921339158	0	-2.9419921339158
TGME49_chrXII:3856930:3857155:clu_2781_NA	32.7338129496403	34.2036553524804	30.7692307692308	34.1584158415842	34.3195266272189	41.025641025641	32.9662787282339	37.67258382643	4.70630509819607
TGME49_chrXII:3857376:3857747:clu_2782_NA	42.1052631578947	27.7777777777778	38.4615384615385	15.3846153846154	56.25	72.7272727272727	30.9322986954566	64.4886363636364	33.5563376681798
TGME49_chrXII:3863456:3864152:clu_2784_NA	100	96.1538461538462	98.2142857142857	100	100	96.5909090909091	98.592032967033	98.2954545454545	-0.296578421578417
TGME49_chrXII:3872144:3872687:clu_2785_NA	43.0278884462151	48.1099656357388	41.4728682170543	48.6607142857143	42.2459893048128	41.1111111111111	45.3178591461806	41.678550207962	-3.63930893821865
TGME49_chrXII:4037517:4037851:clu_2789_NA	100	99	100	97.3451327433628	100	98.5074626865672	99.0862831858407	99.2537313432836	0.167448157442891
TGME49_chrXII:4055913:4057041:clu_2793_NA	100	100	100	100	75	75	100	75	-25
TGME49_chrXII:4074192:4074533:clu_2796_NA	96.875	99.1228070175439	99.1150442477876	100	98.5294117647059	95.2380952380952	98.7782128163329	96.8837535014005	-1.89445931493232
TGME49_chrXII:4099727:4100748:clu_2797_NA	99.8831775700935	99.8176845943482	100	99.6587030716723	99.2118226600985	99.7323818019625	99.8398913090285	99.4721022310305	-0.367789077997969
TGME49_chrXII:4184725:4186636:clu_2801_NA	73.5294117647059	83.3333333333333	84.2105263157895	82.8282828282828	49.3827160493827	39.1891891891892	80.9753885605279	44.285952619286	-36.6894359412419
TGME49_chrXII:4186240:4186636:clu_2801_NA	4.41176470588235	2.22222222222222	4.3859649122807	1.01010101010101	18.5185185185185	25.6756756756757	3.00751321262157	22.0970970970971	19.0895838844755
TGME49_chrXII:4240395:4241309:clu_2803_NA	5.85106382978723	4.18410041841004	10.2222222222222	4.296875	1.25	2.47524752475248	6.13856536760487	1.86262376237624	-4.27594160522864
TGME49_chrXII:4240395:4241857:clu_2803_NA	0.531914893617021	4.60251046025105	3.11111111111111	5.46875	1.25	0.99009900990099	3.42857161624479	1.1200495049505	-2.3085221112943
TGME49_chrXII:4272955:4273742:clu_2804_NA	100	97.1428571428571	92.8571428571429	96.7741935483871	100	100	96.6935483870968	100	3.30645161290323
TGME49_chrXII:4364120:4364521:clu_2806_NA	99.6376811594203	100	100	99.4778067885117	98.9473684210526	98.7394957983193	99.778871986983	98.843432109686	-0.935439877297028
TGME49_chrXII:4393168:4394033:clu_2809_NA	98.5333333333333	98.9433237271854	98.2161594963274	98.1754995655951	98.3592400690846	98.3235540653814	98.4670790306103	98.341397067233	-0.125681963377303
TGME49_chrXII:4439474:4439991:clu_2812_NA	0.423131170662906	0.575373993095512	0.565770862800566	0.950369588173178	2.46020260492041	2.31124807395994	0.62866140368304	2.38572533944017	1.75706393575713
TGME49_chrXII:4537560:4537905:clu_2813_NA	70	67.741935483871	56.3636363636364	54.8387096774194	46.1538461538462	47.0588235294118	62.2360703812317	46.606334841629	-15.6297355396027
TGME49_chrXII:4589714:4590187:clu_2814_NA	90	86.1386138613861	88.1188118811881	93.2038834951456	98.0952380952381	86.1788617886179	89.36532730943	92.137049941928	2.77172263249801
TGME49_chrXII:4649561:4649910:clu_2815_NA	32.0512820512821	40.4624277456647	34.7222222222222	41.304347826087	35.0649350649351	36.2745098039216	37.135069961314	35.6697224344283	-1.46534752688567
TGME49_chrXII:4649936:4650948:clu_2815_NA	25.6410256410256	25.4335260115607	30.5555555555556	26.5217391304348	27.2727272727273	23.5294117647059	27.0379615846442	25.4010695187166	-1.63689206592759
TGME49_chrXII:4650700:4650948:clu_2815_NA	41.6666666666667	32.3699421965318	34.0277777777778	31.304347826087	35.0649350649351	40.1960784313725	34.8421836167658	37.6305067481538	2.788323131388
TGME49_chrXII:4653307:4653531:clu_2816_NA	47.0588235294118	50.2793296089386	50.5263157894737	50.4464285714286	48.8636363636364	48.5981308411215	49.5777243748131	48.7308836023789	-0.846840772434213
TGME49_chrXII:4653566:4654026:clu_2816_NA	49.0196078431373	48.6033519553073	47.8947368421053	49.1071428571429	51.1363636363636	51.4018691588785	48.6562098744232	51.2691163976211	2.61290652319791
TGME49_chrXII:4722799:4723681:clu_2819_NA	58.5014409221902	64.0394088669951	60.2631578947368	57.6271186440678	58.0152671755725	58.1939799331104	60.1077815819975	58.1046235543414	-2.00315802765603
TGME49_chrXII:4758497:4759130:clu_2822_NA	100	100	100	100	99.5907230559345	99.3872549019608	100	99.4889889789476	-0.511011021052354
TGME49_chrXII:4810896:4811459:clu_2828_NA	100	62.5	44.4444444444444	62.5	60.9756097560976	64.4444444444444	67.3611111111111	62.710027100271	-4.65108401084011
TGME49_chrXII:4810896:4811576:clu_2828_NA	0	37.5	55.5555555555556	37.5	39.0243902439024	35.5555555555556	32.6388888888889	37.289972899729	4.65108401084011
TGME49_chrXII:4814354:4814826:clu_2829_NA	42.4242424242424	48.936170212766	44.7368421052632	56.25	45.0980392156863	42.5	48.0868136855679	43.7990196078431	-4.28779407772475
TGME49_chrXII:4816117:4817022:clu_2829_NA	48.4848484848485	44.6808510638298	50	39.5833333333333	38.2352941176471	48.75	45.6872582205029	43.4926470588235	-2.19461116167937
TGME49_chrXII:4915794:4916507:clu_2831_NA	96.078431372549	93.4426229508197	96.4285714285714	100	85	100	96.487406437985	92.5	-3.98740643798503
TGME49_chrXII:4916611:4916995:clu_2832_NA	91.3793103448276	82.089552238806	74.468085106383	88.8888888888889	96.1538461538462	94.4444444444444	84.2064591447264	95.2991452991453	11.0926861544189
TGME49_chrXII:4948275:4948658:clu_2834_NA	45.2107279693487	46.1059190031153	42.9042904290429	44.5482866043614	41.1764705882353	39.3129770992366	44.692306001467	40.244723843736	-4.44758215773108
TGME49_chrXII:5027296:5027867:clu_2836_NA	97.0588235294118	90.9090909090909	96	86.9565217391304	98.9071038251366	97.3544973544974	92.7311090444083	98.130800589817	5.39969154540871
TGME49_chrXII:5032159:5033083:clu_2839_NA	28.0898876404494	30.8823529411765	25.1851851851852	27	31.0160427807487	31.6129032258064	27.7893564417028	31.3144730032776	3.52511656157478
TGME49_chrXII:5032159:5033139:clu_2839_NA	37.0786516853933	39.7058823529412	46.6666666666667	46	51.8716577540107	47.741935483871	42.3628001762503	49.8067966189408	7.44399644269055
TGME49_chrXII:5060833:5061602:clu_2842_NA	94.2307692307692	93.75	96.7213114754098	89.6551724137931	80.3921568627451	90.9090909090909	93.589313279993	85.650623885918	-7.93868939407503
TGME49_chrXII:5103656:5104550:clu_2849_NA	93.3333333333333	93.75	100	94.1176470588235	100	50	95.3002450980392	75	-20.3002450980392
TGME49_chrXII:5149085:5149373:clu_2853_NA	90.9090909090909	80	73.3333333333333	53.8461538461538	0	0	74.5221445221445	0	-74.5221445221445
TGME49_chrXII:5239839:5240808:clu_2854_NA	100	100	100	100	99.8502994011976	99.4261119081779	100	99.6382056546878	-0.361794345312248
TGME49_chrXII:5306966:5308413:clu_2856_NA	59.0909090909091	50	52.2727272727273	47.6190476190476	45	21.0526315789474	52.245670995671	33.0263157894737	-19.2193552061973
TGME49_chrXII:5350415:5350844:clu_2863_NA	88.8888888888889	100	96.1538461538462	96.969696969697	92.3076923076923	93.8775510204082	95.503108003108	93.0926216640502	-2.41048633905777
TGME49_chrXII:5352965:5353586:clu_2866_NA	90.4761904761905	88.4615384615385	100	81.8181818181818	97.0588235294118	91.6666666666667	90.1889776889777	94.3627450980392	4.17376740906153
TGME49_chrXII:5389112:5389428:clu_2868_NA	56.6037735849057	57.9365079365079	59.504132231405	55.7823129251701	55.3191489361702	57.5	57.4566816694972	56.4095744680851	-1.04710720141205
TGME49_chrXII:5389530:5389823:clu_2868_NA	37.7358490566038	34.9206349206349	33.0578512396694	38.0952380952381	40.4255319148936	37.5	35.9523933280365	38.9627659574468	3.01037262941026
TGME49_chrXII:5450918:5451526:clu_2870_NA	99.7050147492625	99.7536945812808	98.792270531401	100	99.4307400379507	100	99.5627449654861	99.7153700189753	0.15262505348926
TGME49_chrXII:5491386:5492524:clu_2872_NA	100	100	89.4736842105263	78.5714285714286	100	100	92.0112781954887	100	7.98872180451127
TGME49_chrXII:5528961:5529438:clu_2876_NA	99.7350993377484	99.6735582154516	99.7524752475248	99.8938428874735	99.8929336188437	99.7804610318331	99.7637439220495	99.8366973253384	0.0729534032888637
TGME49_chrXII:5529504:5530343:clu_2877_NA	99.6655518394649	100	99.8502994011976	99.873257287706	99.746192893401	100	99.8472771320921	99.8730964467005	0.0258193146084125
TGME49_chrXII:5672567:5673025:clu_2879_NA	99.0196078431373	98.6111111111111	97.9020979020979	99.2248062015504	54.9668874172185	97.3684210526316	98.6894057644742	76.1676542349251	-22.5217515295491
TGME49_chrXII:5755740:5756322:clu_2882_NA	28.5714285714286	37.5	66.6666666666667	15.3846153846154	36.6666666666667	50	37.0306776556776	43.3333333333333	6.30265567765568
TGME49_chrXII:5824563:5824942:clu_2884_NA	48.6842105263158	55.2083333333333	50	46.606334841629	48.5714285714286	44.3548387096774	50.1247196753195	46.463133640553	-3.66158603476652
TGME49_chrXII:5833627:5834299:clu_2885_NA	6.45161290322581	13.3333333333333	7.84313725490196	20.6896551724138	40	35.4838709677419	12.0794346659687	37.741935483871	25.6625008179022
TGME49_chrXII:5864198:5864632:clu_2889_NA	97.7777777777778	100	85.4166666666667	97.4358974358974	100	100	95.1575854700855	100	4.84241452991454
TGME49_chrXII:6036513:6037000:clu_2893_NA	100	100	100	99.4505494505495	98.9637305699482	98.9417989417989	99.8626373626374	98.9527647558736	-0.909872606763813
TGME49_chrXII:6051867:6052911:clu_2894_NA	57.5757575757576	46.2962962962963	35.8974358974359	23.5294117647059	16.6666666666667	30	40.8247253835489	23.3333333333333	-17.4913920502156
TGME49_chrXII:6053109:6053360:clu_2895_NA	30.2469135802469	33.4928229665072	27.9220779220779	32.3275862068966	43.9189189189189	43.75	30.9973501689321	43.8344594594595	12.8371092905273
TGME49_chrXII:6053109:6053815:clu_2895_NA	25.9259259259259	28.2296650717703	29.8701298701299	23.2758620689655	4.05405405405405	1.25	26.8253957341979	2.65202702702703	-24.1733687071709
TGME49_chrXII:6053480:6053815:clu_2895_NA	40.1234567901235	36.3636363636364	37.6623376623377	39.6551724137931	50.6756756756757	53.75	38.4511508074726	52.2128378378378	13.7616870303652
TGME49_chrXII:6083652:6084467:clu_2897_NA	100	100	96.875	100	88.2352941176471	76.4705882352941	99.21875	82.3529411764706	-16.8658088235294
TGME49_chrXII:6238095:6238882:clu_2899_NA	69.0476190476191	72.5490196078431	80.3921568627451	82.258064516129	96	90.625	76.0617150085841	93.3125	17.2507849914159
TGME49_chrXII:6263877:6264147:clu_2903_NA	41.025641025641	32.3529411764706	38.3720930232558	42.0454545454545	33.3333333333333	34.375	38.4490324427055	33.8541666666667	-4.59486577603883
TGME49_chrXII:6264208:6264453:clu_2903_NA	48.7179487179487	48.5294117647059	46.5116279069767	43.1818181818182	52.3809523809524	50	46.7352016428624	51.1904761904762	4.45527454761381
TGME49_chrXII:6264533:6264781:clu_2904_NA	58.9041095890411	53.2258064516129	53.3333333333333	58.4415584415584	53.3333333333333	47.3684210526316	55.9762019538864	50.3508771929825	-5.62532476090399
TGME49_chrXII:6264874:6264971:clu_2904_NA	38.3561643835616	45.1612903225806	46.6666666666667	41.5584415584416	43.3333333333333	50	42.9356407328126	46.6666666666667	3.73102593385404
TGME49_chrXII:6275465:6275666:clu_2905_NA	33.3333333333333	28.5714285714286	40	25.6410256410256	25	18.1818181818182	31.8864468864469	21.5909090909091	-10.2955377955378
TGME49_chrXII:6275465:6275756:clu_2905_NA	66.6666666666667	71.4285714285714	60	74.3589743589744	75	81.8181818181818	68.1135531135531	78.4090909090909	10.2955377955378
TGME49_chrXII:6331354:6331823:clu_2908_NA	54.2234332425068	52.093023255814	50.8438818565401	52.1645021645022	51.7374517374517	51.1586452762923	52.3312101298408	51.448048506872	-0.883161622968721
TGME49_chrXII:6331866:6332415:clu_2908_NA	45.5040871934605	47.906976744186	48.7341772151899	47.4025974025974	48.2625482625483	48.8413547237077	47.3869596388585	48.551951493128	1.1649918542695
TGME49_chrXII:6332470:6332803:clu_2909_NA	98.7096774193548	98.2222222222222	97.8632478632479	97.7477477477478	98.9051094890511	100	98.1357238131432	99.4525547445255	1.31683093138237
TGME49_chrXII:6335035:6336335:clu_2910_NA	100	97.3684210526316	100	98.9247311827957	100	100	99.0732880588568	100	0.926711941143182
TGME49_chrXII:6574587:6574810:clu_2921_NA	0.543478260869565	0.943396226415094	0.480769230769231	0.829875518672199	5.88235294117647	4.59770114942529	0.699379809181522	5.24002704530088	4.54064723611936
TGME49_chrXII:6673221:6673563:clu_2923_NA	100	NA	NA	66.6666666666667	84.6153846153846	83.3333333333333	83.3333333333333	83.974358974359	0.641025641025649
TGME49_chrXII:6674680:6675246:clu_2924_NA	100	NA	66.6666666666667	66.6666666666667	80	90.9090909090909	77.7777777777778	85.4545454545455	7.67676767676768
TGME49_chrXII:6690493:6694218:clu_2926_NA	21.8586387434555	19.1524490919097	21.2694877505568	20.9936678032148	18.2634730538922	19.0927555856466	20.8185608472842	18.6781143197694	-2.14044652751481
TGME49_chrXII:6690493:6698882:clu_2926_NA	78.1413612565445	80.8475509080903	78.7305122494432	79.0063321967852	81.7365269461078	80.9072444143534	79.1814391527158	81.3218856802306	2.1404465275148
TGME49_chrXII:6961300:6961752:clu_2934_NA	100	100	100	50	98.0392156862745	94.3661971830986	87.5	96.2027064346865	8.70270643468655
TGME49_chrXII:6959122:6960040:clu_2936_NA	100	85.7142857142857	80	90	86.6666666666667	91.304347826087	88.9285714285714	88.9855072463768	0.0569358178053818
TGME49_chrXII:7033649:7034081:clu_2942_NA	80	50	0	25	80.7692307692308	63.6363636363636	38.75	72.2027972027972	33.4527972027972
TGME49_chrXII:7037489:7039199:clu_2943_NA	50	0	66.6666666666667	63.6363636363636	91.304347826087	88.8888888888889	45.0757575757576	90.0966183574879	45.0208607817304
TGME49_chrXII:7079587:7080354:clu_2948_NA	100	100	50	100	64.1791044776119	57.6923076923077	87.5	60.9357060849598	-26.5642939150402
TGME49_chrXII:7080049:7080354:clu_2948_NA	0	0	50	0	35.8208955223881	42.3076923076923	12.5	39.0642939150402	26.5642939150402
TGME49_chrXII:7080436:7080912:clu_2949_NA	100	NA	NA	NA	91.1111111111111	96.1538461538462	100	93.6324786324786	-6.36752136752136
KE138862:3964:4365:clu_2951_NA	93.3333333333333	92	100	91.4285714285714	85.4838709677419	94.4444444444444	94.1904761904762	89.9641577060932	-4.226318484383
KE138874:303:608:clu_2952_NA	98.6111111111111	100	100	97.752808988764	98.8372093023256	99.0384615384615	99.0909800249688	98.9378354203936	-0.153144604575232
KE138874:1084:9215:clu_2953_NA	0.221729490022173	0.705882352941177	1.44329896907216	1.13421550094518	3.18725099601594	2.09923664122137	0.876281578245173	2.64324381861866	1.76696224037348
KE138874:9613:9947:clu_2953_NA	47.450110864745	53.1764705882353	44.5360824742268	48.7712665406427	49.800796812749	50.763358778626	48.4834826169625	50.2820777956875	1.79859517872503
KE138874:11257:11748:clu_2954_NA	40.6392694063927	38.4615384615385	40.4145077720207	38.5650224215247	35.7894736842105	39.4366197183099	39.5200845153691	37.6130467012602	-1.90703781410895
KE138874:3483:11748:clu_2954_NA	16.8949771689498	26.6968325791855	22.279792746114	21.52466367713	27.0175438596491	24.2957746478873	21.8490665428448	25.6566592537682	3.80759271092339
KE138874:3483:3976:clu_2954_NA	31.0502283105023	22.6244343891403	25.3886010362694	27.3542600896861	23.859649122807	28.8732394366197	26.6043809563995	26.3664442797134	-0.23793667668615
KE138874:6919:7877:clu_2955_NA	30.7692307692308	50	90	87.5	66.6666666666667	38.4615384615385	64.5673076923077	52.5641025641026	-12.0032051282051
KE138874:8077:8382:clu_2956_NA	97.2222222222222	98.3516483516484	99.5192307692308	96.2162162162162	99.1150442477876	98.7654320987654	97.8273293898294	98.9402381732765	1.11290878344714
KE139130:7605:8096:clu_2961_NA	85.7142857142857	88.2352941176471	100	80	70.5882352941177	97.3684210526316	88.4873949579832	83.9783281733746	-4.50906678460856
KE139433:1791:2620:clu_2965_NA	50	62.5	90	45.4545454545455	55.2631578947368	66.6666666666667	61.9886363636364	60.9649122807018	-1.02372408293461
KE139811:9413:9969:clu_2967_NA	62.5	100	100	88.2352941176471	66.6666666666667	70.3703703703704	87.6838235294118	68.5185185185185	-19.1653050108933
KE139819:9933:10971:clu_2973_NA	66.6666666666667	66.6666666666667	62.5	33.3333333333333	45.8333333333333	58.8235294117647	57.2916666666667	52.328431372549	-4.96323529411764
KE139819:3817:9679:clu_2974_NA	0	100	0	NA	68.4210526315789	64.7058823529412	33.3333333333333	66.5634674922601	33.2301341589267
KE139819:14589:15966:clu_2978_NA	80	100	75	57.1428571428571	86.9565217391304	78.021978021978	78.0357142857143	82.4892498805542	4.45353559483996
KE139819:9728:14902:clu_2982_NA	28.5714285714286	66.6666666666667	14.2857142857143	NA	73.0769230769231	46.5116279069767	36.5079365079365	59.7942754919499	23.2863389840134
KE139819:16033:19150:clu_2984_NA	0	NA	0	100	100	76.4705882352941	33.3333333333333	88.2352941176471	54.9019607843137
KE139826:4579:6302:clu_2988_NA	100	100	100	66.6666666666667	63.1578947368421	54.1666666666667	91.6666666666667	58.6622807017544	-33.0043859649123
KE139990:437:947:clu_2999_NA	100	99.8535871156662	99.7300944669366	99.8727735368957	100	99.8716302952503	99.8641137798746	99.9358151476252	0.0717013677505633
KE140006:530:951:clu_3000_NA	99.0196078431373	98.6725663716814	100	99.5951417004049	100	100	99.3218289788059	100	0.678171021194117
KE140801:1017:1585:clu_3003_NA	44.3243243243243	47.7611940298507	45.9558823529412	48.6068111455108	54.1044776119403	54.4303797468354	46.6620529631568	54.2674286793879	7.6053757162311
KE140801:1017:1934:clu_3003_NA	9.18918918918919	6.26865671641791	8.08823529411765	4.64396284829721	0.373134328358209	0.949367088607595	7.04751101200549	0.661250708482902	-6.38626030352259
KE140801:2257:2521:clu_3004_NA	98.3870967741936	100	100	98.780487804878	100	96.9072164948454	99.2918961447679	98.4536082474227	-0.838287897345225
KE140801:2844:3013:clu_3005_NA	100	100	100	92.1052631578947	95.3846153846154	96.6666666666667	98.0263157894737	96.025641025641	-2.00067476383266
KE141018:855:1213:clu_3008_NA	91.6666666666667	91.3857677902622	91.4419695193435	91.530612244898	93.0131004366812	93.3601609657948	91.5062540552926	93.186630701238	1.68037664594542
